brand,brand_topic_num,brand_topic_name,brand_positive,brand_neutral,brand_negative
Tokopedia,-1,"yg, indonesia, brand",0.9231703234346289,0.9381807287854533,0.910760872066021
Tokopedia,0,"brand, indonesia, yg",0.9231703234346289,0.9381807287854533,0.910760872066021
Tokopedia,1,"gak, nadanya, ngejudge",0.9231703234346289,0.9381807287854533,0.910760872066021
Tokopedia,2,"tp201, vivobook, meluncur",0.9231703234346289,0.9381807287854533,0.910760872066021
Tokopedia,3,"bekti, indra, ssefmun",0.9231703234346289,0.9381807287854533,0.910760872066021
Tokopedia,4,"goooo, umurnya, bar",0.9231703234346289,0.9381807287854533,0.910760872066021
Tokopedia,5,"sirah, live, menghadang",0.9231703234346289,0.9381807287854533,0.910760872066021
Tokopedia,6,"_______________, 洧뗴洧륋롗륋롗멇롗쀯롗, 洧떃洧륋롗뻟롗뮗롗륋롗뫯롗뫯롗뒳롗______",0.9231703234346289,0.9381807287854533,0.910760872066021
Tokopedia,7,"bernapas, dicari, dewa",0.9231703234346289,0.9381807287854533,0.910760872066021
Tokopedia,8,"evercoss, asean, berbagi",0.9231703234346289,0.9381807287854533,0.910760872066021
Shopee,-1,"yg, indonesia, brand",0.8279061019420624,0.9761331906685462,0.0
Shopee,0,"brand, indonesia, yg",0.8279061019420624,0.9761331906685462,0.0
Shopee,1,"gak, nadanya, ngejudge",0.8279061019420624,0.9761331906685462,0.0
Shopee,2,"tp201, vivobook, meluncur",0.8279061019420624,0.9761331906685462,0.0
Shopee,3,"bekti, indra, ssefmun",0.8279061019420624,0.9761331906685462,0.0
Shopee,4,"goooo, umurnya, bar",0.8279061019420624,0.9761331906685462,0.0
Shopee,5,"sirah, live, menghadang",0.8279061019420624,0.9761331906685462,0.0
Shopee,6,"_______________, 洧뗴洧륋롗륋롗멇롗쀯롗, 洧떃洧륋롗뻟롗뮗롗륋롗뫯롗뫯롗뒳롗______",0.8279061019420624,0.9761331906685462,0.0
Shopee,7,"bernapas, dicari, dewa",0.8279061019420624,0.9761331906685462,0.0
Shopee,8,"evercoss, asean, berbagi",0.8279061019420624,0.9761331906685462,0.0
Bukalapak,-1,"yg, indonesia, brand",0.9307974123954773,0.9616126702382014,0.971652626991272
Bukalapak,0,"brand, indonesia, yg",0.9307974123954773,0.9616126702382014,0.971652626991272
Bukalapak,1,"gak, nadanya, ngejudge",0.9307974123954773,0.9616126702382014,0.971652626991272
Bukalapak,2,"tp201, vivobook, meluncur",0.9307974123954773,0.9616126702382014,0.971652626991272
Bukalapak,3,"bekti, indra, ssefmun",0.9307974123954773,0.9616126702382014,0.971652626991272
Bukalapak,4,"goooo, umurnya, bar",0.9307974123954773,0.9616126702382014,0.971652626991272
Bukalapak,5,"sirah, live, menghadang",0.9307974123954773,0.9616126702382014,0.971652626991272
Bukalapak,6,"_______________, 洧뗴洧륋롗륋롗멇롗쀯롗, 洧떃洧륋롗뻟롗뮗롗륋롗뫯롗뫯롗뒳롗______",0.9307974123954773,0.9616126702382014,0.971652626991272
Bukalapak,7,"bernapas, dicari, dewa",0.9307974123954773,0.9616126702382014,0.971652626991272
Bukalapak,8,"evercoss, asean, berbagi",0.9307974123954773,0.9616126702382014,0.971652626991272
Blibli,-1,"yg, indonesia, brand",0.9109241027723659,0.9545704184380253,0.8766685277223587
Blibli,0,"brand, indonesia, yg",0.9109241027723659,0.9545704184380253,0.8766685277223587
Blibli,1,"gak, nadanya, ngejudge",0.9109241027723659,0.9545704184380253,0.8766685277223587
Blibli,2,"tp201, vivobook, meluncur",0.9109241027723659,0.9545704184380253,0.8766685277223587
Blibli,3,"bekti, indra, ssefmun",0.9109241027723659,0.9545704184380253,0.8766685277223587
Blibli,4,"goooo, umurnya, bar",0.9109241027723659,0.9545704184380253,0.8766685277223587
Blibli,5,"sirah, live, menghadang",0.9109241027723659,0.9545704184380253,0.8766685277223587
Blibli,6,"_______________, 洧뗴洧륋롗륋롗멇롗쀯롗, 洧떃洧륋롗뻟롗뮗롗륋롗뫯롗뫯롗뒳롗______",0.9109241027723659,0.9545704184380253,0.8766685277223587
Blibli,7,"bernapas, dicari, dewa",0.9109241027723659,0.9545704184380253,0.8766685277223587
Blibli,8,"evercoss, asean, berbagi",0.9109241027723659,0.9545704184380253,0.8766685277223587
Lazada,-1,"yg, indonesia, brand",0.9482355002434023,0.9102709304009166,0.9650274217128754
Lazada,0,"brand, indonesia, yg",0.9482355002434023,0.9102709304009166,0.9650274217128754
Lazada,1,"gak, nadanya, ngejudge",0.9482355002434023,0.9102709304009166,0.9650274217128754
Lazada,2,"tp201, vivobook, meluncur",0.9482355002434023,0.9102709304009166,0.9650274217128754
Lazada,3,"bekti, indra, ssefmun",0.9482355002434023,0.9102709304009166,0.9650274217128754
Lazada,4,"goooo, umurnya, bar",0.9482355002434023,0.9102709304009166,0.9650274217128754
Lazada,5,"sirah, live, menghadang",0.9482355002434023,0.9102709304009166,0.9650274217128754
Lazada,6,"_______________, 洧뗴洧륋롗륋롗멇롗쀯롗, 洧떃洧륋롗뻟롗뮗롗륋롗뫯롗뫯롗뒳롗______",0.9482355002434023,0.9102709304009166,0.9650274217128754
Lazada,7,"bernapas, dicari, dewa",0.9482355002434023,0.9102709304009166,0.9650274217128754
Lazada,8,"evercoss, asean, berbagi",0.9482355002434023,0.9102709304009166,0.9650274217128754
JD.ID,-1,"yg, indonesia, brand",0.8937261295318604,0.9675223628679911,0.7764740288257599
JD.ID,0,"brand, indonesia, yg",0.8937261295318604,0.9675223628679911,0.7764740288257599
JD.ID,1,"gak, nadanya, ngejudge",0.8937261295318604,0.9675223628679911,0.7764740288257599
JD.ID,2,"tp201, vivobook, meluncur",0.8937261295318604,0.9675223628679911,0.7764740288257599
JD.ID,3,"bekti, indra, ssefmun",0.8937261295318604,0.9675223628679911,0.7764740288257599
JD.ID,4,"goooo, umurnya, bar",0.8937261295318604,0.9675223628679911,0.7764740288257599
JD.ID,5,"sirah, live, menghadang",0.8937261295318604,0.9675223628679911,0.7764740288257599
JD.ID,6,"_______________, 洧뗴洧륋롗륋롗멇롗쀯롗, 洧떃洧륋롗뻟롗뮗롗륋롗뫯롗뫯롗뒳롗______",0.8937261295318604,0.9675223628679911,0.7764740288257599
JD.ID,7,"bernapas, dicari, dewa",0.8937261295318604,0.9675223628679911,0.7764740288257599
JD.ID,8,"evercoss, asean, berbagi",0.8937261295318604,0.9675223628679911,0.7764740288257599
Sociolla,-1,"yg, indonesia, brand",0.9223930765600765,0.927174586057663,0.9727684855461121
Sociolla,0,"brand, indonesia, yg",0.9223930765600765,0.927174586057663,0.9727684855461121
Sociolla,1,"gak, nadanya, ngejudge",0.9223930765600765,0.927174586057663,0.9727684855461121
Sociolla,2,"tp201, vivobook, meluncur",0.9223930765600765,0.927174586057663,0.9727684855461121
Sociolla,3,"bekti, indra, ssefmun",0.9223930765600765,0.927174586057663,0.9727684855461121
Sociolla,4,"goooo, umurnya, bar",0.9223930765600765,0.927174586057663,0.9727684855461121
Sociolla,5,"sirah, live, menghadang",0.9223930765600765,0.927174586057663,0.9727684855461121
Sociolla,6,"_______________, 洧뗴洧륋롗륋롗멇롗쀯롗, 洧떃洧륋롗뻟롗뮗롗륋롗뫯롗뫯롗뒳롗______",0.9223930765600765,0.927174586057663,0.9727684855461121
Sociolla,7,"bernapas, dicari, dewa",0.9223930765600765,0.927174586057663,0.9727684855461121
Sociolla,8,"evercoss, asean, berbagi",0.9223930765600765,0.927174586057663,0.9727684855461121
Zalora,-1,"yg, indonesia, brand",0.9263971843398534,0.9062679915104882,0.8573807299137115
Zalora,0,"brand, indonesia, yg",0.9263971843398534,0.9062679915104882,0.8573807299137115
Zalora,1,"gak, nadanya, ngejudge",0.9263971843398534,0.9062679915104882,0.8573807299137115
Zalora,2,"tp201, vivobook, meluncur",0.9263971843398534,0.9062679915104882,0.8573807299137115
Zalora,3,"bekti, indra, ssefmun",0.9263971843398534,0.9062679915104882,0.8573807299137115
Zalora,4,"goooo, umurnya, bar",0.9263971843398534,0.9062679915104882,0.8573807299137115
Zalora,5,"sirah, live, menghadang",0.9263971843398534,0.9062679915104882,0.8573807299137115
Zalora,6,"_______________, 洧뗴洧륋롗륋롗멇롗쀯롗, 洧떃洧륋롗뻟롗뮗롗륋롗뫯롗뫯롗뒳롗______",0.9263971843398534,0.9062679915104882,0.8573807299137115
Zalora,7,"bernapas, dicari, dewa",0.9263971843398534,0.9062679915104882,0.8573807299137115
Zalora,8,"evercoss, asean, berbagi",0.9263971843398534,0.9062679915104882,0.8573807299137115
Ralali,-1,"yg, indonesia, brand",0.9878553748130798,0.9727645516395569,0.0
Ralali,0,"brand, indonesia, yg",0.9878553748130798,0.9727645516395569,0.0
Ralali,1,"gak, nadanya, ngejudge",0.9878553748130798,0.9727645516395569,0.0
Ralali,2,"tp201, vivobook, meluncur",0.9878553748130798,0.9727645516395569,0.0
Ralali,3,"bekti, indra, ssefmun",0.9878553748130798,0.9727645516395569,0.0
Ralali,4,"goooo, umurnya, bar",0.9878553748130798,0.9727645516395569,0.0
Ralali,5,"sirah, live, menghadang",0.9878553748130798,0.9727645516395569,0.0
Ralali,6,"_______________, 洧뗴洧륋롗륋롗멇롗쀯롗, 洧떃洧륋롗뻟롗뮗롗륋롗뫯롗뫯롗뒳롗______",0.9878553748130798,0.9727645516395569,0.0
Ralali,7,"bernapas, dicari, dewa",0.9878553748130798,0.9727645516395569,0.0
Ralali,8,"evercoss, asean, berbagi",0.9878553748130798,0.9727645516395569,0.0
Orami,-1,"yg, indonesia, brand",0.9170440667205386,0.9330574162304401,0.0
Orami,0,"brand, indonesia, yg",0.9170440667205386,0.9330574162304401,0.0
Orami,1,"gak, nadanya, ngejudge",0.9170440667205386,0.9330574162304401,0.0
Orami,2,"tp201, vivobook, meluncur",0.9170440667205386,0.9330574162304401,0.0
Orami,3,"bekti, indra, ssefmun",0.9170440667205386,0.9330574162304401,0.0
Orami,4,"goooo, umurnya, bar",0.9170440667205386,0.9330574162304401,0.0
Orami,5,"sirah, live, menghadang",0.9170440667205386,0.9330574162304401,0.0
Orami,6,"_______________, 洧뗴洧륋롗륋롗멇롗쀯롗, 洧떃洧륋롗뻟롗뮗롗륋롗뫯롗뫯롗뒳롗______",0.9170440667205386,0.9330574162304401,0.0
Orami,7,"bernapas, dicari, dewa",0.9170440667205386,0.9330574162304401,0.0
Orami,8,"evercoss, asean, berbagi",0.9170440667205386,0.9330574162304401,0.0
Indomie,-1,"yg, indonesia, brand",0.92684882608327,0.9386380743562129,0.9474743485450745
Indomie,0,"brand, indonesia, yg",0.92684882608327,0.9386380743562129,0.9474743485450745
Indomie,1,"gak, nadanya, ngejudge",0.92684882608327,0.9386380743562129,0.9474743485450745
Indomie,2,"tp201, vivobook, meluncur",0.92684882608327,0.9386380743562129,0.9474743485450745
Indomie,3,"bekti, indra, ssefmun",0.92684882608327,0.9386380743562129,0.9474743485450745
Indomie,4,"goooo, umurnya, bar",0.92684882608327,0.9386380743562129,0.9474743485450745
Indomie,5,"sirah, live, menghadang",0.92684882608327,0.9386380743562129,0.9474743485450745
Indomie,6,"_______________, 洧뗴洧륋롗륋롗멇롗쀯롗, 洧떃洧륋롗뻟롗뮗롗륋롗뫯롗뫯롗뒳롗______",0.92684882608327,0.9386380743562129,0.9474743485450745
Indomie,7,"bernapas, dicari, dewa",0.92684882608327,0.9386380743562129,0.9474743485450745
Indomie,8,"evercoss, asean, berbagi",0.92684882608327,0.9386380743562129,0.9474743485450745
Mie Sedaap,-1,"yg, indonesia, brand",0.9492755078134083,0.8904489416342515,0.9478877782821655
Mie Sedaap,0,"brand, indonesia, yg",0.9492755078134083,0.8904489416342515,0.9478877782821655
Mie Sedaap,1,"gak, nadanya, ngejudge",0.9492755078134083,0.8904489416342515,0.9478877782821655
Mie Sedaap,2,"tp201, vivobook, meluncur",0.9492755078134083,0.8904489416342515,0.9478877782821655
Mie Sedaap,3,"bekti, indra, ssefmun",0.9492755078134083,0.8904489416342515,0.9478877782821655
Mie Sedaap,4,"goooo, umurnya, bar",0.9492755078134083,0.8904489416342515,0.9478877782821655
Mie Sedaap,5,"sirah, live, menghadang",0.9492755078134083,0.8904489416342515,0.9478877782821655
Mie Sedaap,6,"_______________, 洧뗴洧륋롗륋롗멇롗쀯롗, 洧떃洧륋롗뻟롗뮗롗륋롗뫯롗뫯롗뒳롗______",0.9492755078134083,0.8904489416342515,0.9478877782821655
Mie Sedaap,7,"bernapas, dicari, dewa",0.9492755078134083,0.8904489416342515,0.9478877782821655
Mie Sedaap,8,"evercoss, asean, berbagi",0.9492755078134083,0.8904489416342515,0.9478877782821655
Pop Mie,-1,"yg, indonesia, brand",0.8373299092054367,0.9354634284973145,0.0
Pop Mie,0,"brand, indonesia, yg",0.8373299092054367,0.9354634284973145,0.0
Pop Mie,1,"gak, nadanya, ngejudge",0.8373299092054367,0.9354634284973145,0.0
Pop Mie,2,"tp201, vivobook, meluncur",0.8373299092054367,0.9354634284973145,0.0
Pop Mie,3,"bekti, indra, ssefmun",0.8373299092054367,0.9354634284973145,0.0
Pop Mie,4,"goooo, umurnya, bar",0.8373299092054367,0.9354634284973145,0.0
Pop Mie,5,"sirah, live, menghadang",0.8373299092054367,0.9354634284973145,0.0
Pop Mie,6,"_______________, 洧뗴洧륋롗륋롗멇롗쀯롗, 洧떃洧륋롗뻟롗뮗롗륋롗뫯롗뫯롗뒳롗______",0.8373299092054367,0.9354634284973145,0.0
Pop Mie,7,"bernapas, dicari, dewa",0.8373299092054367,0.9354634284973145,0.0
Pop Mie,8,"evercoss, asean, berbagi",0.8373299092054367,0.9354634284973145,0.0
Sosro,-1,"yg, indonesia, brand",0.8818002045154572,0.9295843601226806,0.8167946934700012
Sosro,0,"brand, indonesia, yg",0.8818002045154572,0.9295843601226806,0.8167946934700012
Sosro,1,"gak, nadanya, ngejudge",0.8818002045154572,0.9295843601226806,0.8167946934700012
Sosro,2,"tp201, vivobook, meluncur",0.8818002045154572,0.9295843601226806,0.8167946934700012
Sosro,3,"bekti, indra, ssefmun",0.8818002045154572,0.9295843601226806,0.8167946934700012
Sosro,4,"goooo, umurnya, bar",0.8818002045154572,0.9295843601226806,0.8167946934700012
Sosro,5,"sirah, live, menghadang",0.8818002045154572,0.9295843601226806,0.8167946934700012
Sosro,6,"_______________, 洧뗴洧륋롗륋롗멇롗쀯롗, 洧떃洧륋롗뻟롗뮗롗륋롗뫯롗뫯롗뒳롗______",0.8818002045154572,0.9295843601226806,0.8167946934700012
Sosro,7,"bernapas, dicari, dewa",0.8818002045154572,0.9295843601226806,0.8167946934700012
Sosro,8,"evercoss, asean, berbagi",0.8818002045154572,0.9295843601226806,0.8167946934700012
Frestea,-1,"yg, indonesia, brand",0.9877532124519348,0.8977683633565903,0.0
Frestea,0,"brand, indonesia, yg",0.9877532124519348,0.8977683633565903,0.0
Frestea,1,"gak, nadanya, ngejudge",0.9877532124519348,0.8977683633565903,0.0
Frestea,2,"tp201, vivobook, meluncur",0.9877532124519348,0.8977683633565903,0.0
Frestea,3,"bekti, indra, ssefmun",0.9877532124519348,0.8977683633565903,0.0
Frestea,4,"goooo, umurnya, bar",0.9877532124519348,0.8977683633565903,0.0
Frestea,5,"sirah, live, menghadang",0.9877532124519348,0.8977683633565903,0.0
Frestea,6,"_______________, 洧뗴洧륋롗륋롗멇롗쀯롗, 洧떃洧륋롗뻟롗뮗롗륋롗뫯롗뫯롗뒳롗______",0.9877532124519348,0.8977683633565903,0.0
Frestea,7,"bernapas, dicari, dewa",0.9877532124519348,0.8977683633565903,0.0
Frestea,8,"evercoss, asean, berbagi",0.9877532124519348,0.8977683633565903,0.0
Aqua,-1,"yg, indonesia, brand",0.965061713869755,0.9124372601509094,0.8888450213100599
Aqua,0,"brand, indonesia, yg",0.965061713869755,0.9124372601509094,0.8888450213100599
Aqua,1,"gak, nadanya, ngejudge",0.965061713869755,0.9124372601509094,0.8888450213100599
Aqua,2,"tp201, vivobook, meluncur",0.965061713869755,0.9124372601509094,0.8888450213100599
Aqua,3,"bekti, indra, ssefmun",0.965061713869755,0.9124372601509094,0.8888450213100599
Aqua,4,"goooo, umurnya, bar",0.965061713869755,0.9124372601509094,0.8888450213100599
Aqua,5,"sirah, live, menghadang",0.965061713869755,0.9124372601509094,0.8888450213100599
Aqua,6,"_______________, 洧뗴洧륋롗륋롗멇롗쀯롗, 洧떃洧륋롗뻟롗뮗롗륋롗뫯롗뫯롗뒳롗______",0.965061713869755,0.9124372601509094,0.8888450213100599
Aqua,7,"bernapas, dicari, dewa",0.965061713869755,0.9124372601509094,0.8888450213100599
Aqua,8,"evercoss, asean, berbagi",0.965061713869755,0.9124372601509094,0.8888450213100599
Le Minerale,-1,"yg, indonesia, brand",0.9412188172340393,0.9478998422622681,0.9227963728564126
Le Minerale,0,"brand, indonesia, yg",0.9412188172340393,0.9478998422622681,0.9227963728564126
Le Minerale,1,"gak, nadanya, ngejudge",0.9412188172340393,0.9478998422622681,0.9227963728564126
Le Minerale,2,"tp201, vivobook, meluncur",0.9412188172340393,0.9478998422622681,0.9227963728564126
Le Minerale,3,"bekti, indra, ssefmun",0.9412188172340393,0.9478998422622681,0.9227963728564126
Le Minerale,4,"goooo, umurnya, bar",0.9412188172340393,0.9478998422622681,0.9227963728564126
Le Minerale,5,"sirah, live, menghadang",0.9412188172340393,0.9478998422622681,0.9227963728564126
Le Minerale,6,"_______________, 洧뗴洧륋롗륋롗멇롗쀯롗, 洧떃洧륋롗뻟롗뮗롗륋롗뫯롗뫯롗뒳롗______",0.9412188172340393,0.9478998422622681,0.9227963728564126
Le Minerale,7,"bernapas, dicari, dewa",0.9412188172340393,0.9478998422622681,0.9227963728564126
Le Minerale,8,"evercoss, asean, berbagi",0.9412188172340393,0.9478998422622681,0.9227963728564126
Ultra Milk,-1,"yg, indonesia, brand",0.9852214977145195,0.9233336611227556,0.9256199300289154
Ultra Milk,0,"brand, indonesia, yg",0.9852214977145195,0.9233336611227556,0.9256199300289154
Ultra Milk,1,"gak, nadanya, ngejudge",0.9852214977145195,0.9233336611227556,0.9256199300289154
Ultra Milk,2,"tp201, vivobook, meluncur",0.9852214977145195,0.9233336611227556,0.9256199300289154
Ultra Milk,3,"bekti, indra, ssefmun",0.9852214977145195,0.9233336611227556,0.9256199300289154
Ultra Milk,4,"goooo, umurnya, bar",0.9852214977145195,0.9233336611227556,0.9256199300289154
Ultra Milk,5,"sirah, live, menghadang",0.9852214977145195,0.9233336611227556,0.9256199300289154
Ultra Milk,6,"_______________, 洧뗴洧륋롗륋롗멇롗쀯롗, 洧떃洧륋롗뻟롗뮗롗륋롗뫯롗뫯롗뒳롗______",0.9852214977145195,0.9233336611227556,0.9256199300289154
Ultra Milk,7,"bernapas, dicari, dewa",0.9852214977145195,0.9233336611227556,0.9256199300289154
Ultra Milk,8,"evercoss, asean, berbagi",0.9852214977145195,0.9233336611227556,0.9256199300289154
SariWangi,-1,"yg, indonesia, brand",0.8452247281869253,0.9714269042015076,0.935955822467804
SariWangi,0,"brand, indonesia, yg",0.8452247281869253,0.9714269042015076,0.935955822467804
SariWangi,1,"gak, nadanya, ngejudge",0.8452247281869253,0.9714269042015076,0.935955822467804
SariWangi,2,"tp201, vivobook, meluncur",0.8452247281869253,0.9714269042015076,0.935955822467804
SariWangi,3,"bekti, indra, ssefmun",0.8452247281869253,0.9714269042015076,0.935955822467804
SariWangi,4,"goooo, umurnya, bar",0.8452247281869253,0.9714269042015076,0.935955822467804
SariWangi,5,"sirah, live, menghadang",0.8452247281869253,0.9714269042015076,0.935955822467804
SariWangi,6,"_______________, 洧뗴洧륋롗륋롗멇롗쀯롗, 洧떃洧륋롗뻟롗뮗롗륋롗뫯롗뫯롗뒳롗______",0.8452247281869253,0.9714269042015076,0.935955822467804
SariWangi,7,"bernapas, dicari, dewa",0.8452247281869253,0.9714269042015076,0.935955822467804
SariWangi,8,"evercoss, asean, berbagi",0.8452247281869253,0.9714269042015076,0.935955822467804
Good Day,-1,"yg, indonesia, brand",0.9234973679889332,0.88198703176835,0.8521255652109782
Good Day,0,"brand, indonesia, yg",0.9234973679889332,0.88198703176835,0.8521255652109782
Good Day,1,"gak, nadanya, ngejudge",0.9234973679889332,0.88198703176835,0.8521255652109782
Good Day,2,"tp201, vivobook, meluncur",0.9234973679889332,0.88198703176835,0.8521255652109782
Good Day,3,"bekti, indra, ssefmun",0.9234973679889332,0.88198703176835,0.8521255652109782
Good Day,4,"goooo, umurnya, bar",0.9234973679889332,0.88198703176835,0.8521255652109782
Good Day,5,"sirah, live, menghadang",0.9234973679889332,0.88198703176835,0.8521255652109782
Good Day,6,"_______________, 洧뗴洧륋롗륋롗멇롗쀯롗, 洧떃洧륋롗뻟롗뮗롗륋롗뫯롗뫯롗뒳롗______",0.9234973679889332,0.88198703176835,0.8521255652109782
Good Day,7,"bernapas, dicari, dewa",0.9234973679889332,0.88198703176835,0.8521255652109782
Good Day,8,"evercoss, asean, berbagi",0.9234973679889332,0.88198703176835,0.8521255652109782
Kopi Kapal Api,-1,"yg, indonesia, brand",0.8634031414985657,0.9802161231637001,0.9990399479866028
Kopi Kapal Api,0,"brand, indonesia, yg",0.8634031414985657,0.9802161231637001,0.9990399479866028
Kopi Kapal Api,1,"gak, nadanya, ngejudge",0.8634031414985657,0.9802161231637001,0.9990399479866028
Kopi Kapal Api,2,"tp201, vivobook, meluncur",0.8634031414985657,0.9802161231637001,0.9990399479866028
Kopi Kapal Api,3,"bekti, indra, ssefmun",0.8634031414985657,0.9802161231637001,0.9990399479866028
Kopi Kapal Api,4,"goooo, umurnya, bar",0.8634031414985657,0.9802161231637001,0.9990399479866028
Kopi Kapal Api,5,"sirah, live, menghadang",0.8634031414985657,0.9802161231637001,0.9990399479866028
Kopi Kapal Api,6,"_______________, 洧뗴洧륋롗륋롗멇롗쀯롗, 洧떃洧륋롗뻟롗뮗롗륋롗뫯롗뫯롗뒳롗______",0.8634031414985657,0.9802161231637001,0.9990399479866028
Kopi Kapal Api,7,"bernapas, dicari, dewa",0.8634031414985657,0.9802161231637001,0.9990399479866028
Kopi Kapal Api,8,"evercoss, asean, berbagi",0.8634031414985657,0.9802161231637001,0.9990399479866028
Torabika,-1,"yg, indonesia, brand",0.944501519203186,0.9567281603813171,0.0
Torabika,0,"brand, indonesia, yg",0.944501519203186,0.9567281603813171,0.0
Torabika,1,"gak, nadanya, ngejudge",0.944501519203186,0.9567281603813171,0.0
Torabika,2,"tp201, vivobook, meluncur",0.944501519203186,0.9567281603813171,0.0
Torabika,3,"bekti, indra, ssefmun",0.944501519203186,0.9567281603813171,0.0
Torabika,4,"goooo, umurnya, bar",0.944501519203186,0.9567281603813171,0.0
Torabika,5,"sirah, live, menghadang",0.944501519203186,0.9567281603813171,0.0
Torabika,6,"_______________, 洧뗴洧륋롗륋롗멇롗쀯롗, 洧떃洧륋롗뻟롗뮗롗륋롗뫯롗뫯롗뒳롗______",0.944501519203186,0.9567281603813171,0.0
Torabika,7,"bernapas, dicari, dewa",0.944501519203186,0.9567281603813171,0.0
Torabika,8,"evercoss, asean, berbagi",0.944501519203186,0.9567281603813171,0.0
Nescafe,-1,"yg, indonesia, brand",0.8935113361007289,0.9400716280495679,0.9988388419151306
Nescafe,0,"brand, indonesia, yg",0.8935113361007289,0.9400716280495679,0.9988388419151306
Nescafe,1,"gak, nadanya, ngejudge",0.8935113361007289,0.9400716280495679,0.9988388419151306
Nescafe,2,"tp201, vivobook, meluncur",0.8935113361007289,0.9400716280495679,0.9988388419151306
Nescafe,3,"bekti, indra, ssefmun",0.8935113361007289,0.9400716280495679,0.9988388419151306
Nescafe,4,"goooo, umurnya, bar",0.8935113361007289,0.9400716280495679,0.9988388419151306
Nescafe,5,"sirah, live, menghadang",0.8935113361007289,0.9400716280495679,0.9988388419151306
Nescafe,6,"_______________, 洧뗴洧륋롗륋롗멇롗쀯롗, 洧떃洧륋롗뻟롗뮗롗륋롗뫯롗뫯롗뒳롗______",0.8935113361007289,0.9400716280495679,0.9988388419151306
Nescafe,7,"bernapas, dicari, dewa",0.8935113361007289,0.9400716280495679,0.9988388419151306
Nescafe,8,"evercoss, asean, berbagi",0.8935113361007289,0.9400716280495679,0.9988388419151306
Cimory,-1,"yg, indonesia, brand",0.9118711769580841,0.9119518200556437,0.9662741621335348
Cimory,0,"brand, indonesia, yg",0.9118711769580841,0.9119518200556437,0.9662741621335348
Cimory,1,"gak, nadanya, ngejudge",0.9118711769580841,0.9119518200556437,0.9662741621335348
Cimory,2,"tp201, vivobook, meluncur",0.9118711769580841,0.9119518200556437,0.9662741621335348
Cimory,3,"bekti, indra, ssefmun",0.9118711769580841,0.9119518200556437,0.9662741621335348
Cimory,4,"goooo, umurnya, bar",0.9118711769580841,0.9119518200556437,0.9662741621335348
Cimory,5,"sirah, live, menghadang",0.9118711769580841,0.9119518200556437,0.9662741621335348
Cimory,6,"_______________, 洧뗴洧륋롗륋롗멇롗쀯롗, 洧떃洧륋롗뻟롗뮗롗륋롗뫯롗뫯롗뒳롗______",0.9118711769580841,0.9119518200556437,0.9662741621335348
Cimory,7,"bernapas, dicari, dewa",0.9118711769580841,0.9119518200556437,0.9662741621335348
Cimory,8,"evercoss, asean, berbagi",0.9118711769580841,0.9119518200556437,0.9662741621335348
Greenfields,-1,"yg, indonesia, brand",0.912367175022761,0.995449165503184,0.8455277482668558
Greenfields,0,"brand, indonesia, yg",0.912367175022761,0.995449165503184,0.8455277482668558
Greenfields,1,"gak, nadanya, ngejudge",0.912367175022761,0.995449165503184,0.8455277482668558
Greenfields,2,"tp201, vivobook, meluncur",0.912367175022761,0.995449165503184,0.8455277482668558
Greenfields,3,"bekti, indra, ssefmun",0.912367175022761,0.995449165503184,0.8455277482668558
Greenfields,4,"goooo, umurnya, bar",0.912367175022761,0.995449165503184,0.8455277482668558
Greenfields,5,"sirah, live, menghadang",0.912367175022761,0.995449165503184,0.8455277482668558
Greenfields,6,"_______________, 洧뗴洧륋롗륋롗멇롗쀯롗, 洧떃洧륋롗뻟롗뮗롗륋롗뫯롗뫯롗뒳롗______",0.912367175022761,0.995449165503184,0.8455277482668558
Greenfields,7,"bernapas, dicari, dewa",0.912367175022761,0.995449165503184,0.8455277482668558
Greenfields,8,"evercoss, asean, berbagi",0.912367175022761,0.995449165503184,0.8455277482668558
So Nice,-1,"yg, indonesia, brand",0.9633717119693757,0.8153800070285797,0.705480545759201
So Nice,0,"brand, indonesia, yg",0.9633717119693757,0.8153800070285797,0.705480545759201
So Nice,1,"gak, nadanya, ngejudge",0.9633717119693757,0.8153800070285797,0.705480545759201
So Nice,2,"tp201, vivobook, meluncur",0.9633717119693757,0.8153800070285797,0.705480545759201
So Nice,3,"bekti, indra, ssefmun",0.9633717119693757,0.8153800070285797,0.705480545759201
So Nice,4,"goooo, umurnya, bar",0.9633717119693757,0.8153800070285797,0.705480545759201
So Nice,5,"sirah, live, menghadang",0.9633717119693757,0.8153800070285797,0.705480545759201
So Nice,6,"_______________, 洧뗴洧륋롗륋롗멇롗쀯롗, 洧떃洧륋롗뻟롗뮗롗륋롗뫯롗뫯롗뒳롗______",0.9633717119693757,0.8153800070285797,0.705480545759201
So Nice,7,"bernapas, dicari, dewa",0.9633717119693757,0.8153800070285797,0.705480545759201
So Nice,8,"evercoss, asean, berbagi",0.9633717119693757,0.8153800070285797,0.705480545759201
Tango,-1,"yg, indonesia, brand",0.914381186167399,0.9132359027862549,0.9866194128990173
Tango,0,"brand, indonesia, yg",0.914381186167399,0.9132359027862549,0.9866194128990173
Tango,1,"gak, nadanya, ngejudge",0.914381186167399,0.9132359027862549,0.9866194128990173
Tango,2,"tp201, vivobook, meluncur",0.914381186167399,0.9132359027862549,0.9866194128990173
Tango,3,"bekti, indra, ssefmun",0.914381186167399,0.9132359027862549,0.9866194128990173
Tango,4,"goooo, umurnya, bar",0.914381186167399,0.9132359027862549,0.9866194128990173
Tango,5,"sirah, live, menghadang",0.914381186167399,0.9132359027862549,0.9866194128990173
Tango,6,"_______________, 洧뗴洧륋롗륋롗멇롗쀯롗, 洧떃洧륋롗뻟롗뮗롗륋롗뫯롗뫯롗뒳롗______",0.914381186167399,0.9132359027862549,0.9866194128990173
Tango,7,"bernapas, dicari, dewa",0.914381186167399,0.9132359027862549,0.9866194128990173
Tango,8,"evercoss, asean, berbagi",0.914381186167399,0.9132359027862549,0.9866194128990173
SilverQueen,-1,"yg, indonesia, brand",0.8823827244341373,0.942052960395813,0.6288904547691345
SilverQueen,0,"brand, indonesia, yg",0.8823827244341373,0.942052960395813,0.6288904547691345
SilverQueen,1,"gak, nadanya, ngejudge",0.8823827244341373,0.942052960395813,0.6288904547691345
SilverQueen,2,"tp201, vivobook, meluncur",0.8823827244341373,0.942052960395813,0.6288904547691345
SilverQueen,3,"bekti, indra, ssefmun",0.8823827244341373,0.942052960395813,0.6288904547691345
SilverQueen,4,"goooo, umurnya, bar",0.8823827244341373,0.942052960395813,0.6288904547691345
SilverQueen,5,"sirah, live, menghadang",0.8823827244341373,0.942052960395813,0.6288904547691345
SilverQueen,6,"_______________, 洧뗴洧륋롗륋롗멇롗쀯롗, 洧떃洧륋롗뻟롗뮗롗륋롗뫯롗뫯롗뒳롗______",0.8823827244341373,0.942052960395813,0.6288904547691345
SilverQueen,7,"bernapas, dicari, dewa",0.8823827244341373,0.942052960395813,0.6288904547691345
SilverQueen,8,"evercoss, asean, berbagi",0.8823827244341373,0.942052960395813,0.6288904547691345
Chitato,-1,"yg, indonesia, brand",0.8580828785896302,0.9189254840215048,0.9168549180030823
Chitato,0,"brand, indonesia, yg",0.8580828785896302,0.9189254840215048,0.9168549180030823
Chitato,1,"gak, nadanya, ngejudge",0.8580828785896302,0.9189254840215048,0.9168549180030823
Chitato,2,"tp201, vivobook, meluncur",0.8580828785896302,0.9189254840215048,0.9168549180030823
Chitato,3,"bekti, indra, ssefmun",0.8580828785896302,0.9189254840215048,0.9168549180030823
Chitato,4,"goooo, umurnya, bar",0.8580828785896302,0.9189254840215048,0.9168549180030823
Chitato,5,"sirah, live, menghadang",0.8580828785896302,0.9189254840215048,0.9168549180030823
Chitato,6,"_______________, 洧뗴洧륋롗륋롗멇롗쀯롗, 洧떃洧륋롗뻟롗뮗롗륋롗뫯롗뫯롗뒳롗______",0.8580828785896302,0.9189254840215048,0.9168549180030823
Chitato,7,"bernapas, dicari, dewa",0.8580828785896302,0.9189254840215048,0.9168549180030823
Chitato,8,"evercoss, asean, berbagi",0.8580828785896302,0.9189254840215048,0.9168549180030823
Qtela,-1,"yg, indonesia, brand",0.8910973072052002,0.0,0.0
Qtela,0,"brand, indonesia, yg",0.8910973072052002,0.0,0.0
Qtela,1,"gak, nadanya, ngejudge",0.8910973072052002,0.0,0.0
Qtela,2,"tp201, vivobook, meluncur",0.8910973072052002,0.0,0.0
Qtela,3,"bekti, indra, ssefmun",0.8910973072052002,0.0,0.0
Qtela,4,"goooo, umurnya, bar",0.8910973072052002,0.0,0.0
Qtela,5,"sirah, live, menghadang",0.8910973072052002,0.0,0.0
Qtela,6,"_______________, 洧뗴洧륋롗륋롗멇롗쀯롗, 洧떃洧륋롗뻟롗뮗롗륋롗뫯롗뫯롗뒳롗______",0.8910973072052002,0.0,0.0
Qtela,7,"bernapas, dicari, dewa",0.8910973072052002,0.0,0.0
Qtela,8,"evercoss, asean, berbagi",0.8910973072052002,0.0,0.0
Wings Group,-1,"yg, indonesia, brand",0.7840089797973633,0.8867204934358597,0.0
Wings Group,0,"brand, indonesia, yg",0.7840089797973633,0.8867204934358597,0.0
Wings Group,1,"gak, nadanya, ngejudge",0.7840089797973633,0.8867204934358597,0.0
Wings Group,2,"tp201, vivobook, meluncur",0.7840089797973633,0.8867204934358597,0.0
Wings Group,3,"bekti, indra, ssefmun",0.7840089797973633,0.8867204934358597,0.0
Wings Group,4,"goooo, umurnya, bar",0.7840089797973633,0.8867204934358597,0.0
Wings Group,5,"sirah, live, menghadang",0.7840089797973633,0.8867204934358597,0.0
Wings Group,6,"_______________, 洧뗴洧륋롗륋롗멇롗쀯롗, 洧떃洧륋롗뻟롗뮗롗륋롗뫯롗뫯롗뒳롗______",0.7840089797973633,0.8867204934358597,0.0
Wings Group,7,"bernapas, dicari, dewa",0.7840089797973633,0.8867204934358597,0.0
Wings Group,8,"evercoss, asean, berbagi",0.7840089797973633,0.8867204934358597,0.0
So Klin,-1,"yg, indonesia, brand",0.0,0.997855806350708,0.0
So Klin,0,"brand, indonesia, yg",0.0,0.997855806350708,0.0
So Klin,1,"gak, nadanya, ngejudge",0.0,0.997855806350708,0.0
So Klin,2,"tp201, vivobook, meluncur",0.0,0.997855806350708,0.0
So Klin,3,"bekti, indra, ssefmun",0.0,0.997855806350708,0.0
So Klin,4,"goooo, umurnya, bar",0.0,0.997855806350708,0.0
So Klin,5,"sirah, live, menghadang",0.0,0.997855806350708,0.0
So Klin,6,"_______________, 洧뗴洧륋롗륋롗멇롗쀯롗, 洧떃洧륋롗뻟롗뮗롗륋롗뫯롗뫯롗뒳롗______",0.0,0.997855806350708,0.0
So Klin,7,"bernapas, dicari, dewa",0.0,0.997855806350708,0.0
So Klin,8,"evercoss, asean, berbagi",0.0,0.997855806350708,0.0
Sunlight,-1,"yg, indonesia, brand",0.9318711620110732,0.9870928989516364,0.8686844110488892
Sunlight,0,"brand, indonesia, yg",0.9318711620110732,0.9870928989516364,0.8686844110488892
Sunlight,1,"gak, nadanya, ngejudge",0.9318711620110732,0.9870928989516364,0.8686844110488892
Sunlight,2,"tp201, vivobook, meluncur",0.9318711620110732,0.9870928989516364,0.8686844110488892
Sunlight,3,"bekti, indra, ssefmun",0.9318711620110732,0.9870928989516364,0.8686844110488892
Sunlight,4,"goooo, umurnya, bar",0.9318711620110732,0.9870928989516364,0.8686844110488892
Sunlight,5,"sirah, live, menghadang",0.9318711620110732,0.9870928989516364,0.8686844110488892
Sunlight,6,"_______________, 洧뗴洧륋롗륋롗멇롗쀯롗, 洧떃洧륋롗뻟롗뮗롗륋롗뫯롗뫯롗뒳롗______",0.9318711620110732,0.9870928989516364,0.8686844110488892
Sunlight,7,"bernapas, dicari, dewa",0.9318711620110732,0.9870928989516364,0.8686844110488892
Sunlight,8,"evercoss, asean, berbagi",0.9318711620110732,0.9870928989516364,0.8686844110488892
Daia,-1,"yg, indonesia, brand",0.9441370368003845,0.9625512361526489,0.0
Daia,0,"brand, indonesia, yg",0.9441370368003845,0.9625512361526489,0.0
Daia,1,"gak, nadanya, ngejudge",0.9441370368003845,0.9625512361526489,0.0
Daia,2,"tp201, vivobook, meluncur",0.9441370368003845,0.9625512361526489,0.0
Daia,3,"bekti, indra, ssefmun",0.9441370368003845,0.9625512361526489,0.0
Daia,4,"goooo, umurnya, bar",0.9441370368003845,0.9625512361526489,0.0
Daia,5,"sirah, live, menghadang",0.9441370368003845,0.9625512361526489,0.0
Daia,6,"_______________, 洧뗴洧륋롗륋롗멇롗쀯롗, 洧떃洧륋롗뻟롗뮗롗륋롗뫯롗뫯롗뒳롗______",0.9441370368003845,0.9625512361526489,0.0
Daia,7,"bernapas, dicari, dewa",0.9441370368003845,0.9625512361526489,0.0
Daia,8,"evercoss, asean, berbagi",0.9441370368003845,0.9625512361526489,0.0
Rinso,-1,"yg, indonesia, brand",0.9029109152880582,0.9137079450819228,0.9993728995323181
Rinso,0,"brand, indonesia, yg",0.9029109152880582,0.9137079450819228,0.9993728995323181
Rinso,1,"gak, nadanya, ngejudge",0.9029109152880582,0.9137079450819228,0.9993728995323181
Rinso,2,"tp201, vivobook, meluncur",0.9029109152880582,0.9137079450819228,0.9993728995323181
Rinso,3,"bekti, indra, ssefmun",0.9029109152880582,0.9137079450819228,0.9993728995323181
Rinso,4,"goooo, umurnya, bar",0.9029109152880582,0.9137079450819228,0.9993728995323181
Rinso,5,"sirah, live, menghadang",0.9029109152880582,0.9137079450819228,0.9993728995323181
Rinso,6,"_______________, 洧뗴洧륋롗륋롗멇롗쀯롗, 洧떃洧륋롗뻟롗뮗롗륋롗뫯롗뫯롗뒳롗______",0.9029109152880582,0.9137079450819228,0.9993728995323181
Rinso,7,"bernapas, dicari, dewa",0.9029109152880582,0.9137079450819228,0.9993728995323181
Rinso,8,"evercoss, asean, berbagi",0.9029109152880582,0.9137079450819228,0.9993728995323181
Mama Lemon,-1,"yg, indonesia, brand",0.8071513175964355,0.0,0.0
Mama Lemon,0,"brand, indonesia, yg",0.8071513175964355,0.0,0.0
Mama Lemon,1,"gak, nadanya, ngejudge",0.8071513175964355,0.0,0.0
Mama Lemon,2,"tp201, vivobook, meluncur",0.8071513175964355,0.0,0.0
Mama Lemon,3,"bekti, indra, ssefmun",0.8071513175964355,0.0,0.0
Mama Lemon,4,"goooo, umurnya, bar",0.8071513175964355,0.0,0.0
Mama Lemon,5,"sirah, live, menghadang",0.8071513175964355,0.0,0.0
Mama Lemon,6,"_______________, 洧뗴洧륋롗륋롗멇롗쀯롗, 洧떃洧륋롗뻟롗뮗롗륋롗뫯롗뫯롗뒳롗______",0.8071513175964355,0.0,0.0
Mama Lemon,7,"bernapas, dicari, dewa",0.8071513175964355,0.0,0.0
Mama Lemon,8,"evercoss, asean, berbagi",0.8071513175964355,0.0,0.0
Baygon,-1,"yg, indonesia, brand",0.5461417436599731,0.9692049324512482,0.0
Baygon,0,"brand, indonesia, yg",0.5461417436599731,0.9692049324512482,0.0
Baygon,1,"gak, nadanya, ngejudge",0.5461417436599731,0.9692049324512482,0.0
Baygon,2,"tp201, vivobook, meluncur",0.5461417436599731,0.9692049324512482,0.0
Baygon,3,"bekti, indra, ssefmun",0.5461417436599731,0.9692049324512482,0.0
Baygon,4,"goooo, umurnya, bar",0.5461417436599731,0.9692049324512482,0.0
Baygon,5,"sirah, live, menghadang",0.5461417436599731,0.9692049324512482,0.0
Baygon,6,"_______________, 洧뗴洧륋롗륋롗멇롗쀯롗, 洧떃洧륋롗뻟롗뮗롗륋롗뫯롗뫯롗뒳롗______",0.5461417436599731,0.9692049324512482,0.0
Baygon,7,"bernapas, dicari, dewa",0.5461417436599731,0.9692049324512482,0.0
Baygon,8,"evercoss, asean, berbagi",0.5461417436599731,0.9692049324512482,0.0
Hit,-1,"yg, indonesia, brand",0.9217594428495928,0.962124702003267,0.843821664651235
Hit,0,"brand, indonesia, yg",0.9217594428495928,0.962124702003267,0.843821664651235
Hit,1,"gak, nadanya, ngejudge",0.9217594428495928,0.962124702003267,0.843821664651235
Hit,2,"tp201, vivobook, meluncur",0.9217594428495928,0.962124702003267,0.843821664651235
Hit,3,"bekti, indra, ssefmun",0.9217594428495928,0.962124702003267,0.843821664651235
Hit,4,"goooo, umurnya, bar",0.9217594428495928,0.962124702003267,0.843821664651235
Hit,5,"sirah, live, menghadang",0.9217594428495928,0.962124702003267,0.843821664651235
Hit,6,"_______________, 洧뗴洧륋롗륋롗멇롗쀯롗, 洧떃洧륋롗뻟롗뮗롗륋롗뫯롗뫯롗뒳롗______",0.9217594428495928,0.962124702003267,0.843821664651235
Hit,7,"bernapas, dicari, dewa",0.9217594428495928,0.962124702003267,0.843821664651235
Hit,8,"evercoss, asean, berbagi",0.9217594428495928,0.962124702003267,0.843821664651235
Top Coffee,-1,"yg, indonesia, brand",0.9080222589629037,0.8557290434837341,0.0
Top Coffee,0,"brand, indonesia, yg",0.9080222589629037,0.8557290434837341,0.0
Top Coffee,1,"gak, nadanya, ngejudge",0.9080222589629037,0.8557290434837341,0.0
Top Coffee,2,"tp201, vivobook, meluncur",0.9080222589629037,0.8557290434837341,0.0
Top Coffee,3,"bekti, indra, ssefmun",0.9080222589629037,0.8557290434837341,0.0
Top Coffee,4,"goooo, umurnya, bar",0.9080222589629037,0.8557290434837341,0.0
Top Coffee,5,"sirah, live, menghadang",0.9080222589629037,0.8557290434837341,0.0
Top Coffee,6,"_______________, 洧뗴洧륋롗륋롗멇롗쀯롗, 洧떃洧륋롗뻟롗뮗롗륋롗뫯롗뫯롗뒳롗______",0.9080222589629037,0.8557290434837341,0.0
Top Coffee,7,"bernapas, dicari, dewa",0.9080222589629037,0.8557290434837341,0.0
Top Coffee,8,"evercoss, asean, berbagi",0.9080222589629037,0.8557290434837341,0.0
Mitu Baby,-1,"yg, indonesia, brand",0.0,0.0,0.0
Mitu Baby,0,"brand, indonesia, yg",0.0,0.0,0.0
Mitu Baby,1,"gak, nadanya, ngejudge",0.0,0.0,0.0
Mitu Baby,2,"tp201, vivobook, meluncur",0.0,0.0,0.0
Mitu Baby,3,"bekti, indra, ssefmun",0.0,0.0,0.0
Mitu Baby,4,"goooo, umurnya, bar",0.0,0.0,0.0
Mitu Baby,5,"sirah, live, menghadang",0.0,0.0,0.0
Mitu Baby,6,"_______________, 洧뗴洧륋롗륋롗멇롗쀯롗, 洧떃洧륋롗뻟롗뮗롗륋롗뫯롗뫯롗뒳롗______",0.0,0.0,0.0
Mitu Baby,7,"bernapas, dicari, dewa",0.0,0.0,0.0
Mitu Baby,8,"evercoss, asean, berbagi",0.0,0.0,0.0
Wardah,-1,"yg, indonesia, brand",0.9095504741843153,0.9354671106526726,0.8406324858466784
Wardah,0,"brand, indonesia, yg",0.9095504741843153,0.9354671106526726,0.8406324858466784
Wardah,1,"gak, nadanya, ngejudge",0.9095504741843153,0.9354671106526726,0.8406324858466784
Wardah,2,"tp201, vivobook, meluncur",0.9095504741843153,0.9354671106526726,0.8406324858466784
Wardah,3,"bekti, indra, ssefmun",0.9095504741843153,0.9354671106526726,0.8406324858466784
Wardah,4,"goooo, umurnya, bar",0.9095504741843153,0.9354671106526726,0.8406324858466784
Wardah,5,"sirah, live, menghadang",0.9095504741843153,0.9354671106526726,0.8406324858466784
Wardah,6,"_______________, 洧뗴洧륋롗륋롗멇롗쀯롗, 洧떃洧륋롗뻟롗뮗롗륋롗뫯롗뫯롗뒳롗______",0.9095504741843153,0.9354671106526726,0.8406324858466784
Wardah,7,"bernapas, dicari, dewa",0.9095504741843153,0.9354671106526726,0.8406324858466784
Wardah,8,"evercoss, asean, berbagi",0.9095504741843153,0.9354671106526726,0.8406324858466784
Make Over,-1,"yg, indonesia, brand",0.9334527484832271,0.9356675714742942,0.8806043836203489
Make Over,0,"brand, indonesia, yg",0.9334527484832271,0.9356675714742942,0.8806043836203489
Make Over,1,"gak, nadanya, ngejudge",0.9334527484832271,0.9356675714742942,0.8806043836203489
Make Over,2,"tp201, vivobook, meluncur",0.9334527484832271,0.9356675714742942,0.8806043836203489
Make Over,3,"bekti, indra, ssefmun",0.9334527484832271,0.9356675714742942,0.8806043836203489
Make Over,4,"goooo, umurnya, bar",0.9334527484832271,0.9356675714742942,0.8806043836203489
Make Over,5,"sirah, live, menghadang",0.9334527484832271,0.9356675714742942,0.8806043836203489
Make Over,6,"_______________, 洧뗴洧륋롗륋롗멇롗쀯롗, 洧떃洧륋롗뻟롗뮗롗륋롗뫯롗뫯롗뒳롗______",0.9334527484832271,0.9356675714742942,0.8806043836203489
Make Over,7,"bernapas, dicari, dewa",0.9334527484832271,0.9356675714742942,0.8806043836203489
Make Over,8,"evercoss, asean, berbagi",0.9334527484832271,0.9356675714742942,0.8806043836203489
Emina,-1,"yg, indonesia, brand",0.9474914959498815,0.9440702961550819,0.9552904566129049
Emina,0,"brand, indonesia, yg",0.9474914959498815,0.9440702961550819,0.9552904566129049
Emina,1,"gak, nadanya, ngejudge",0.9474914959498815,0.9440702961550819,0.9552904566129049
Emina,2,"tp201, vivobook, meluncur",0.9474914959498815,0.9440702961550819,0.9552904566129049
Emina,3,"bekti, indra, ssefmun",0.9474914959498815,0.9440702961550819,0.9552904566129049
Emina,4,"goooo, umurnya, bar",0.9474914959498815,0.9440702961550819,0.9552904566129049
Emina,5,"sirah, live, menghadang",0.9474914959498815,0.9440702961550819,0.9552904566129049
Emina,6,"_______________, 洧뗴洧륋롗륋롗멇롗쀯롗, 洧떃洧륋롗뻟롗뮗롗륋롗뫯롗뫯롗뒳롗______",0.9474914959498815,0.9440702961550819,0.9552904566129049
Emina,7,"bernapas, dicari, dewa",0.9474914959498815,0.9440702961550819,0.9552904566129049
Emina,8,"evercoss, asean, berbagi",0.9474914959498815,0.9440702961550819,0.9552904566129049
Sariayu Martha Tilaar,-1,"yg, indonesia, brand",0.9346445202827454,0.9386879503726959,0.0
Sariayu Martha Tilaar,0,"brand, indonesia, yg",0.9346445202827454,0.9386879503726959,0.0
Sariayu Martha Tilaar,1,"gak, nadanya, ngejudge",0.9346445202827454,0.9386879503726959,0.0
Sariayu Martha Tilaar,2,"tp201, vivobook, meluncur",0.9346445202827454,0.9386879503726959,0.0
Sariayu Martha Tilaar,3,"bekti, indra, ssefmun",0.9346445202827454,0.9386879503726959,0.0
Sariayu Martha Tilaar,4,"goooo, umurnya, bar",0.9346445202827454,0.9386879503726959,0.0
Sariayu Martha Tilaar,5,"sirah, live, menghadang",0.9346445202827454,0.9386879503726959,0.0
Sariayu Martha Tilaar,6,"_______________, 洧뗴洧륋롗륋롗멇롗쀯롗, 洧떃洧륋롗뻟롗뮗롗륋롗뫯롗뫯롗뒳롗______",0.9346445202827454,0.9386879503726959,0.0
Sariayu Martha Tilaar,7,"bernapas, dicari, dewa",0.9346445202827454,0.9386879503726959,0.0
Sariayu Martha Tilaar,8,"evercoss, asean, berbagi",0.9346445202827454,0.9386879503726959,0.0
Purbasari,-1,"yg, indonesia, brand",0.7615895909922463,0.9153555929660797,0.6860296328862509
Purbasari,0,"brand, indonesia, yg",0.7615895909922463,0.9153555929660797,0.6860296328862509
Purbasari,1,"gak, nadanya, ngejudge",0.7615895909922463,0.9153555929660797,0.6860296328862509
Purbasari,2,"tp201, vivobook, meluncur",0.7615895909922463,0.9153555929660797,0.6860296328862509
Purbasari,3,"bekti, indra, ssefmun",0.7615895909922463,0.9153555929660797,0.6860296328862509
Purbasari,4,"goooo, umurnya, bar",0.7615895909922463,0.9153555929660797,0.6860296328862509
Purbasari,5,"sirah, live, menghadang",0.7615895909922463,0.9153555929660797,0.6860296328862509
Purbasari,6,"_______________, 洧뗴洧륋롗륋롗멇롗쀯롗, 洧떃洧륋롗뻟롗뮗롗륋롗뫯롗뫯롗뒳롗______",0.7615895909922463,0.9153555929660797,0.6860296328862509
Purbasari,7,"bernapas, dicari, dewa",0.7615895909922463,0.9153555929660797,0.6860296328862509
Purbasari,8,"evercoss, asean, berbagi",0.7615895909922463,0.9153555929660797,0.6860296328862509
Viva Cosmetics,-1,"yg, indonesia, brand",0.9707068428397179,0.9162185887495676,0.0
Viva Cosmetics,0,"brand, indonesia, yg",0.9707068428397179,0.9162185887495676,0.0
Viva Cosmetics,1,"gak, nadanya, ngejudge",0.9707068428397179,0.9162185887495676,0.0
Viva Cosmetics,2,"tp201, vivobook, meluncur",0.9707068428397179,0.9162185887495676,0.0
Viva Cosmetics,3,"bekti, indra, ssefmun",0.9707068428397179,0.9162185887495676,0.0
Viva Cosmetics,4,"goooo, umurnya, bar",0.9707068428397179,0.9162185887495676,0.0
Viva Cosmetics,5,"sirah, live, menghadang",0.9707068428397179,0.9162185887495676,0.0
Viva Cosmetics,6,"_______________, 洧뗴洧륋롗륋롗멇롗쀯롗, 洧떃洧륋롗뻟롗뮗롗륋롗뫯롗뫯롗뒳롗______",0.9707068428397179,0.9162185887495676,0.0
Viva Cosmetics,7,"bernapas, dicari, dewa",0.9707068428397179,0.9162185887495676,0.0
Viva Cosmetics,8,"evercoss, asean, berbagi",0.9707068428397179,0.9162185887495676,0.0
Kahf,-1,"yg, indonesia, brand",0.9492359161376953,0.9451677902885105,0.0
Kahf,0,"brand, indonesia, yg",0.9492359161376953,0.9451677902885105,0.0
Kahf,1,"gak, nadanya, ngejudge",0.9492359161376953,0.9451677902885105,0.0
Kahf,2,"tp201, vivobook, meluncur",0.9492359161376953,0.9451677902885105,0.0
Kahf,3,"bekti, indra, ssefmun",0.9492359161376953,0.9451677902885105,0.0
Kahf,4,"goooo, umurnya, bar",0.9492359161376953,0.9451677902885105,0.0
Kahf,5,"sirah, live, menghadang",0.9492359161376953,0.9451677902885105,0.0
Kahf,6,"_______________, 洧뗴洧륋롗륋롗멇롗쀯롗, 洧떃洧륋롗뻟롗뮗롗륋롗뫯롗뫯롗뒳롗______",0.9492359161376953,0.9451677902885105,0.0
Kahf,7,"bernapas, dicari, dewa",0.9492359161376953,0.9451677902885105,0.0
Kahf,8,"evercoss, asean, berbagi",0.9492359161376953,0.9451677902885105,0.0
MS Glow,-1,"yg, indonesia, brand",0.9209347007603481,0.938632135659876,0.970299502213796
MS Glow,0,"brand, indonesia, yg",0.9209347007603481,0.938632135659876,0.970299502213796
MS Glow,1,"gak, nadanya, ngejudge",0.9209347007603481,0.938632135659876,0.970299502213796
MS Glow,2,"tp201, vivobook, meluncur",0.9209347007603481,0.938632135659876,0.970299502213796
MS Glow,3,"bekti, indra, ssefmun",0.9209347007603481,0.938632135659876,0.970299502213796
MS Glow,4,"goooo, umurnya, bar",0.9209347007603481,0.938632135659876,0.970299502213796
MS Glow,5,"sirah, live, menghadang",0.9209347007603481,0.938632135659876,0.970299502213796
MS Glow,6,"_______________, 洧뗴洧륋롗륋롗멇롗쀯롗, 洧떃洧륋롗뻟롗뮗롗륋롗뫯롗뫯롗뒳롗______",0.9209347007603481,0.938632135659876,0.970299502213796
MS Glow,7,"bernapas, dicari, dewa",0.9209347007603481,0.938632135659876,0.970299502213796
MS Glow,8,"evercoss, asean, berbagi",0.9209347007603481,0.938632135659876,0.970299502213796
Scarlett Whitening,-1,"yg, indonesia, brand",0.9314521380833217,0.9842624826864763,0.998254120349884
Scarlett Whitening,0,"brand, indonesia, yg",0.9314521380833217,0.9842624826864763,0.998254120349884
Scarlett Whitening,1,"gak, nadanya, ngejudge",0.9314521380833217,0.9842624826864763,0.998254120349884
Scarlett Whitening,2,"tp201, vivobook, meluncur",0.9314521380833217,0.9842624826864763,0.998254120349884
Scarlett Whitening,3,"bekti, indra, ssefmun",0.9314521380833217,0.9842624826864763,0.998254120349884
Scarlett Whitening,4,"goooo, umurnya, bar",0.9314521380833217,0.9842624826864763,0.998254120349884
Scarlett Whitening,5,"sirah, live, menghadang",0.9314521380833217,0.9842624826864763,0.998254120349884
Scarlett Whitening,6,"_______________, 洧뗴洧륋롗륋롗멇롗쀯롗, 洧떃洧륋롗뻟롗뮗롗륋롗뫯롗뫯롗뒳롗______",0.9314521380833217,0.9842624826864763,0.998254120349884
Scarlett Whitening,7,"bernapas, dicari, dewa",0.9314521380833217,0.9842624826864763,0.998254120349884
Scarlett Whitening,8,"evercoss, asean, berbagi",0.9314521380833217,0.9842624826864763,0.998254120349884
Somethinc,-1,"yg, indonesia, brand",0.9350716859102249,0.9469836975137392,0.8656419038772583
Somethinc,0,"brand, indonesia, yg",0.9350716859102249,0.9469836975137392,0.8656419038772583
Somethinc,1,"gak, nadanya, ngejudge",0.9350716859102249,0.9469836975137392,0.8656419038772583
Somethinc,2,"tp201, vivobook, meluncur",0.9350716859102249,0.9469836975137392,0.8656419038772583
Somethinc,3,"bekti, indra, ssefmun",0.9350716859102249,0.9469836975137392,0.8656419038772583
Somethinc,4,"goooo, umurnya, bar",0.9350716859102249,0.9469836975137392,0.8656419038772583
Somethinc,5,"sirah, live, menghadang",0.9350716859102249,0.9469836975137392,0.8656419038772583
Somethinc,6,"_______________, 洧뗴洧륋롗륋롗멇롗쀯롗, 洧떃洧륋롗뻟롗뮗롗륋롗뫯롗뫯롗뒳롗______",0.9350716859102249,0.9469836975137392,0.8656419038772583
Somethinc,7,"bernapas, dicari, dewa",0.9350716859102249,0.9469836975137392,0.8656419038772583
Somethinc,8,"evercoss, asean, berbagi",0.9350716859102249,0.9469836975137392,0.8656419038772583
Dana,-1,"yg, indonesia, brand",0.8930615236361822,0.9244512573436454,0.9538764774799346
Dana,0,"brand, indonesia, yg",0.8930615236361822,0.9244512573436454,0.9538764774799346
Dana,1,"gak, nadanya, ngejudge",0.8930615236361822,0.9244512573436454,0.9538764774799346
Dana,2,"tp201, vivobook, meluncur",0.8930615236361822,0.9244512573436454,0.9538764774799346
Dana,3,"bekti, indra, ssefmun",0.8930615236361822,0.9244512573436454,0.9538764774799346
Dana,4,"goooo, umurnya, bar",0.8930615236361822,0.9244512573436454,0.9538764774799346
Dana,5,"sirah, live, menghadang",0.8930615236361822,0.9244512573436454,0.9538764774799346
Dana,6,"_______________, 洧뗴洧륋롗륋롗멇롗쀯롗, 洧떃洧륋롗뻟롗뮗롗륋롗뫯롗뫯롗뒳롗______",0.8930615236361822,0.9244512573436454,0.9538764774799346
Dana,7,"bernapas, dicari, dewa",0.8930615236361822,0.9244512573436454,0.9538764774799346
Dana,8,"evercoss, asean, berbagi",0.8930615236361822,0.9244512573436454,0.9538764774799346
OVO,-1,"yg, indonesia, brand",0.9897551983594894,0.9614205926656723,0.0
OVO,0,"brand, indonesia, yg",0.9897551983594894,0.9614205926656723,0.0
OVO,1,"gak, nadanya, ngejudge",0.9897551983594894,0.9614205926656723,0.0
OVO,2,"tp201, vivobook, meluncur",0.9897551983594894,0.9614205926656723,0.0
OVO,3,"bekti, indra, ssefmun",0.9897551983594894,0.9614205926656723,0.0
OVO,4,"goooo, umurnya, bar",0.9897551983594894,0.9614205926656723,0.0
OVO,5,"sirah, live, menghadang",0.9897551983594894,0.9614205926656723,0.0
OVO,6,"_______________, 洧뗴洧륋롗륋롗멇롗쀯롗, 洧떃洧륋롗뻟롗뮗롗륋롗뫯롗뫯롗뒳롗______",0.9897551983594894,0.9614205926656723,0.0
OVO,7,"bernapas, dicari, dewa",0.9897551983594894,0.9614205926656723,0.0
OVO,8,"evercoss, asean, berbagi",0.9897551983594894,0.9614205926656723,0.0
Gopay,-1,"yg, indonesia, brand",0.886830747127533,0.8933843771616617,0.0
Gopay,0,"brand, indonesia, yg",0.886830747127533,0.8933843771616617,0.0
Gopay,1,"gak, nadanya, ngejudge",0.886830747127533,0.8933843771616617,0.0
Gopay,2,"tp201, vivobook, meluncur",0.886830747127533,0.8933843771616617,0.0
Gopay,3,"bekti, indra, ssefmun",0.886830747127533,0.8933843771616617,0.0
Gopay,4,"goooo, umurnya, bar",0.886830747127533,0.8933843771616617,0.0
Gopay,5,"sirah, live, menghadang",0.886830747127533,0.8933843771616617,0.0
Gopay,6,"_______________, 洧뗴洧륋롗륋롗멇롗쀯롗, 洧떃洧륋롗뻟롗뮗롗륋롗뫯롗뫯롗뒳롗______",0.886830747127533,0.8933843771616617,0.0
Gopay,7,"bernapas, dicari, dewa",0.886830747127533,0.8933843771616617,0.0
Gopay,8,"evercoss, asean, berbagi",0.886830747127533,0.8933843771616617,0.0
LinkAja,-1,"yg, indonesia, brand",0.0,0.9461402495702108,0.0
LinkAja,0,"brand, indonesia, yg",0.0,0.9461402495702108,0.0
LinkAja,1,"gak, nadanya, ngejudge",0.0,0.9461402495702108,0.0
LinkAja,2,"tp201, vivobook, meluncur",0.0,0.9461402495702108,0.0
LinkAja,3,"bekti, indra, ssefmun",0.0,0.9461402495702108,0.0
LinkAja,4,"goooo, umurnya, bar",0.0,0.9461402495702108,0.0
LinkAja,5,"sirah, live, menghadang",0.0,0.9461402495702108,0.0
LinkAja,6,"_______________, 洧뗴洧륋롗륋롗멇롗쀯롗, 洧떃洧륋롗뻟롗뮗롗륋롗뫯롗뫯롗뒳롗______",0.0,0.9461402495702108,0.0
LinkAja,7,"bernapas, dicari, dewa",0.0,0.9461402495702108,0.0
LinkAja,8,"evercoss, asean, berbagi",0.0,0.9461402495702108,0.0
BCA Digital,-1,"yg, indonesia, brand",0.7969843745231628,0.9768527507781982,0.0
BCA Digital,0,"brand, indonesia, yg",0.7969843745231628,0.9768527507781982,0.0
BCA Digital,1,"gak, nadanya, ngejudge",0.7969843745231628,0.9768527507781982,0.0
BCA Digital,2,"tp201, vivobook, meluncur",0.7969843745231628,0.9768527507781982,0.0
BCA Digital,3,"bekti, indra, ssefmun",0.7969843745231628,0.9768527507781982,0.0
BCA Digital,4,"goooo, umurnya, bar",0.7969843745231628,0.9768527507781982,0.0
BCA Digital,5,"sirah, live, menghadang",0.7969843745231628,0.9768527507781982,0.0
BCA Digital,6,"_______________, 洧뗴洧륋롗륋롗멇롗쀯롗, 洧떃洧륋롗뻟롗뮗롗륋롗뫯롗뫯롗뒳롗______",0.7969843745231628,0.9768527507781982,0.0
BCA Digital,7,"bernapas, dicari, dewa",0.7969843745231628,0.9768527507781982,0.0
BCA Digital,8,"evercoss, asean, berbagi",0.7969843745231628,0.9768527507781982,0.0
Jenius,-1,"yg, indonesia, brand",0.9630400165915489,0.8974684402346611,0.8435215950012207
Jenius,0,"brand, indonesia, yg",0.9630400165915489,0.8974684402346611,0.8435215950012207
Jenius,1,"gak, nadanya, ngejudge",0.9630400165915489,0.8974684402346611,0.8435215950012207
Jenius,2,"tp201, vivobook, meluncur",0.9630400165915489,0.8974684402346611,0.8435215950012207
Jenius,3,"bekti, indra, ssefmun",0.9630400165915489,0.8974684402346611,0.8435215950012207
Jenius,4,"goooo, umurnya, bar",0.9630400165915489,0.8974684402346611,0.8435215950012207
Jenius,5,"sirah, live, menghadang",0.9630400165915489,0.8974684402346611,0.8435215950012207
Jenius,6,"_______________, 洧뗴洧륋롗륋롗멇롗쀯롗, 洧떃洧륋롗뻟롗뮗롗륋롗뫯롗뫯롗뒳롗______",0.9630400165915489,0.8974684402346611,0.8435215950012207
Jenius,7,"bernapas, dicari, dewa",0.9630400165915489,0.8974684402346611,0.8435215950012207
Jenius,8,"evercoss, asean, berbagi",0.9630400165915489,0.8974684402346611,0.8435215950012207
SeaBank,-1,"yg, indonesia, brand",0.9375370383262634,0.9779993494351705,0.9800411462783813
SeaBank,0,"brand, indonesia, yg",0.9375370383262634,0.9779993494351705,0.9800411462783813
SeaBank,1,"gak, nadanya, ngejudge",0.9375370383262634,0.9779993494351705,0.9800411462783813
SeaBank,2,"tp201, vivobook, meluncur",0.9375370383262634,0.9779993494351705,0.9800411462783813
SeaBank,3,"bekti, indra, ssefmun",0.9375370383262634,0.9779993494351705,0.9800411462783813
SeaBank,4,"goooo, umurnya, bar",0.9375370383262634,0.9779993494351705,0.9800411462783813
SeaBank,5,"sirah, live, menghadang",0.9375370383262634,0.9779993494351705,0.9800411462783813
SeaBank,6,"_______________, 洧뗴洧륋롗륋롗멇롗쀯롗, 洧떃洧륋롗뻟롗뮗롗륋롗뫯롗뫯롗뒳롗______",0.9375370383262634,0.9779993494351705,0.9800411462783813
SeaBank,7,"bernapas, dicari, dewa",0.9375370383262634,0.9779993494351705,0.9800411462783813
SeaBank,8,"evercoss, asean, berbagi",0.9375370383262634,0.9779993494351705,0.9800411462783813
Bank Jago,-1,"yg, indonesia, brand",0.0,0.0,0.0
Bank Jago,0,"brand, indonesia, yg",0.0,0.0,0.0
Bank Jago,1,"gak, nadanya, ngejudge",0.0,0.0,0.0
Bank Jago,2,"tp201, vivobook, meluncur",0.0,0.0,0.0
Bank Jago,3,"bekti, indra, ssefmun",0.0,0.0,0.0
Bank Jago,4,"goooo, umurnya, bar",0.0,0.0,0.0
Bank Jago,5,"sirah, live, menghadang",0.0,0.0,0.0
Bank Jago,6,"_______________, 洧뗴洧륋롗륋롗멇롗쀯롗, 洧떃洧륋롗뻟롗뮗롗륋롗뫯롗뫯롗뒳롗______",0.0,0.0,0.0
Bank Jago,7,"bernapas, dicari, dewa",0.0,0.0,0.0
Bank Jago,8,"evercoss, asean, berbagi",0.0,0.0,0.0
Livin' by Mandiri,-1,"yg, indonesia, brand",0.0,0.8090571711460749,0.0
Livin' by Mandiri,0,"brand, indonesia, yg",0.0,0.8090571711460749,0.0
Livin' by Mandiri,1,"gak, nadanya, ngejudge",0.0,0.8090571711460749,0.0
Livin' by Mandiri,2,"tp201, vivobook, meluncur",0.0,0.8090571711460749,0.0
Livin' by Mandiri,3,"bekti, indra, ssefmun",0.0,0.8090571711460749,0.0
Livin' by Mandiri,4,"goooo, umurnya, bar",0.0,0.8090571711460749,0.0
Livin' by Mandiri,5,"sirah, live, menghadang",0.0,0.8090571711460749,0.0
Livin' by Mandiri,6,"_______________, 洧뗴洧륋롗륋롗멇롗쀯롗, 洧떃洧륋롗뻟롗뮗롗륋롗뫯롗뫯롗뒳롗______",0.0,0.8090571711460749,0.0
Livin' by Mandiri,7,"bernapas, dicari, dewa",0.0,0.8090571711460749,0.0
Livin' by Mandiri,8,"evercoss, asean, berbagi",0.0,0.8090571711460749,0.0
Flip,-1,"yg, indonesia, brand",0.8955183765467476,0.9631374490027335,0.996029257774353
Flip,0,"brand, indonesia, yg",0.8955183765467476,0.9631374490027335,0.996029257774353
Flip,1,"gak, nadanya, ngejudge",0.8955183765467476,0.9631374490027335,0.996029257774353
Flip,2,"tp201, vivobook, meluncur",0.8955183765467476,0.9631374490027335,0.996029257774353
Flip,3,"bekti, indra, ssefmun",0.8955183765467476,0.9631374490027335,0.996029257774353
Flip,4,"goooo, umurnya, bar",0.8955183765467476,0.9631374490027335,0.996029257774353
Flip,5,"sirah, live, menghadang",0.8955183765467476,0.9631374490027335,0.996029257774353
Flip,6,"_______________, 洧뗴洧륋롗륋롗멇롗쀯롗, 洧떃洧륋롗뻟롗뮗롗륋롗뫯롗뫯롗뒳롗______",0.8955183765467476,0.9631374490027335,0.996029257774353
Flip,7,"bernapas, dicari, dewa",0.8955183765467476,0.9631374490027335,0.996029257774353
Flip,8,"evercoss, asean, berbagi",0.8955183765467476,0.9631374490027335,0.996029257774353
Gojek,-1,"yg, indonesia, brand",0.9075524932459781,0.9477337698141733,0.8752003411451975
Gojek,0,"brand, indonesia, yg",0.9075524932459781,0.9477337698141733,0.8752003411451975
Gojek,1,"gak, nadanya, ngejudge",0.9075524932459781,0.9477337698141733,0.8752003411451975
Gojek,2,"tp201, vivobook, meluncur",0.9075524932459781,0.9477337698141733,0.8752003411451975
Gojek,3,"bekti, indra, ssefmun",0.9075524932459781,0.9477337698141733,0.8752003411451975
Gojek,4,"goooo, umurnya, bar",0.9075524932459781,0.9477337698141733,0.8752003411451975
Gojek,5,"sirah, live, menghadang",0.9075524932459781,0.9477337698141733,0.8752003411451975
Gojek,6,"_______________, 洧뗴洧륋롗륋롗멇롗쀯롗, 洧떃洧륋롗뻟롗뮗롗륋롗뫯롗뫯롗뒳롗______",0.9075524932459781,0.9477337698141733,0.8752003411451975
Gojek,7,"bernapas, dicari, dewa",0.9075524932459781,0.9477337698141733,0.8752003411451975
Gojek,8,"evercoss, asean, berbagi",0.9075524932459781,0.9477337698141733,0.8752003411451975
Grab,-1,"yg, indonesia, brand",0.9219510427543095,0.9460508674383163,0.7790461003780365
Grab,0,"brand, indonesia, yg",0.9219510427543095,0.9460508674383163,0.7790461003780365
Grab,1,"gak, nadanya, ngejudge",0.9219510427543095,0.9460508674383163,0.7790461003780365
Grab,2,"tp201, vivobook, meluncur",0.9219510427543095,0.9460508674383163,0.7790461003780365
Grab,3,"bekti, indra, ssefmun",0.9219510427543095,0.9460508674383163,0.7790461003780365
Grab,4,"goooo, umurnya, bar",0.9219510427543095,0.9460508674383163,0.7790461003780365
Grab,5,"sirah, live, menghadang",0.9219510427543095,0.9460508674383163,0.7790461003780365
Grab,6,"_______________, 洧뗴洧륋롗륋롗멇롗쀯롗, 洧떃洧륋롗뻟롗뮗롗륋롗뫯롗뫯롗뒳롗______",0.9219510427543095,0.9460508674383163,0.7790461003780365
Grab,7,"bernapas, dicari, dewa",0.9219510427543095,0.9460508674383163,0.7790461003780365
Grab,8,"evercoss, asean, berbagi",0.9219510427543095,0.9460508674383163,0.7790461003780365
Traveloka,-1,"yg, indonesia, brand",0.9212331991929275,0.9111407037292208,0.8548186123371124
Traveloka,0,"brand, indonesia, yg",0.9212331991929275,0.9111407037292208,0.8548186123371124
Traveloka,1,"gak, nadanya, ngejudge",0.9212331991929275,0.9111407037292208,0.8548186123371124
Traveloka,2,"tp201, vivobook, meluncur",0.9212331991929275,0.9111407037292208,0.8548186123371124
Traveloka,3,"bekti, indra, ssefmun",0.9212331991929275,0.9111407037292208,0.8548186123371124
Traveloka,4,"goooo, umurnya, bar",0.9212331991929275,0.9111407037292208,0.8548186123371124
Traveloka,5,"sirah, live, menghadang",0.9212331991929275,0.9111407037292208,0.8548186123371124
Traveloka,6,"_______________, 洧뗴洧륋롗륋롗멇롗쀯롗, 洧떃洧륋롗뻟롗뮗롗륋롗뫯롗뫯롗뒳롗______",0.9212331991929275,0.9111407037292208,0.8548186123371124
Traveloka,7,"bernapas, dicari, dewa",0.9212331991929275,0.9111407037292208,0.8548186123371124
Traveloka,8,"evercoss, asean, berbagi",0.9212331991929275,0.9111407037292208,0.8548186123371124
Tiket.com,-1,"yg, indonesia, brand",0.9974520206451416,0.0,0.0
Tiket.com,0,"brand, indonesia, yg",0.9974520206451416,0.0,0.0
Tiket.com,1,"gak, nadanya, ngejudge",0.9974520206451416,0.0,0.0
Tiket.com,2,"tp201, vivobook, meluncur",0.9974520206451416,0.0,0.0
Tiket.com,3,"bekti, indra, ssefmun",0.9974520206451416,0.0,0.0
Tiket.com,4,"goooo, umurnya, bar",0.9974520206451416,0.0,0.0
Tiket.com,5,"sirah, live, menghadang",0.9974520206451416,0.0,0.0
Tiket.com,6,"_______________, 洧뗴洧륋롗륋롗멇롗쀯롗, 洧떃洧륋롗뻟롗뮗롗륋롗뫯롗뫯롗뒳롗______",0.9974520206451416,0.0,0.0
Tiket.com,7,"bernapas, dicari, dewa",0.9974520206451416,0.0,0.0
Tiket.com,8,"evercoss, asean, berbagi",0.9974520206451416,0.0,0.0
Lion Air,-1,"yg, indonesia, brand",0.9983780384063721,0.9971630664972159,0.975919097661972
Lion Air,0,"brand, indonesia, yg",0.9983780384063721,0.9971630664972159,0.975919097661972
Lion Air,1,"gak, nadanya, ngejudge",0.9983780384063721,0.9971630664972159,0.975919097661972
Lion Air,2,"tp201, vivobook, meluncur",0.9983780384063721,0.9971630664972159,0.975919097661972
Lion Air,3,"bekti, indra, ssefmun",0.9983780384063721,0.9971630664972159,0.975919097661972
Lion Air,4,"goooo, umurnya, bar",0.9983780384063721,0.9971630664972159,0.975919097661972
Lion Air,5,"sirah, live, menghadang",0.9983780384063721,0.9971630664972159,0.975919097661972
Lion Air,6,"_______________, 洧뗴洧륋롗륋롗멇롗쀯롗, 洧떃洧륋롗뻟롗뮗롗륋롗뫯롗뫯롗뒳롗______",0.9983780384063721,0.9971630664972159,0.975919097661972
Lion Air,7,"bernapas, dicari, dewa",0.9983780384063721,0.9971630664972159,0.975919097661972
Lion Air,8,"evercoss, asean, berbagi",0.9983780384063721,0.9971630664972159,0.975919097661972
Garuda Indonesia,-1,"yg, indonesia, brand",0.8520813318698303,0.949340353932297,0.8661248492343085
Garuda Indonesia,0,"brand, indonesia, yg",0.8520813318698303,0.949340353932297,0.8661248492343085
Garuda Indonesia,1,"gak, nadanya, ngejudge",0.8520813318698303,0.949340353932297,0.8661248492343085
Garuda Indonesia,2,"tp201, vivobook, meluncur",0.8520813318698303,0.949340353932297,0.8661248492343085
Garuda Indonesia,3,"bekti, indra, ssefmun",0.8520813318698303,0.949340353932297,0.8661248492343085
Garuda Indonesia,4,"goooo, umurnya, bar",0.8520813318698303,0.949340353932297,0.8661248492343085
Garuda Indonesia,5,"sirah, live, menghadang",0.8520813318698303,0.949340353932297,0.8661248492343085
Garuda Indonesia,6,"_______________, 洧뗴洧륋롗륋롗멇롗쀯롗, 洧떃洧륋롗뻟롗뮗롗륋롗뫯롗뫯롗뒳롗______",0.8520813318698303,0.949340353932297,0.8661248492343085
Garuda Indonesia,7,"bernapas, dicari, dewa",0.8520813318698303,0.949340353932297,0.8661248492343085
Garuda Indonesia,8,"evercoss, asean, berbagi",0.8520813318698303,0.949340353932297,0.8661248492343085
J&T Express,-1,"yg, indonesia, brand",0.9386779392087782,0.9198946014363715,0.0
J&T Express,0,"brand, indonesia, yg",0.9386779392087782,0.9198946014363715,0.0
J&T Express,1,"gak, nadanya, ngejudge",0.9386779392087782,0.9198946014363715,0.0
J&T Express,2,"tp201, vivobook, meluncur",0.9386779392087782,0.9198946014363715,0.0
J&T Express,3,"bekti, indra, ssefmun",0.9386779392087782,0.9198946014363715,0.0
J&T Express,4,"goooo, umurnya, bar",0.9386779392087782,0.9198946014363715,0.0
J&T Express,5,"sirah, live, menghadang",0.9386779392087782,0.9198946014363715,0.0
J&T Express,6,"_______________, 洧뗴洧륋롗륋롗멇롗쀯롗, 洧떃洧륋롗뻟롗뮗롗륋롗뫯롗뫯롗뒳롗______",0.9386779392087782,0.9198946014363715,0.0
J&T Express,7,"bernapas, dicari, dewa",0.9386779392087782,0.9198946014363715,0.0
J&T Express,8,"evercoss, asean, berbagi",0.9386779392087782,0.9198946014363715,0.0
SiCepat,-1,"yg, indonesia, brand",0.9770124753316244,0.977951507414541,0.0
SiCepat,0,"brand, indonesia, yg",0.9770124753316244,0.977951507414541,0.0
SiCepat,1,"gak, nadanya, ngejudge",0.9770124753316244,0.977951507414541,0.0
SiCepat,2,"tp201, vivobook, meluncur",0.9770124753316244,0.977951507414541,0.0
SiCepat,3,"bekti, indra, ssefmun",0.9770124753316244,0.977951507414541,0.0
SiCepat,4,"goooo, umurnya, bar",0.9770124753316244,0.977951507414541,0.0
SiCepat,5,"sirah, live, menghadang",0.9770124753316244,0.977951507414541,0.0
SiCepat,6,"_______________, 洧뗴洧륋롗륋롗멇롗쀯롗, 洧떃洧륋롗뻟롗뮗롗륋롗뫯롗뫯롗뒳롗______",0.9770124753316244,0.977951507414541,0.0
SiCepat,7,"bernapas, dicari, dewa",0.9770124753316244,0.977951507414541,0.0
SiCepat,8,"evercoss, asean, berbagi",0.9770124753316244,0.977951507414541,0.0
Anteraja,-1,"yg, indonesia, brand",0.9708364009857178,0.9822664260864258,0.9872547388076782
Anteraja,0,"brand, indonesia, yg",0.9708364009857178,0.9822664260864258,0.9872547388076782
Anteraja,1,"gak, nadanya, ngejudge",0.9708364009857178,0.9822664260864258,0.9872547388076782
Anteraja,2,"tp201, vivobook, meluncur",0.9708364009857178,0.9822664260864258,0.9872547388076782
Anteraja,3,"bekti, indra, ssefmun",0.9708364009857178,0.9822664260864258,0.9872547388076782
Anteraja,4,"goooo, umurnya, bar",0.9708364009857178,0.9822664260864258,0.9872547388076782
Anteraja,5,"sirah, live, menghadang",0.9708364009857178,0.9822664260864258,0.9872547388076782
Anteraja,6,"_______________, 洧뗴洧륋롗륋롗멇롗쀯롗, 洧떃洧륋롗뻟롗뮗롗륋롗뫯롗뫯롗뒳롗______",0.9708364009857178,0.9822664260864258,0.9872547388076782
Anteraja,7,"bernapas, dicari, dewa",0.9708364009857178,0.9822664260864258,0.9872547388076782
Anteraja,8,"evercoss, asean, berbagi",0.9708364009857178,0.9822664260864258,0.9872547388076782
Pos Indonesia,-1,"yg, indonesia, brand",0.8555303100616701,0.9766388129680714,0.8316628038883209
Pos Indonesia,0,"brand, indonesia, yg",0.8555303100616701,0.9766388129680714,0.8316628038883209
Pos Indonesia,1,"gak, nadanya, ngejudge",0.8555303100616701,0.9766388129680714,0.8316628038883209
Pos Indonesia,2,"tp201, vivobook, meluncur",0.8555303100616701,0.9766388129680714,0.8316628038883209
Pos Indonesia,3,"bekti, indra, ssefmun",0.8555303100616701,0.9766388129680714,0.8316628038883209
Pos Indonesia,4,"goooo, umurnya, bar",0.8555303100616701,0.9766388129680714,0.8316628038883209
Pos Indonesia,5,"sirah, live, menghadang",0.8555303100616701,0.9766388129680714,0.8316628038883209
Pos Indonesia,6,"_______________, 洧뗴洧륋롗륋롗멇롗쀯롗, 洧떃洧륋롗뻟롗뮗롗륋롗뫯롗뫯롗뒳롗______",0.8555303100616701,0.9766388129680714,0.8316628038883209
Pos Indonesia,7,"bernapas, dicari, dewa",0.8555303100616701,0.9766388129680714,0.8316628038883209
Pos Indonesia,8,"evercoss, asean, berbagi",0.8555303100616701,0.9766388129680714,0.8316628038883209
Erigo,-1,"yg, indonesia, brand",0.8906836410363516,0.9798586351030013,0.9402707900319781
Erigo,0,"brand, indonesia, yg",0.8906836410363516,0.9798586351030013,0.9402707900319781
Erigo,1,"gak, nadanya, ngejudge",0.8906836410363516,0.9798586351030013,0.9402707900319781
Erigo,2,"tp201, vivobook, meluncur",0.8906836410363516,0.9798586351030013,0.9402707900319781
Erigo,3,"bekti, indra, ssefmun",0.8906836410363516,0.9798586351030013,0.9402707900319781
Erigo,4,"goooo, umurnya, bar",0.8906836410363516,0.9798586351030013,0.9402707900319781
Erigo,5,"sirah, live, menghadang",0.8906836410363516,0.9798586351030013,0.9402707900319781
Erigo,6,"_______________, 洧뗴洧륋롗륋롗멇롗쀯롗, 洧떃洧륋롗뻟롗뮗롗륋롗뫯롗뫯롗뒳롗______",0.8906836410363516,0.9798586351030013,0.9402707900319781
Erigo,7,"bernapas, dicari, dewa",0.8906836410363516,0.9798586351030013,0.9402707900319781
Erigo,8,"evercoss, asean, berbagi",0.8906836410363516,0.9798586351030013,0.9402707900319781
3Second,-1,"yg, indonesia, brand",0.9534574701235845,0.9612996876239777,0.0
3Second,0,"brand, indonesia, yg",0.9534574701235845,0.9612996876239777,0.0
3Second,1,"gak, nadanya, ngejudge",0.9534574701235845,0.9612996876239777,0.0
3Second,2,"tp201, vivobook, meluncur",0.9534574701235845,0.9612996876239777,0.0
3Second,3,"bekti, indra, ssefmun",0.9534574701235845,0.9612996876239777,0.0
3Second,4,"goooo, umurnya, bar",0.9534574701235845,0.9612996876239777,0.0
3Second,5,"sirah, live, menghadang",0.9534574701235845,0.9612996876239777,0.0
3Second,6,"_______________, 洧뗴洧륋롗륋롗멇롗쀯롗, 洧떃洧륋롗뻟롗뮗롗륋롗뫯롗뫯롗뒳롗______",0.9534574701235845,0.9612996876239777,0.0
3Second,7,"bernapas, dicari, dewa",0.9534574701235845,0.9612996876239777,0.0
3Second,8,"evercoss, asean, berbagi",0.9534574701235845,0.9612996876239777,0.0
Hammer,-1,"yg, indonesia, brand",0.9403990909110668,0.937122760655044,0.814870148897171
Hammer,0,"brand, indonesia, yg",0.9403990909110668,0.937122760655044,0.814870148897171
Hammer,1,"gak, nadanya, ngejudge",0.9403990909110668,0.937122760655044,0.814870148897171
Hammer,2,"tp201, vivobook, meluncur",0.9403990909110668,0.937122760655044,0.814870148897171
Hammer,3,"bekti, indra, ssefmun",0.9403990909110668,0.937122760655044,0.814870148897171
Hammer,4,"goooo, umurnya, bar",0.9403990909110668,0.937122760655044,0.814870148897171
Hammer,5,"sirah, live, menghadang",0.9403990909110668,0.937122760655044,0.814870148897171
Hammer,6,"_______________, 洧뗴洧륋롗륋롗멇롗쀯롗, 洧떃洧륋롗뻟롗뮗롗륋롗뫯롗뫯롗뒳롗______",0.9403990909110668,0.937122760655044,0.814870148897171
Hammer,7,"bernapas, dicari, dewa",0.9403990909110668,0.937122760655044,0.814870148897171
Hammer,8,"evercoss, asean, berbagi",0.9403990909110668,0.937122760655044,0.814870148897171
Lois Indonesia,-1,"yg, indonesia, brand",0.9935716688632965,0.9660706520080566,0.7820788025856018
Lois Indonesia,0,"brand, indonesia, yg",0.9935716688632965,0.9660706520080566,0.7820788025856018
Lois Indonesia,1,"gak, nadanya, ngejudge",0.9935716688632965,0.9660706520080566,0.7820788025856018
Lois Indonesia,2,"tp201, vivobook, meluncur",0.9935716688632965,0.9660706520080566,0.7820788025856018
Lois Indonesia,3,"bekti, indra, ssefmun",0.9935716688632965,0.9660706520080566,0.7820788025856018
Lois Indonesia,4,"goooo, umurnya, bar",0.9935716688632965,0.9660706520080566,0.7820788025856018
Lois Indonesia,5,"sirah, live, menghadang",0.9935716688632965,0.9660706520080566,0.7820788025856018
Lois Indonesia,6,"_______________, 洧뗴洧륋롗륋롗멇롗쀯롗, 洧떃洧륋롗뻟롗뮗롗륋롗뫯롗뫯롗뒳롗______",0.9935716688632965,0.9660706520080566,0.7820788025856018
Lois Indonesia,7,"bernapas, dicari, dewa",0.9935716688632965,0.9660706520080566,0.7820788025856018
Lois Indonesia,8,"evercoss, asean, berbagi",0.9935716688632965,0.9660706520080566,0.7820788025856018
The Executive,-1,"yg, indonesia, brand",0.9280262368696707,0.9653075746127537,0.825424482425054
The Executive,0,"brand, indonesia, yg",0.9280262368696707,0.9653075746127537,0.825424482425054
The Executive,1,"gak, nadanya, ngejudge",0.9280262368696707,0.9653075746127537,0.825424482425054
The Executive,2,"tp201, vivobook, meluncur",0.9280262368696707,0.9653075746127537,0.825424482425054
The Executive,3,"bekti, indra, ssefmun",0.9280262368696707,0.9653075746127537,0.825424482425054
The Executive,4,"goooo, umurnya, bar",0.9280262368696707,0.9653075746127537,0.825424482425054
The Executive,5,"sirah, live, menghadang",0.9280262368696707,0.9653075746127537,0.825424482425054
The Executive,6,"_______________, 洧뗴洧륋롗륋롗멇롗쀯롗, 洧떃洧륋롗뻟롗뮗롗륋롗뫯롗뫯롗뒳롗______",0.9280262368696707,0.9653075746127537,0.825424482425054
The Executive,7,"bernapas, dicari, dewa",0.9280262368696707,0.9653075746127537,0.825424482425054
The Executive,8,"evercoss, asean, berbagi",0.9280262368696707,0.9653075746127537,0.825424482425054
Brodo,-1,"yg, indonesia, brand",0.9316849549611409,0.9057190835475921,0.7722682356834412
Brodo,0,"brand, indonesia, yg",0.9316849549611409,0.9057190835475921,0.7722682356834412
Brodo,1,"gak, nadanya, ngejudge",0.9316849549611409,0.9057190835475921,0.7722682356834412
Brodo,2,"tp201, vivobook, meluncur",0.9316849549611409,0.9057190835475921,0.7722682356834412
Brodo,3,"bekti, indra, ssefmun",0.9316849549611409,0.9057190835475921,0.7722682356834412
Brodo,4,"goooo, umurnya, bar",0.9316849549611409,0.9057190835475921,0.7722682356834412
Brodo,5,"sirah, live, menghadang",0.9316849549611409,0.9057190835475921,0.7722682356834412
Brodo,6,"_______________, 洧뗴洧륋롗륋롗멇롗쀯롗, 洧떃洧륋롗뻟롗뮗롗륋롗뫯롗뫯롗뒳롗______",0.9316849549611409,0.9057190835475921,0.7722682356834412
Brodo,7,"bernapas, dicari, dewa",0.9316849549611409,0.9057190835475921,0.7722682356834412
Brodo,8,"evercoss, asean, berbagi",0.9316849549611409,0.9057190835475921,0.7722682356834412
Geoff Max,-1,"yg, indonesia, brand",0.0,0.9503553435206413,0.0
Geoff Max,0,"brand, indonesia, yg",0.0,0.9503553435206413,0.0
Geoff Max,1,"gak, nadanya, ngejudge",0.0,0.9503553435206413,0.0
Geoff Max,2,"tp201, vivobook, meluncur",0.0,0.9503553435206413,0.0
Geoff Max,3,"bekti, indra, ssefmun",0.0,0.9503553435206413,0.0
Geoff Max,4,"goooo, umurnya, bar",0.0,0.9503553435206413,0.0
Geoff Max,5,"sirah, live, menghadang",0.0,0.9503553435206413,0.0
Geoff Max,6,"_______________, 洧뗴洧륋롗륋롗멇롗쀯롗, 洧떃洧륋롗뻟롗뮗롗륋롗뫯롗뫯롗뒳롗______",0.0,0.9503553435206413,0.0
Geoff Max,7,"bernapas, dicari, dewa",0.0,0.9503553435206413,0.0
Geoff Max,8,"evercoss, asean, berbagi",0.0,0.9503553435206413,0.0
Monstore,-1,"yg, indonesia, brand",0.7636330485343933,0.9961596926053365,0.0
Monstore,0,"brand, indonesia, yg",0.7636330485343933,0.9961596926053365,0.0
Monstore,1,"gak, nadanya, ngejudge",0.7636330485343933,0.9961596926053365,0.0
Monstore,2,"tp201, vivobook, meluncur",0.7636330485343933,0.9961596926053365,0.0
Monstore,3,"bekti, indra, ssefmun",0.7636330485343933,0.9961596926053365,0.0
Monstore,4,"goooo, umurnya, bar",0.7636330485343933,0.9961596926053365,0.0
Monstore,5,"sirah, live, menghadang",0.7636330485343933,0.9961596926053365,0.0
Monstore,6,"_______________, 洧뗴洧륋롗륋롗멇롗쀯롗, 洧떃洧륋롗뻟롗뮗롗륋롗뫯롗뫯롗뒳롗______",0.7636330485343933,0.9961596926053365,0.0
Monstore,7,"bernapas, dicari, dewa",0.7636330485343933,0.9961596926053365,0.0
Monstore,8,"evercoss, asean, berbagi",0.7636330485343933,0.9961596926053365,0.0
Damn! I Love Indonesia,-1,"yg, indonesia, brand",0.8843490222487786,0.9121734850546893,0.8389800361224583
Damn! I Love Indonesia,0,"brand, indonesia, yg",0.8843490222487786,0.9121734850546893,0.8389800361224583
Damn! I Love Indonesia,1,"gak, nadanya, ngejudge",0.8843490222487786,0.9121734850546893,0.8389800361224583
Damn! I Love Indonesia,2,"tp201, vivobook, meluncur",0.8843490222487786,0.9121734850546893,0.8389800361224583
Damn! I Love Indonesia,3,"bekti, indra, ssefmun",0.8843490222487786,0.9121734850546893,0.8389800361224583
Damn! I Love Indonesia,4,"goooo, umurnya, bar",0.8843490222487786,0.9121734850546893,0.8389800361224583
Damn! I Love Indonesia,5,"sirah, live, menghadang",0.8843490222487786,0.9121734850546893,0.8389800361224583
Damn! I Love Indonesia,6,"_______________, 洧뗴洧륋롗륋롗멇롗쀯롗, 洧떃洧륋롗뻟롗뮗롗륋롗뫯롗뫯롗뒳롗______",0.8843490222487786,0.9121734850546893,0.8389800361224583
Damn! I Love Indonesia,7,"bernapas, dicari, dewa",0.8843490222487786,0.9121734850546893,0.8389800361224583
Damn! I Love Indonesia,8,"evercoss, asean, berbagi",0.8843490222487786,0.9121734850546893,0.8389800361224583
Cottonology,-1,"yg, indonesia, brand",0.0,0.0,0.0
Cottonology,0,"brand, indonesia, yg",0.0,0.0,0.0
Cottonology,1,"gak, nadanya, ngejudge",0.0,0.0,0.0
Cottonology,2,"tp201, vivobook, meluncur",0.0,0.0,0.0
Cottonology,3,"bekti, indra, ssefmun",0.0,0.0,0.0
Cottonology,4,"goooo, umurnya, bar",0.0,0.0,0.0
Cottonology,5,"sirah, live, menghadang",0.0,0.0,0.0
Cottonology,6,"_______________, 洧뗴洧륋롗륋롗멇롗쀯롗, 洧떃洧륋롗뻟롗뮗롗륋롗뫯롗뫯롗뒳롗______",0.0,0.0,0.0
Cottonology,7,"bernapas, dicari, dewa",0.0,0.0,0.0
Cottonology,8,"evercoss, asean, berbagi",0.0,0.0,0.0
Advan,-1,"yg, indonesia, brand",0.9032812665919868,0.9485948883570158,0.9426293969154358
Advan,0,"brand, indonesia, yg",0.9032812665919868,0.9485948883570158,0.9426293969154358
Advan,1,"gak, nadanya, ngejudge",0.9032812665919868,0.9485948883570158,0.9426293969154358
Advan,2,"tp201, vivobook, meluncur",0.9032812665919868,0.9485948883570158,0.9426293969154358
Advan,3,"bekti, indra, ssefmun",0.9032812665919868,0.9485948883570158,0.9426293969154358
Advan,4,"goooo, umurnya, bar",0.9032812665919868,0.9485948883570158,0.9426293969154358
Advan,5,"sirah, live, menghadang",0.9032812665919868,0.9485948883570158,0.9426293969154358
Advan,6,"_______________, 洧뗴洧륋롗륋롗멇롗쀯롗, 洧떃洧륋롗뻟롗뮗롗륋롗뫯롗뫯롗뒳롗______",0.9032812665919868,0.9485948883570158,0.9426293969154358
Advan,7,"bernapas, dicari, dewa",0.9032812665919868,0.9485948883570158,0.9426293969154358
Advan,8,"evercoss, asean, berbagi",0.9032812665919868,0.9485948883570158,0.9426293969154358
Axioo,-1,"yg, indonesia, brand",0.9184733103764685,0.8849236102480638,0.8330688774585724
Axioo,0,"brand, indonesia, yg",0.9184733103764685,0.8849236102480638,0.8330688774585724
Axioo,1,"gak, nadanya, ngejudge",0.9184733103764685,0.8849236102480638,0.8330688774585724
Axioo,2,"tp201, vivobook, meluncur",0.9184733103764685,0.8849236102480638,0.8330688774585724
Axioo,3,"bekti, indra, ssefmun",0.9184733103764685,0.8849236102480638,0.8330688774585724
Axioo,4,"goooo, umurnya, bar",0.9184733103764685,0.8849236102480638,0.8330688774585724
Axioo,5,"sirah, live, menghadang",0.9184733103764685,0.8849236102480638,0.8330688774585724
Axioo,6,"_______________, 洧뗴洧륋롗륋롗멇롗쀯롗, 洧떃洧륋롗뻟롗뮗롗륋롗뫯롗뫯롗뒳롗______",0.9184733103764685,0.8849236102480638,0.8330688774585724
Axioo,7,"bernapas, dicari, dewa",0.9184733103764685,0.8849236102480638,0.8330688774585724
Axioo,8,"evercoss, asean, berbagi",0.9184733103764685,0.8849236102480638,0.8330688774585724
Polytron,-1,"yg, indonesia, brand",0.9236935161881976,0.9355736009395905,0.8495953679084778
Polytron,0,"brand, indonesia, yg",0.9236935161881976,0.9355736009395905,0.8495953679084778
Polytron,1,"gak, nadanya, ngejudge",0.9236935161881976,0.9355736009395905,0.8495953679084778
Polytron,2,"tp201, vivobook, meluncur",0.9236935161881976,0.9355736009395905,0.8495953679084778
Polytron,3,"bekti, indra, ssefmun",0.9236935161881976,0.9355736009395905,0.8495953679084778
Polytron,4,"goooo, umurnya, bar",0.9236935161881976,0.9355736009395905,0.8495953679084778
Polytron,5,"sirah, live, menghadang",0.9236935161881976,0.9355736009395905,0.8495953679084778
Polytron,6,"_______________, 洧뗴洧륋롗륋롗멇롗쀯롗, 洧떃洧륋롗뻟롗뮗롗륋롗뫯롗뫯롗뒳롗______",0.9236935161881976,0.9355736009395905,0.8495953679084778
Polytron,7,"bernapas, dicari, dewa",0.9236935161881976,0.9355736009395905,0.8495953679084778
Polytron,8,"evercoss, asean, berbagi",0.9236935161881976,0.9355736009395905,0.8495953679084778
Evercoss,-1,"yg, indonesia, brand",0.8989380200703939,0.9443675102768364,0.7853940427303314
Evercoss,0,"brand, indonesia, yg",0.8989380200703939,0.9443675102768364,0.7853940427303314
Evercoss,1,"gak, nadanya, ngejudge",0.8989380200703939,0.9443675102768364,0.7853940427303314
Evercoss,2,"tp201, vivobook, meluncur",0.8989380200703939,0.9443675102768364,0.7853940427303314
Evercoss,3,"bekti, indra, ssefmun",0.8989380200703939,0.9443675102768364,0.7853940427303314
Evercoss,4,"goooo, umurnya, bar",0.8989380200703939,0.9443675102768364,0.7853940427303314
Evercoss,5,"sirah, live, menghadang",0.8989380200703939,0.9443675102768364,0.7853940427303314
Evercoss,6,"_______________, 洧뗴洧륋롗륋롗멇롗쀯롗, 洧떃洧륋롗뻟롗뮗롗륋롗뫯롗뫯롗뒳롗______",0.8989380200703939,0.9443675102768364,0.7853940427303314
Evercoss,7,"bernapas, dicari, dewa",0.8989380200703939,0.9443675102768364,0.7853940427303314
Evercoss,8,"evercoss, asean, berbagi",0.8989380200703939,0.9443675102768364,0.7853940427303314
Zyrex,-1,"yg, indonesia, brand",0.9772217571735382,0.9428840465843678,0.9863067666689554
Zyrex,0,"brand, indonesia, yg",0.9772217571735382,0.9428840465843678,0.9863067666689554
Zyrex,1,"gak, nadanya, ngejudge",0.9772217571735382,0.9428840465843678,0.9863067666689554
Zyrex,2,"tp201, vivobook, meluncur",0.9772217571735382,0.9428840465843678,0.9863067666689554
Zyrex,3,"bekti, indra, ssefmun",0.9772217571735382,0.9428840465843678,0.9863067666689554
Zyrex,4,"goooo, umurnya, bar",0.9772217571735382,0.9428840465843678,0.9863067666689554
Zyrex,5,"sirah, live, menghadang",0.9772217571735382,0.9428840465843678,0.9863067666689554
Zyrex,6,"_______________, 洧뗴洧륋롗륋롗멇롗쀯롗, 洧떃洧륋롗뻟롗뮗롗륋롗뫯롗뫯롗뒳롗______",0.9772217571735382,0.9428840465843678,0.9863067666689554
Zyrex,7,"bernapas, dicari, dewa",0.9772217571735382,0.9428840465843678,0.9863067666689554
Zyrex,8,"evercoss, asean, berbagi",0.9772217571735382,0.9428840465843678,0.9863067666689554
Smartfren,-1,"yg, indonesia, brand",0.9097521139515771,0.9815434575080871,0.7707845270633698
Smartfren,0,"brand, indonesia, yg",0.9097521139515771,0.9815434575080871,0.7707845270633698
Smartfren,1,"gak, nadanya, ngejudge",0.9097521139515771,0.9815434575080871,0.7707845270633698
Smartfren,2,"tp201, vivobook, meluncur",0.9097521139515771,0.9815434575080871,0.7707845270633698
Smartfren,3,"bekti, indra, ssefmun",0.9097521139515771,0.9815434575080871,0.7707845270633698
Smartfren,4,"goooo, umurnya, bar",0.9097521139515771,0.9815434575080871,0.7707845270633698
Smartfren,5,"sirah, live, menghadang",0.9097521139515771,0.9815434575080871,0.7707845270633698
Smartfren,6,"_______________, 洧뗴洧륋롗륋롗멇롗쀯롗, 洧떃洧륋롗뻟롗뮗롗륋롗뫯롗뫯롗뒳롗______",0.9097521139515771,0.9815434575080871,0.7707845270633698
Smartfren,7,"bernapas, dicari, dewa",0.9097521139515771,0.9815434575080871,0.7707845270633698
Smartfren,8,"evercoss, asean, berbagi",0.9097521139515771,0.9815434575080871,0.7707845270633698
MyRepublic Indonesia,-1,"yg, indonesia, brand",0.7264289855957031,0.979853888352712,0.0
MyRepublic Indonesia,0,"brand, indonesia, yg",0.7264289855957031,0.979853888352712,0.0
MyRepublic Indonesia,1,"gak, nadanya, ngejudge",0.7264289855957031,0.979853888352712,0.0
MyRepublic Indonesia,2,"tp201, vivobook, meluncur",0.7264289855957031,0.979853888352712,0.0
MyRepublic Indonesia,3,"bekti, indra, ssefmun",0.7264289855957031,0.979853888352712,0.0
MyRepublic Indonesia,4,"goooo, umurnya, bar",0.7264289855957031,0.979853888352712,0.0
MyRepublic Indonesia,5,"sirah, live, menghadang",0.7264289855957031,0.979853888352712,0.0
MyRepublic Indonesia,6,"_______________, 洧뗴洧륋롗륋롗멇롗쀯롗, 洧떃洧륋롗뻟롗뮗롗륋롗뫯롗뫯롗뒳롗______",0.7264289855957031,0.979853888352712,0.0
MyRepublic Indonesia,7,"bernapas, dicari, dewa",0.7264289855957031,0.979853888352712,0.0
MyRepublic Indonesia,8,"evercoss, asean, berbagi",0.7264289855957031,0.979853888352712,0.0
Biznet,-1,"yg, indonesia, brand",0.7264289855957031,0.9601158797740936,0.0
Biznet,0,"brand, indonesia, yg",0.7264289855957031,0.9601158797740936,0.0
Biznet,1,"gak, nadanya, ngejudge",0.7264289855957031,0.9601158797740936,0.0
Biznet,2,"tp201, vivobook, meluncur",0.7264289855957031,0.9601158797740936,0.0
Biznet,3,"bekti, indra, ssefmun",0.7264289855957031,0.9601158797740936,0.0
Biznet,4,"goooo, umurnya, bar",0.7264289855957031,0.9601158797740936,0.0
Biznet,5,"sirah, live, menghadang",0.7264289855957031,0.9601158797740936,0.0
Biznet,6,"_______________, 洧뗴洧륋롗륋롗멇롗쀯롗, 洧떃洧륋롗뻟롗뮗롗륋롗뫯롗뫯롗뒳롗______",0.7264289855957031,0.9601158797740936,0.0
Biznet,7,"bernapas, dicari, dewa",0.7264289855957031,0.9601158797740936,0.0
Biznet,8,"evercoss, asean, berbagi",0.7264289855957031,0.9601158797740936,0.0
IndiHome,-1,"yg, indonesia, brand",0.9254461059203515,0.9172032380526045,0.9878178437550863
IndiHome,0,"brand, indonesia, yg",0.9254461059203515,0.9172032380526045,0.9878178437550863
IndiHome,1,"gak, nadanya, ngejudge",0.9254461059203515,0.9172032380526045,0.9878178437550863
IndiHome,2,"tp201, vivobook, meluncur",0.9254461059203515,0.9172032380526045,0.9878178437550863
IndiHome,3,"bekti, indra, ssefmun",0.9254461059203515,0.9172032380526045,0.9878178437550863
IndiHome,4,"goooo, umurnya, bar",0.9254461059203515,0.9172032380526045,0.9878178437550863
IndiHome,5,"sirah, live, menghadang",0.9254461059203515,0.9172032380526045,0.9878178437550863
IndiHome,6,"_______________, 洧뗴洧륋롗륋롗멇롗쀯롗, 洧떃洧륋롗뻟롗뮗롗륋롗뫯롗뫯롗뒳롗______",0.9254461059203515,0.9172032380526045,0.9878178437550863
IndiHome,7,"bernapas, dicari, dewa",0.9254461059203515,0.9172032380526045,0.9878178437550863
IndiHome,8,"evercoss, asean, berbagi",0.9254461059203515,0.9172032380526045,0.9878178437550863
Bardi,-1,"yg, indonesia, brand",0.9750705453065726,0.7719999551773071,0.0
Bardi,0,"brand, indonesia, yg",0.9750705453065726,0.7719999551773071,0.0
Bardi,1,"gak, nadanya, ngejudge",0.9750705453065726,0.7719999551773071,0.0
Bardi,2,"tp201, vivobook, meluncur",0.9750705453065726,0.7719999551773071,0.0
Bardi,3,"bekti, indra, ssefmun",0.9750705453065726,0.7719999551773071,0.0
Bardi,4,"goooo, umurnya, bar",0.9750705453065726,0.7719999551773071,0.0
Bardi,5,"sirah, live, menghadang",0.9750705453065726,0.7719999551773071,0.0
Bardi,6,"_______________, 洧뗴洧륋롗륋롗멇롗쀯롗, 洧떃洧륋롗뻟롗뮗롗륋롗뫯롗뫯롗뒳롗______",0.9750705453065726,0.7719999551773071,0.0
Bardi,7,"bernapas, dicari, dewa",0.9750705453065726,0.7719999551773071,0.0
Bardi,8,"evercoss, asean, berbagi",0.9750705453065726,0.7719999551773071,0.0
Bank BCA,-1,"yg, indonesia, brand",0.9427959521611532,0.9924413444565945,0.0
Bank BCA,0,"brand, indonesia, yg",0.9427959521611532,0.9924413444565945,0.0
Bank BCA,1,"gak, nadanya, ngejudge",0.9427959521611532,0.9924413444565945,0.0
Bank BCA,2,"tp201, vivobook, meluncur",0.9427959521611532,0.9924413444565945,0.0
Bank BCA,3,"bekti, indra, ssefmun",0.9427959521611532,0.9924413444565945,0.0
Bank BCA,4,"goooo, umurnya, bar",0.9427959521611532,0.9924413444565945,0.0
Bank BCA,5,"sirah, live, menghadang",0.9427959521611532,0.9924413444565945,0.0
Bank BCA,6,"_______________, 洧뗴洧륋롗륋롗멇롗쀯롗, 洧떃洧륋롗뻟롗뮗롗륋롗뫯롗뫯롗뒳롗______",0.9427959521611532,0.9924413444565945,0.0
Bank BCA,7,"bernapas, dicari, dewa",0.9427959521611532,0.9924413444565945,0.0
Bank BCA,8,"evercoss, asean, berbagi",0.9427959521611532,0.9924413444565945,0.0
Bank Mandiri,-1,"yg, indonesia, brand",0.9233015076867466,0.9684213429064183,0.9984866380691528
Bank Mandiri,0,"brand, indonesia, yg",0.9233015076867466,0.9684213429064183,0.9984866380691528
Bank Mandiri,1,"gak, nadanya, ngejudge",0.9233015076867466,0.9684213429064183,0.9984866380691528
Bank Mandiri,2,"tp201, vivobook, meluncur",0.9233015076867466,0.9684213429064183,0.9984866380691528
Bank Mandiri,3,"bekti, indra, ssefmun",0.9233015076867466,0.9684213429064183,0.9984866380691528
Bank Mandiri,4,"goooo, umurnya, bar",0.9233015076867466,0.9684213429064183,0.9984866380691528
Bank Mandiri,5,"sirah, live, menghadang",0.9233015076867466,0.9684213429064183,0.9984866380691528
Bank Mandiri,6,"_______________, 洧뗴洧륋롗륋롗멇롗쀯롗, 洧떃洧륋롗뻟롗뮗롗륋롗뫯롗뫯롗뒳롗______",0.9233015076867466,0.9684213429064183,0.9984866380691528
Bank Mandiri,7,"bernapas, dicari, dewa",0.9233015076867466,0.9684213429064183,0.9984866380691528
Bank Mandiri,8,"evercoss, asean, berbagi",0.9233015076867466,0.9684213429064183,0.9984866380691528
BRI,-1,"yg, indonesia, brand",0.8696514851642105,0.9337928120046854,0.9886747002601624
BRI,0,"brand, indonesia, yg",0.8696514851642105,0.9337928120046854,0.9886747002601624
BRI,1,"gak, nadanya, ngejudge",0.8696514851642105,0.9337928120046854,0.9886747002601624
BRI,2,"tp201, vivobook, meluncur",0.8696514851642105,0.9337928120046854,0.9886747002601624
BRI,3,"bekti, indra, ssefmun",0.8696514851642105,0.9337928120046854,0.9886747002601624
BRI,4,"goooo, umurnya, bar",0.8696514851642105,0.9337928120046854,0.9886747002601624
BRI,5,"sirah, live, menghadang",0.8696514851642105,0.9337928120046854,0.9886747002601624
BRI,6,"_______________, 洧뗴洧륋롗륋롗멇롗쀯롗, 洧떃洧륋롗뻟롗뮗롗륋롗뫯롗뫯롗뒳롗______",0.8696514851642105,0.9337928120046854,0.9886747002601624
BRI,7,"bernapas, dicari, dewa",0.8696514851642105,0.9337928120046854,0.9886747002601624
BRI,8,"evercoss, asean, berbagi",0.8696514851642105,0.9337928120046854,0.9886747002601624
BNI,-1,"yg, indonesia, brand",0.8915240036116706,0.9525213618027536,0.9845494031906128
BNI,0,"brand, indonesia, yg",0.8915240036116706,0.9525213618027536,0.9845494031906128
BNI,1,"gak, nadanya, ngejudge",0.8915240036116706,0.9525213618027536,0.9845494031906128
BNI,2,"tp201, vivobook, meluncur",0.8915240036116706,0.9525213618027536,0.9845494031906128
BNI,3,"bekti, indra, ssefmun",0.8915240036116706,0.9525213618027536,0.9845494031906128
BNI,4,"goooo, umurnya, bar",0.8915240036116706,0.9525213618027536,0.9845494031906128
BNI,5,"sirah, live, menghadang",0.8915240036116706,0.9525213618027536,0.9845494031906128
BNI,6,"_______________, 洧뗴洧륋롗륋롗멇롗쀯롗, 洧떃洧륋롗뻟롗뮗롗륋롗뫯롗뫯롗뒳롗______",0.8915240036116706,0.9525213618027536,0.9845494031906128
BNI,7,"bernapas, dicari, dewa",0.8915240036116706,0.9525213618027536,0.9845494031906128
BNI,8,"evercoss, asean, berbagi",0.8915240036116706,0.9525213618027536,0.9845494031906128
BTN,-1,"yg, indonesia, brand",0.8477155612065241,0.9501422345638275,0.0
BTN,0,"brand, indonesia, yg",0.8477155612065241,0.9501422345638275,0.0
BTN,1,"gak, nadanya, ngejudge",0.8477155612065241,0.9501422345638275,0.0
BTN,2,"tp201, vivobook, meluncur",0.8477155612065241,0.9501422345638275,0.0
BTN,3,"bekti, indra, ssefmun",0.8477155612065241,0.9501422345638275,0.0
BTN,4,"goooo, umurnya, bar",0.8477155612065241,0.9501422345638275,0.0
BTN,5,"sirah, live, menghadang",0.8477155612065241,0.9501422345638275,0.0
BTN,6,"_______________, 洧뗴洧륋롗륋롗멇롗쀯롗, 洧떃洧륋롗뻟롗뮗롗륋롗뫯롗뫯롗뒳롗______",0.8477155612065241,0.9501422345638275,0.0
BTN,7,"bernapas, dicari, dewa",0.8477155612065241,0.9501422345638275,0.0
BTN,8,"evercoss, asean, berbagi",0.8477155612065241,0.9501422345638275,0.0
Asuransi Astra,-1,"yg, indonesia, brand",0.5053279995918274,0.95080627539219,0.0
Asuransi Astra,0,"brand, indonesia, yg",0.5053279995918274,0.95080627539219,0.0
Asuransi Astra,1,"gak, nadanya, ngejudge",0.5053279995918274,0.95080627539219,0.0
Asuransi Astra,2,"tp201, vivobook, meluncur",0.5053279995918274,0.95080627539219,0.0
Asuransi Astra,3,"bekti, indra, ssefmun",0.5053279995918274,0.95080627539219,0.0
Asuransi Astra,4,"goooo, umurnya, bar",0.5053279995918274,0.95080627539219,0.0
Asuransi Astra,5,"sirah, live, menghadang",0.5053279995918274,0.95080627539219,0.0
Asuransi Astra,6,"_______________, 洧뗴洧륋롗륋롗멇롗쀯롗, 洧떃洧륋롗뻟롗뮗롗륋롗뫯롗뫯롗뒳롗______",0.5053279995918274,0.95080627539219,0.0
Asuransi Astra,7,"bernapas, dicari, dewa",0.5053279995918274,0.95080627539219,0.0
Asuransi Astra,8,"evercoss, asean, berbagi",0.5053279995918274,0.95080627539219,0.0
Prudential Indonesia,-1,"yg, indonesia, brand",0.955559441447258,0.9650356695055962,0.0
Prudential Indonesia,0,"brand, indonesia, yg",0.955559441447258,0.9650356695055962,0.0
Prudential Indonesia,1,"gak, nadanya, ngejudge",0.955559441447258,0.9650356695055962,0.0
Prudential Indonesia,2,"tp201, vivobook, meluncur",0.955559441447258,0.9650356695055962,0.0
Prudential Indonesia,3,"bekti, indra, ssefmun",0.955559441447258,0.9650356695055962,0.0
Prudential Indonesia,4,"goooo, umurnya, bar",0.955559441447258,0.9650356695055962,0.0
Prudential Indonesia,5,"sirah, live, menghadang",0.955559441447258,0.9650356695055962,0.0
Prudential Indonesia,6,"_______________, 洧뗴洧륋롗륋롗멇롗쀯롗, 洧떃洧륋롗뻟롗뮗롗륋롗뫯롗뫯롗뒳롗______",0.955559441447258,0.9650356695055962,0.0
Prudential Indonesia,7,"bernapas, dicari, dewa",0.955559441447258,0.9650356695055962,0.0
Prudential Indonesia,8,"evercoss, asean, berbagi",0.955559441447258,0.9650356695055962,0.0
AXA Mandiri,-1,"yg, indonesia, brand",0.9482805728912354,0.9906810142777183,0.0
AXA Mandiri,0,"brand, indonesia, yg",0.9482805728912354,0.9906810142777183,0.0
AXA Mandiri,1,"gak, nadanya, ngejudge",0.9482805728912354,0.9906810142777183,0.0
AXA Mandiri,2,"tp201, vivobook, meluncur",0.9482805728912354,0.9906810142777183,0.0
AXA Mandiri,3,"bekti, indra, ssefmun",0.9482805728912354,0.9906810142777183,0.0
AXA Mandiri,4,"goooo, umurnya, bar",0.9482805728912354,0.9906810142777183,0.0
AXA Mandiri,5,"sirah, live, menghadang",0.9482805728912354,0.9906810142777183,0.0
AXA Mandiri,6,"_______________, 洧뗴洧륋롗륋롗멇롗쀯롗, 洧떃洧륋롗뻟롗뮗롗륋롗뫯롗뫯롗뒳롗______",0.9482805728912354,0.9906810142777183,0.0
AXA Mandiri,7,"bernapas, dicari, dewa",0.9482805728912354,0.9906810142777183,0.0
AXA Mandiri,8,"evercoss, asean, berbagi",0.9482805728912354,0.9906810142777183,0.0
Allianz,-1,"yg, indonesia, brand",0.8993705081939697,0.9310780914861765,0.0
Allianz,0,"brand, indonesia, yg",0.8993705081939697,0.9310780914861765,0.0
Allianz,1,"gak, nadanya, ngejudge",0.8993705081939697,0.9310780914861765,0.0
Allianz,2,"tp201, vivobook, meluncur",0.8993705081939697,0.9310780914861765,0.0
Allianz,3,"bekti, indra, ssefmun",0.8993705081939697,0.9310780914861765,0.0
Allianz,4,"goooo, umurnya, bar",0.8993705081939697,0.9310780914861765,0.0
Allianz,5,"sirah, live, menghadang",0.8993705081939697,0.9310780914861765,0.0
Allianz,6,"_______________, 洧뗴洧륋롗륋롗멇롗쀯롗, 洧떃洧륋롗뻟롗뮗롗륋롗뫯롗뫯롗뒳롗______",0.8993705081939697,0.9310780914861765,0.0
Allianz,7,"bernapas, dicari, dewa",0.8993705081939697,0.9310780914861765,0.0
Allianz,8,"evercoss, asean, berbagi",0.8993705081939697,0.9310780914861765,0.0
Pegadaian,-1,"yg, indonesia, brand",0.9743143916130066,0.9803774277369182,0.0
Pegadaian,0,"brand, indonesia, yg",0.9743143916130066,0.9803774277369182,0.0
Pegadaian,1,"gak, nadanya, ngejudge",0.9743143916130066,0.9803774277369182,0.0
Pegadaian,2,"tp201, vivobook, meluncur",0.9743143916130066,0.9803774277369182,0.0
Pegadaian,3,"bekti, indra, ssefmun",0.9743143916130066,0.9803774277369182,0.0
Pegadaian,4,"goooo, umurnya, bar",0.9743143916130066,0.9803774277369182,0.0
Pegadaian,5,"sirah, live, menghadang",0.9743143916130066,0.9803774277369182,0.0
Pegadaian,6,"_______________, 洧뗴洧륋롗륋롗멇롗쀯롗, 洧떃洧륋롗뻟롗뮗롗륋롗뫯롗뫯롗뒳롗______",0.9743143916130066,0.9803774277369182,0.0
Pegadaian,7,"bernapas, dicari, dewa",0.9743143916130066,0.9803774277369182,0.0
Pegadaian,8,"evercoss, asean, berbagi",0.9743143916130066,0.9803774277369182,0.0
