,influencer_name,dim_0,dim_1,dim_2,dim_3,dim_4,dim_5,dim_6,dim_7,influencer,topic-1_influencer_negative,topic0_influencer_negative,topic1_influencer_negative,topic2_influencer_negative,topic3_influencer_negative,topic4_influencer_negative,topic5_influencer_negative,topic6_influencer_negative,topic7_influencer_negative,topic8_influencer_negative,topic-1_influencer_neutral,topic0_influencer_neutral,topic1_influencer_neutral,topic2_influencer_neutral,topic3_influencer_neutral,topic4_influencer_neutral,topic5_influencer_neutral,topic6_influencer_neutral,topic7_influencer_neutral,topic8_influencer_neutral,topic-1_influencer_positive,topic0_influencer_positive,topic1_influencer_positive,topic2_influencer_positive,topic3_influencer_positive,topic4_influencer_positive,topic5_influencer_positive,topic6_influencer_positive,topic7_influencer_positive,topic8_influencer_positive
0,Ayu Tingting,-0.06671871,-0.008507054,0.020168858,0.26288837,0.035139795,0.0057653687,-0.057593346,0.10898315,Ayu Tingting,0.883872918287913,0.883872918287913,0.883872918287913,0.883872918287913,0.883872918287913,0.883872918287913,0.883872918287913,0.883872918287913,0.883872918287913,0.883872918287913,0.8991801110987968,0.8991801110987968,0.8991801110987968,0.8991801110987968,0.8991801110987968,0.8991801110987968,0.8991801110987968,0.8991801110987968,0.8991801110987968,0.8991801110987968,0.9030362944449147,0.9030362944449147,0.9030362944449147,0.9030362944449147,0.9030362944449147,0.9030362944449147,0.9030362944449147,0.9030362944449147,0.9030362944449147,0.9030362944449147
1,Atta Halilintar,-0.028165996,0.061609037,0.061058223,0.46711138,0.057206362,-0.0016185008,-0.19887432,0.32120728,Atta Halilintar,0.8710436486836636,0.8710436486836636,0.8710436486836636,0.8710436486836636,0.8710436486836636,0.8710436486836636,0.8710436486836636,0.8710436486836636,0.8710436486836636,0.8710436486836636,0.9240930561381991,0.9240930561381991,0.9240930561381991,0.9240930561381991,0.9240930561381991,0.9240930561381991,0.9240930561381991,0.9240930561381991,0.9240930561381991,0.9240930561381991,0.9176367132560067,0.9176367132560067,0.9176367132560067,0.9176367132560067,0.9176367132560067,0.9176367132560067,0.9176367132560067,0.9176367132560067,0.9176367132560067,0.9176367132560067
2,Prilly Latuconsina,-0.06860956,-0.012455585,0.017407723,0.2769217,0.037503403,0.004421733,-0.06360582,0.11335422,Prilly Latuconsina,0.9767505526542664,0.9767505526542664,0.9767505526542664,0.9767505526542664,0.9767505526542664,0.9767505526542664,0.9767505526542664,0.9767505526542664,0.9767505526542664,0.9767505526542664,0.9614277293807582,0.9614277293807582,0.9614277293807582,0.9614277293807582,0.9614277293807582,0.9614277293807582,0.9614277293807582,0.9614277293807582,0.9614277293807582,0.9614277293807582,0.9228711207707723,0.9228711207707723,0.9228711207707723,0.9228711207707723,0.9228711207707723,0.9228711207707723,0.9228711207707723,0.9228711207707723,0.9228711207707723,0.9228711207707723
3,Raditya Dika,-0.069904566,-0.009426365,0.020670693,0.27635247,0.037007026,0.005832101,-0.060949665,0.11436463,Raditya Dika,0.896421339114507,0.896421339114507,0.896421339114507,0.896421339114507,0.896421339114507,0.896421339114507,0.896421339114507,0.896421339114507,0.896421339114507,0.896421339114507,0.9432649791768167,0.9432649791768167,0.9432649791768167,0.9432649791768167,0.9432649791768167,0.9432649791768167,0.9432649791768167,0.9432649791768167,0.9432649791768167,0.9432649791768167,0.9244841581041162,0.9244841581041162,0.9244841581041162,0.9244841581041162,0.9244841581041162,0.9244841581041162,0.9244841581041162,0.9244841581041162,0.9244841581041162,0.9244841581041162
4,Iqbaal Ramadhan,-0.06408086,-0.010044416,0.01768711,0.25582153,0.034441713,0.004775784,-0.05753002,0.10532242,Iqbaal Ramadhan,0.9341840604941051,0.9341840604941051,0.9341840604941051,0.9341840604941051,0.9341840604941051,0.9341840604941051,0.9341840604941051,0.9341840604941051,0.9341840604941051,0.9341840604941051,0.9693506249359676,0.9693506249359676,0.9693506249359676,0.9693506249359676,0.9693506249359676,0.9693506249359676,0.9693506249359676,0.9693506249359676,0.9693506249359676,0.9693506249359676,0.8487401526907216,0.8487401526907216,0.8487401526907216,0.8487401526907216,0.8487401526907216,0.8487401526907216,0.8487401526907216,0.8487401526907216,0.8487401526907216,0.8487401526907216
5,Michelle Ziudith,-0.062604174,-0.012422445,0.014933777,0.2545598,0.034610715,0.003605004,-0.059287354,0.10379801,Michelle Ziudith,0.9069373130798339,0.9069373130798339,0.9069373130798339,0.9069373130798339,0.9069373130798339,0.9069373130798339,0.9069373130798339,0.9069373130798339,0.9069373130798339,0.9069373130798339,0.9307529310711095,0.9307529310711095,0.9307529310711095,0.9307529310711095,0.9307529310711095,0.9307529310711095,0.9307529310711095,0.9307529310711095,0.9307529310711095,0.9307529310711095,0.9249975095715439,0.9249975095715439,0.9249975095715439,0.9249975095715439,0.9249975095715439,0.9249975095715439,0.9249975095715439,0.9249975095715439,0.9249975095715439,0.9249975095715439
6,Chelsea Olivia,-0.061870012,-0.011919167,0.015080102,0.25093958,0.03407291,0.0037080874,-0.058169592,0.10245707,Chelsea Olivia,0.973972737789154,0.973972737789154,0.973972737789154,0.973972737789154,0.973972737789154,0.973972737789154,0.973972737789154,0.973972737789154,0.973972737789154,0.973972737789154,0.7652091383934021,0.7652091383934021,0.7652091383934021,0.7652091383934021,0.7652091383934021,0.7652091383934021,0.7652091383934021,0.7652091383934021,0.7652091383934021,0.7652091383934021,0.7598459243774414,0.7598459243774414,0.7598459243774414,0.7598459243774414,0.7598459243774414,0.7598459243774414,0.7598459243774414,0.7598459243774414,0.7598459243774414,0.7598459243774414
7,Dinda Hauw,-0.05999773,-0.013432658,0.012938995,0.24667358,0.033733226,0.0028340416,-0.0586236,0.10000485,Dinda Hauw,0.9032736208703783,0.9032736208703783,0.9032736208703783,0.9032736208703783,0.9032736208703783,0.9032736208703783,0.9032736208703783,0.9032736208703783,0.9032736208703783,0.9032736208703783,0.9270246068841403,0.9270246068841403,0.9270246068841403,0.9270246068841403,0.9270246068841403,0.9270246068841403,0.9270246068841403,0.9270246068841403,0.9270246068841403,0.9270246068841403,0.9079706990718841,0.9079706990718841,0.9079706990718841,0.9079706990718841,0.9079706990718841,0.9079706990718841,0.9079706990718841,0.9079706990718841,0.9079706990718841,0.9079706990718841
8,Lyodra Ginting,-0.06375454,-0.007596312,0.01975174,0.2502628,0.033382054,0.005725799,-0.054405116,0.10395697,Lyodra Ginting,0.8831105615411486,0.8831105615411486,0.8831105615411486,0.8831105615411486,0.8831105615411486,0.8831105615411486,0.8831105615411486,0.8831105615411486,0.8831105615411486,0.8831105615411486,0.907911913673373,0.907911913673373,0.907911913673373,0.907911913673373,0.907911913673373,0.907911913673373,0.907911913673373,0.907911913673373,0.907911913673373,0.907911913673373,0.8728951796105033,0.8728951796105033,0.8728951796105033,0.8728951796105033,0.8728951796105033,0.8728951796105033,0.8728951796105033,0.8728951796105033,0.8728951796105033,0.8728951796105033
9,Gisella Anastasia,-0.0594016,-0.0082767615,0.017325252,0.23530482,0.031545207,0.004847441,-0.052107226,0.097273916,Gisella Anastasia,0.7901821335156759,0.7901821335156759,0.7901821335156759,0.7901821335156759,0.7901821335156759,0.7901821335156759,0.7901821335156759,0.7901821335156759,0.7901821335156759,0.7901821335156759,0.9612442471764304,0.9612442471764304,0.9612442471764304,0.9612442471764304,0.9612442471764304,0.9612442471764304,0.9612442471764304,0.9612442471764304,0.9612442471764304,0.9612442471764304,0.9135324196382002,0.9135324196382002,0.9135324196382002,0.9135324196382002,0.9135324196382002,0.9135324196382002,0.9135324196382002,0.9135324196382002,0.9135324196382002,0.9135324196382002
10,Natasha Wilona,-0.06261384,-0.0103976885,0.01675792,0.2510005,0.033868387,0.0044293785,-0.056902036,0.10311299,Natasha Wilona,0.9474878174563249,0.9474878174563249,0.9474878174563249,0.9474878174563249,0.9474878174563249,0.9474878174563249,0.9474878174563249,0.9474878174563249,0.9474878174563249,0.9474878174563249,0.9341125133875254,0.9341125133875254,0.9341125133875254,0.9341125133875254,0.9341125133875254,0.9341125133875254,0.9341125133875254,0.9341125133875254,0.9341125133875254,0.9341125133875254,0.8750686677726539,0.8750686677726539,0.8750686677726539,0.8750686677726539,0.8750686677726539,0.8750686677726539,0.8750686677726539,0.8750686677726539,0.8750686677726539,0.8750686677726539
11,Ariel Noah,-0.07094307,-0.0030430276,0.019022861,0.2826635,0.033370815,0.008122382,-0.06372303,0.11959444,Ariel Noah,0.9146335213742358,0.9146335213742358,0.9146335213742358,0.9146335213742358,0.9146335213742358,0.9146335213742358,0.9146335213742358,0.9146335213742358,0.9146335213742358,0.9146335213742358,0.9177619098842918,0.9177619098842918,0.9177619098842918,0.9177619098842918,0.9177619098842918,0.9177619098842918,0.9177619098842918,0.9177619098842918,0.9177619098842918,0.9177619098842918,0.8439120609651912,0.8439120609651912,0.8439120609651912,0.8439120609651912,0.8439120609651912,0.8439120609651912,0.8439120609651912,0.8439120609651912,0.8439120609651912,0.8439120609651912
12,Cinta Laura,-0.057294823,-0.009248387,0.015573477,0.22920577,0.030893145,0.00416124,-0.05175393,0.094261564,Cinta Laura,0.9424031934430522,0.9424031934430522,0.9424031934430522,0.9424031934430522,0.9424031934430522,0.9424031934430522,0.9424031934430522,0.9424031934430522,0.9424031934430522,0.9424031934430522,0.9481686076213574,0.9481686076213574,0.9481686076213574,0.9481686076213574,0.9481686076213574,0.9481686076213574,0.9481686076213574,0.9481686076213574,0.9481686076213574,0.9481686076213574,0.951028123497963,0.951028123497963,0.951028123497963,0.951028123497963,0.951028123497963,0.951028123497963,0.951028123497963,0.951028123497963,0.951028123497963,0.951028123497963
13,Felicya Angelista,-0.009133354,0.06293222,0.05432977,0.39466622,0.047663458,-0.0037247986,-0.18404609,0.2908795,Felicya Angelista,0.0,0.0,0.0,0.0,0.0,0.0,0.0,0.0,0.0,0.0,0.9612443211938249,0.9612443211938249,0.9612443211938249,0.9612443211938249,0.9612443211938249,0.9612443211938249,0.9612443211938249,0.9612443211938249,0.9612443211938249,0.9612443211938249,0.9542853360374769,0.9542853360374769,0.9542853360374769,0.9542853360374769,0.9542853360374769,0.9542853360374769,0.9542853360374769,0.9542853360374769,0.9542853360374769,0.9542853360374769
14,Indra Bekti,-0.054586735,-0.009120708,0.0145592075,0.21892165,0.029547116,0.0038387664,-0.049673352,0.08991326,Indra Bekti,0.911989027634263,0.911989027634263,0.911989027634263,0.911989027634263,0.911989027634263,0.911989027634263,0.911989027634263,0.911989027634263,0.911989027634263,0.911989027634263,0.9152988634059127,0.9152988634059127,0.9152988634059127,0.9152988634059127,0.9152988634059127,0.9152988634059127,0.9152988634059127,0.9152988634059127,0.9152988634059127,0.9152988634059127,0.8740762662887573,0.8740762662887573,0.8740762662887573,0.8740762662887573,0.8740762662887573,0.8740762662887573,0.8740762662887573,0.8740762662887573,0.8740762662887573,0.8740762662887573
15,Rizky Febian,-0.0670689,-0.008645922,0.020190021,0.26443544,0.035358988,0.0057573305,-0.058006946,0.10958775,Rizky Febian,0.9118401312828064,0.9118401312828064,0.9118401312828064,0.9118401312828064,0.9118401312828064,0.9118401312828064,0.9118401312828064,0.9118401312828064,0.9118401312828064,0.9118401312828064,0.93384319130737,0.93384319130737,0.93384319130737,0.93384319130737,0.93384319130737,0.93384319130737,0.93384319130737,0.93384319130737,0.93384319130737,0.93384319130737,0.9067835303999129,0.9067835303999129,0.9067835303999129,0.9067835303999129,0.9067835303999129,0.9067835303999129,0.9067835303999129,0.9067835303999129,0.9067835303999129,0.9067835303999129
16,Tasya Kamila,-0.06341097,-0.011208388,0.016361492,0.2554004,0.034549803,0.004210036,-0.058427874,0.10466033,Tasya Kamila,0.8501506772111443,0.8501506772111443,0.8501506772111443,0.8501506772111443,0.8501506772111443,0.8501506772111443,0.8501506772111443,0.8501506772111443,0.8501506772111443,0.8501506772111443,0.9438953537453887,0.9438953537453887,0.9438953537453887,0.9438953537453887,0.9438953537453887,0.9438953537453887,0.9438953537453887,0.9438953537453887,0.9438953537453887,0.9438953537453887,0.8935180681943894,0.8935180681943894,0.8935180681943894,0.8935180681943894,0.8935180681943894,0.8935180681943894,0.8935180681943894,0.8935180681943894,0.8935180681943894,0.8935180681943894
17,Alexa Belvana,-0.059026845,-0.00988953,0.015719242,0.23677665,0.03196043,0.0041400623,-0.053745635,0.09723616,Alexa Belvana,0.0,0.0,0.0,0.0,0.0,0.0,0.0,0.0,0.0,0.0,0.0,0.0,0.0,0.0,0.0,0.0,0.0,0.0,0.0,0.0,0.0,0.0,0.0,0.0,0.0,0.0,0.0,0.0,0.0,0.0
18,Ayla Dimitri,-0.067547284,-0.008264769,0.0207321,0.26553535,0.035447836,0.005978399,-0.05789751,0.11021624,Ayla Dimitri,0.9733126481374105,0.9733126481374105,0.9733126481374105,0.9733126481374105,0.9733126481374105,0.9733126481374105,0.9733126481374105,0.9733126481374105,0.9733126481374105,0.9733126481374105,0.9337674796581268,0.9337674796581268,0.9337674796581268,0.9337674796581268,0.9337674796581268,0.9337674796581268,0.9337674796581268,0.9337674796581268,0.9337674796581268,0.9337674796581268,0.9388972263710171,0.9388972263710171,0.9388972263710171,0.9388972263710171,0.9388972263710171,0.9388972263710171,0.9388972263710171,0.9388972263710171,0.9388972263710171,0.9388972263710171
19,Valerie Pola,-0.057122618,-0.0102148205,0.014632927,0.23028223,0.031167077,0.0037445906,-0.052773044,0.09432216,Valerie Pola,0.952173936751581,0.952173936751581,0.952173936751581,0.952173936751581,0.952173936751581,0.952173936751581,0.952173936751581,0.952173936751581,0.952173936751581,0.952173936751581,0.8749180531927517,0.8749180531927517,0.8749180531927517,0.8749180531927517,0.8749180531927517,0.8749180531927517,0.8749180531927517,0.8749180531927517,0.8749180531927517,0.8749180531927517,0.863102295706349,0.863102295706349,0.863102295706349,0.863102295706349,0.863102295706349,0.863102295706349,0.863102295706349,0.863102295706349,0.863102295706349,0.863102295706349
20,Sarah Gabriella Tumiwa,-0.061927646,-0.009680526,0.017116513,0.2471787,0.033274684,0.0046260357,-0.05556576,0.1017743,Sarah Gabriella Tumiwa,0.0,0.0,0.0,0.0,0.0,0.0,0.0,0.0,0.0,0.0,0.0,0.0,0.0,0.0,0.0,0.0,0.0,0.0,0.0,0.0,0.0,0.0,0.0,0.0,0.0,0.0,0.0,0.0,0.0,0.0
21,Tiffany Regina,-0.06369808,-0.008835586,0.018614182,0.25225353,0.033812158,0.005214244,-0.055829056,0.10429591,Tiffany Regina,0.0,0.0,0.0,0.0,0.0,0.0,0.0,0.0,0.0,0.0,0.0,0.0,0.0,0.0,0.0,0.0,0.0,0.0,0.0,0.0,0.9862436950206757,0.9862436950206757,0.9862436950206757,0.9862436950206757,0.9862436950206757,0.9862436950206757,0.9862436950206757,0.9862436950206757,0.9862436950206757,0.9862436950206757
22,Vili Su,-0.06572328,-0.009245789,0.019089775,0.26050317,0.034934867,0.0053274706,-0.05775682,0.107656576,Vili Su,0.0,0.0,0.0,0.0,0.0,0.0,0.0,0.0,0.0,0.0,0.0,0.0,0.0,0.0,0.0,0.0,0.0,0.0,0.0,0.0,0.0,0.0,0.0,0.0,0.0,0.0,0.0,0.0,0.0,0.0
23,Claradevi,-0.053987935,-0.008601099,0.014776649,0.21577516,0.029068213,0.0039672013,-0.048632756,0.08878181,Claradevi,0.8970532437850689,0.8970532437850689,0.8970532437850689,0.8970532437850689,0.8970532437850689,0.8970532437850689,0.8970532437850689,0.8970532437850689,0.8970532437850689,0.8970532437850689,0.9198993921279908,0.9198993921279908,0.9198993921279908,0.9198993921279908,0.9198993921279908,0.9198993921279908,0.9198993921279908,0.9198993921279908,0.9198993921279908,0.9198993921279908,0.9467845324959073,0.9467845324959073,0.9467845324959073,0.9467845324959073,0.9467845324959073,0.9467845324959073,0.9467845324959073,0.9467845324959073,0.9467845324959073,0.9467845324959073
24,Yumi Kwandy,-0.062903315,-0.009725679,0.017482698,0.25088236,0.033759322,0.004742561,-0.05631434,0.10334062,Yumi Kwandy,0.9748366713523865,0.9748366713523865,0.9748366713523865,0.9748366713523865,0.9748366713523865,0.9748366713523865,0.9748366713523865,0.9748366713523865,0.9748366713523865,0.9748366713523865,0.9599427435849164,0.9599427435849164,0.9599427435849164,0.9599427435849164,0.9599427435849164,0.9599427435849164,0.9599427435849164,0.9599427435849164,0.9599427435849164,0.9599427435849164,0.9005014041195745,0.9005014041195745,0.9005014041195745,0.9005014041195745,0.9005014041195745,0.9005014041195745,0.9005014041195745,0.9005014041195745,0.9005014041195745,0.9005014041195745
25,Fadhilah Razak,-0.060981948,-0.009307651,0.017057426,0.24300443,0.032683525,0.004646869,-0.054451324,0.10014226,Fadhilah Razak,0.9389674492546769,0.9389674492546769,0.9389674492546769,0.9389674492546769,0.9389674492546769,0.9389674492546769,0.9389674492546769,0.9389674492546769,0.9389674492546769,0.9389674492546769,0.7696123407000587,0.7696123407000587,0.7696123407000587,0.7696123407000587,0.7696123407000587,0.7696123407000587,0.7696123407000587,0.7696123407000587,0.7696123407000587,0.7696123407000587,0.8790074878809403,0.8790074878809403,0.8790074878809403,0.8790074878809403,0.8790074878809403,0.8790074878809403,0.8790074878809403,0.8790074878809403,0.8790074878809403,0.8790074878809403
26,Aurel Oriana,-0.061045017,-0.009987672,0.016472429,0.2444461,0.032964647,0.004379167,-0.0552997,0.100477725,Aurel Oriana,0.0,0.0,0.0,0.0,0.0,0.0,0.0,0.0,0.0,0.0,0.0,0.0,0.0,0.0,0.0,0.0,0.0,0.0,0.0,0.0,0.0,0.0,0.0,0.0,0.0,0.0,0.0,0.0,0.0,0.0
27,Angel Tamara,-0.059806786,-0.008041689,0.017705495,0.23639221,0.03165283,0.00499901,-0.05211822,0.09783659,Angel Tamara,0.8375612696011862,0.8375612696011862,0.8375612696011862,0.8375612696011862,0.8375612696011862,0.8375612696011862,0.8375612696011862,0.8375612696011862,0.8375612696011862,0.8375612696011862,0.7648641268412272,0.7648641268412272,0.7648641268412272,0.7648641268412272,0.7648641268412272,0.7648641268412272,0.7648641268412272,0.7648641268412272,0.7648641268412272,0.7648641268412272,0.961966335773468,0.961966335773468,0.961966335773468,0.961966335773468,0.961966335773468,0.961966335773468,0.961966335773468,0.961966335773468,0.961966335773468,0.961966335773468
28,Calista Cherrie,-0.06372843,-0.010657327,0.016989212,0.25560096,0.03449878,0.004477923,-0.05800303,0.10497429,Calista Cherrie,0.0,0.0,0.0,0.0,0.0,0.0,0.0,0.0,0.0,0.0,0.9293805956840515,0.9293805956840515,0.9293805956840515,0.9293805956840515,0.9293805956840515,0.9293805956840515,0.9293805956840515,0.9293805956840515,0.9293805956840515,0.9293805956840515,0.9926057457923889,0.9926057457923889,0.9926057457923889,0.9926057457923889,0.9926057457923889,0.9926057457923889,0.9926057457923889,0.9926057457923889,0.9926057457923889,0.9926057457923889
29,Shalfa Putri Raihan,-0.054945968,-0.0054904637,0.018508432,0.19883342,0.026254904,-0.0026941642,-0.042837646,0.08625248,Shalfa Putri Raihan,0.0,0.0,0.0,0.0,0.0,0.0,0.0,0.0,0.0,0.0,0.0,0.0,0.0,0.0,0.0,0.0,0.0,0.0,0.0,0.0,0.0,0.0,0.0,0.0,0.0,0.0,0.0,0.0,0.0,0.0
30,Sarah Ayu,-0.056157578,-0.008294909,0.015956452,0.22328922,0.029995918,0.0043916013,-0.04981704,0.09212425,Sarah Ayu,0.9360617884369784,0.9360617884369784,0.9360617884369784,0.9360617884369784,0.9360617884369784,0.9360617884369784,0.9360617884369784,0.9360617884369784,0.9360617884369784,0.9360617884369784,0.9286075860261918,0.9286075860261918,0.9286075860261918,0.9286075860261918,0.9286075860261918,0.9286075860261918,0.9286075860261918,0.9286075860261918,0.9286075860261918,0.9286075860261918,0.946351136152561,0.946351136152561,0.946351136152561,0.946351136152561,0.946351136152561,0.946351136152561,0.946351136152561,0.946351136152561,0.946351136152561,0.946351136152561
31,Agustina Hermanto,-0.05518867,-0.008742162,0.015150449,0.22048499,0.02969618,0.0040758536,-0.049655035,0.09073901,Agustina Hermanto,0.9548937082290649,0.9548937082290649,0.9548937082290649,0.9548937082290649,0.9548937082290649,0.9548937082290649,0.9548937082290649,0.9548937082290649,0.9548937082290649,0.9548937082290649,0.9875119698047637,0.9875119698047637,0.9875119698047637,0.9875119698047637,0.9875119698047637,0.9875119698047637,0.9875119698047637,0.9875119698047637,0.9875119698047637,0.9875119698047637,0.913605835288763,0.913605835288763,0.913605835288763,0.913605835288763,0.913605835288763,0.913605835288763,0.913605835288763,0.913605835288763,0.913605835288763,0.913605835288763
32,Najwa Shihab,-0.058690816,-0.0046147006,0.020852838,0.21130303,0.02774468,-0.001757694,-0.044493318,0.09192486,Najwa Shihab,0.9259190992133258,0.9259190992133258,0.9259190992133258,0.9259190992133258,0.9259190992133258,0.9259190992133258,0.9259190992133258,0.9259190992133258,0.9259190992133258,0.9259190992133258,0.9400032358009274,0.9400032358009274,0.9400032358009274,0.9400032358009274,0.9400032358009274,0.9400032358009274,0.9400032358009274,0.9400032358009274,0.9400032358009274,0.9400032358009274,0.8744817652872631,0.8744817652872631,0.8744817652872631,0.8744817652872631,0.8744817652872631,0.8744817652872631,0.8744817652872631,0.8744817652872631,0.8744817652872631,0.8744817652872631
33,Dewi Lestari,-0.0653935,-0.005575032,0.022252036,0.2527606,0.033422492,0.0067739985,-0.0531849,0.105862685,Dewi Lestari,0.0,0.0,0.0,0.0,0.0,0.0,0.0,0.0,0.0,0.0,0.9736859401067098,0.9736859401067098,0.9736859401067098,0.9736859401067098,0.9736859401067098,0.9736859401067098,0.9736859401067098,0.9736859401067098,0.9736859401067098,0.9736859401067098,0.8904317617416382,0.8904317617416382,0.8904317617416382,0.8904317617416382,0.8904317617416382,0.8904317617416382,0.8904317617416382,0.8904317617416382,0.8904317617416382,0.8904317617416382
34,Brian Febrian,-0.059075244,-0.0042772796,0.021246817,0.21409754,0.0280847,-0.0005106136,-0.04473655,0.092812255,Brian Febrian,0.9361776543988122,0.9361776543988122,0.9361776543988122,0.9361776543988122,0.9361776543988122,0.9361776543988122,0.9361776543988122,0.9361776543988122,0.9361776543988122,0.9361776543988122,0.9165503059295897,0.9165503059295897,0.9165503059295897,0.9165503059295897,0.9165503059295897,0.9165503059295897,0.9165503059295897,0.9165503059295897,0.9165503059295897,0.9165503059295897,0.8609792436614181,0.8609792436614181,0.8609792436614181,0.8609792436614181,0.8609792436614181,0.8609792436614181,0.8609792436614181,0.8609792436614181,0.8609792436614181,0.8609792436614181
35,Najelaa Shihab,-0.061435446,-0.008332957,0.01812268,0.24295798,0.032541465,0.0051057637,-0.053622898,0.10052588,Najelaa Shihab,0.8335216045379639,0.8335216045379639,0.8335216045379639,0.8335216045379639,0.8335216045379639,0.8335216045379639,0.8335216045379639,0.8335216045379639,0.8335216045379639,0.8335216045379639,0.9507006376981735,0.9507006376981735,0.9507006376981735,0.9507006376981735,0.9507006376981735,0.9507006376981735,0.9507006376981735,0.9507006376981735,0.9507006376981735,0.9507006376981735,0.908259636589459,0.908259636589459,0.908259636589459,0.908259636589459,0.908259636589459,0.908259636589459,0.908259636589459,0.908259636589459,0.908259636589459,0.908259636589459
36,Gede Prama,-0.06659264,-0.008292757,0.02030893,0.2620396,0.03500026,0.005835048,-0.057250317,0.108708635,Gede Prama,0.9984022974967957,0.9984022974967957,0.9984022974967957,0.9984022974967957,0.9984022974967957,0.9984022974967957,0.9984022974967957,0.9984022974967957,0.9984022974967957,0.9984022974967957,0.9338467121124268,0.9338467121124268,0.9338467121124268,0.9338467121124268,0.9338467121124268,0.9338467121124268,0.9338467121124268,0.9338467121124268,0.9338467121124268,0.9338467121124268,0.0,0.0,0.0,0.0,0.0,0.0,0.0,0.0,0.0,0.0
37,Gitasav,-0.0630618,-0.008365236,0.018771715,0.24905536,0.03333345,0.005317474,-0.05481995,0.10312192,Gitasav,0.9469946870144378,0.9469946870144378,0.9469946870144378,0.9469946870144378,0.9469946870144378,0.9469946870144378,0.9469946870144378,0.9469946870144378,0.9469946870144378,0.9469946870144378,0.8590594977140427,0.8590594977140427,0.8590594977140427,0.8590594977140427,0.8590594977140427,0.8590594977140427,0.8590594977140427,0.8590594977140427,0.8590594977140427,0.8590594977140427,0.9001070583058942,0.9001070583058942,0.9001070583058942,0.9001070583058942,0.9001070583058942,0.9001070583058942,0.9001070583058942,0.9001070583058942,0.9001070583058942,0.9001070583058942
38,Alya Nurshabrina,-0.06387246,-0.008680774,0.018826043,0.25262624,0.033838682,0.005301278,-0.0557704,0.10451949,Alya Nurshabrina,0.9666746258735657,0.9666746258735657,0.9666746258735657,0.9666746258735657,0.9666746258735657,0.9666746258735657,0.9666746258735657,0.9666746258735657,0.9666746258735657,0.9666746258735657,0.9432477015588019,0.9432477015588019,0.9432477015588019,0.9432477015588019,0.9432477015588019,0.9432477015588019,0.9432477015588019,0.9432477015588019,0.9432477015588019,0.9432477015588019,0.8031386484702429,0.8031386484702429,0.8031386484702429,0.8031386484702429,0.8031386484702429,0.8031386484702429,0.8031386484702429,0.8031386484702429,0.8031386484702429,0.8031386484702429
39,Reza Aditya,-0.05628685,-0.007857828,0.01640325,0.22299322,0.029896675,0.00458714,-0.049392756,0.092178516,Reza Aditya,0.92357087880373,0.92357087880373,0.92357087880373,0.92357087880373,0.92357087880373,0.92357087880373,0.92357087880373,0.92357087880373,0.92357087880373,0.92357087880373,0.9097048109397292,0.9097048109397292,0.9097048109397292,0.9097048109397292,0.9097048109397292,0.9097048109397292,0.9097048109397292,0.9097048109397292,0.9097048109397292,0.9097048109397292,0.8752578028610775,0.8752578028610775,0.8752578028610775,0.8752578028610775,0.8752578028610775,0.8752578028610775,0.8752578028610775,0.8752578028610775,0.8752578028610775,0.8752578028610775
40,Felix Siauw,-0.069158055,-0.009389968,0.02039218,0.27351543,0.036635537,0.0057436964,-0.060374714,0.113165565,Felix Siauw,0.9477548640707265,0.9477548640707265,0.9477548640707265,0.9477548640707265,0.9477548640707265,0.9477548640707265,0.9477548640707265,0.9477548640707265,0.9477548640707265,0.9477548640707265,0.9408354123433431,0.9408354123433431,0.9408354123433431,0.9408354123433431,0.9408354123433431,0.9408354123433431,0.9408354123433431,0.9408354123433431,0.9408354123433431,0.9408354123433431,0.8853885402733629,0.8853885402733629,0.8853885402733629,0.8853885402733629,0.8853885402733629,0.8853885402733629,0.8853885402733629,0.8853885402733629,0.8853885402733629,0.8853885402733629
41,Agustinus Wibowo,-0.06160719,0.0008518938,0.027470917,0.19845371,0.02512588,-0.006634986,-0.03749696,0.09185328,Agustinus Wibowo,0.8511657259043526,0.8511657259043526,0.8511657259043526,0.8511657259043526,0.8511657259043526,0.8511657259043526,0.8511657259043526,0.8511657259043526,0.8511657259043526,0.8511657259043526,0.9602686729696062,0.9602686729696062,0.9602686729696062,0.9602686729696062,0.9602686729696062,0.9602686729696062,0.9602686729696062,0.9602686729696062,0.9602686729696062,0.9602686729696062,0.9121961131309851,0.9121961131309851,0.9121961131309851,0.9121961131309851,0.9121961131309851,0.9121961131309851,0.9121961131309851,0.9121961131309851,0.9121961131309851,0.9121961131309851
42,Rara Sekar,-0.051278148,0.0018761791,0.0068131303,0.41242734,0.057351697,0.029544774,-0.12328477,0.19344516,Rara Sekar,0.9484789716570001,0.9484789716570001,0.9484789716570001,0.9484789716570001,0.9484789716570001,0.9484789716570001,0.9484789716570001,0.9484789716570001,0.9484789716570001,0.9484789716570001,0.9195497302866694,0.9195497302866694,0.9195497302866694,0.9195497302866694,0.9195497302866694,0.9195497302866694,0.9195497302866694,0.9195497302866694,0.9195497302866694,0.9195497302866694,0.9483606637670443,0.9483606637670443,0.9483606637670443,0.9483606637670443,0.9483606637670443,0.9483606637670443,0.9483606637670443,0.9483606637670443,0.9483606637670443,0.9483606637670443
43,Isyana Sarasvati,-0.06472331,0.001687997,0.02950266,0.20909265,0.02639125,-0.0055689574,-0.038832717,0.09662842,Isyana Sarasvati,0.8601529254363134,0.8601529254363134,0.8601529254363134,0.8601529254363134,0.8601529254363134,0.8601529254363134,0.8601529254363134,0.8601529254363134,0.8601529254363134,0.8601529254363134,0.942724698336325,0.942724698336325,0.942724698336325,0.942724698336325,0.942724698336325,0.942724698336325,0.942724698336325,0.942724698336325,0.942724698336325,0.942724698336325,0.923454380848191,0.923454380848191,0.923454380848191,0.923454380848191,0.923454380848191,0.923454380848191,0.923454380848191,0.923454380848191,0.923454380848191,0.923454380848191
44,Vidi Aldiano,-0.060502026,-0.004470285,0.021205794,0.23263283,0.030668756,0.006546854,-0.0483941,0.097706206,Vidi Aldiano,0.907312823832035,0.907312823832035,0.907312823832035,0.907312823832035,0.907312823832035,0.907312823832035,0.907312823832035,0.907312823832035,0.907312823832035,0.907312823832035,0.9859398348551047,0.9859398348551047,0.9859398348551047,0.9859398348551047,0.9859398348551047,0.9859398348551047,0.9859398348551047,0.9859398348551047,0.9859398348551047,0.9859398348551047,0.8879089309619024,0.8879089309619024,0.8879089309619024,0.8879089309619024,0.8879089309619024,0.8879089309619024,0.8879089309619024,0.8879089309619024,0.8879089309619024,0.8879089309619024
45,Helga Angelina,-0.04536068,0.000927411,0.0036195493,0.41090748,0.058245394,0.030663477,-0.12677303,0.19418067,Helga Angelina,0.0,0.0,0.0,0.0,0.0,0.0,0.0,0.0,0.0,0.0,0.9845173805952072,0.9845173805952072,0.9845173805952072,0.9845173805952072,0.9845173805952072,0.9845173805952072,0.9845173805952072,0.9845173805952072,0.9845173805952072,0.9845173805952072,0.0,0.0,0.0,0.0,0.0,0.0,0.0,0.0,0.0,0.0
46,Melati Wijsen,-0.04475092,-0.0012432169,0.0016954922,0.42790937,0.061596964,0.03166854,-0.13421081,0.2020732,Melati Wijsen,0.5710937976837158,0.5710937976837158,0.5710937976837158,0.5710937976837158,0.5710937976837158,0.5710937976837158,0.5710937976837158,0.5710937976837158,0.5710937976837158,0.5710937976837158,0.9824697460447039,0.9824697460447039,0.9824697460447039,0.9824697460447039,0.9824697460447039,0.9824697460447039,0.9824697460447039,0.9824697460447039,0.9824697460447039,0.9824697460447039,0.877105346747807,0.877105346747807,0.877105346747807,0.877105346747807,0.877105346747807,0.877105346747807,0.877105346747807,0.877105346747807,0.877105346747807,0.877105346747807
47,Anindya Kusuma,-0.045694005,0.0011260528,0.0038106446,0.39283645,0.05491726,0.028445551,-0.12012665,0.18473351,Anindya Kusuma,0.9601471760056236,0.9601471760056236,0.9601471760056236,0.9601471760056236,0.9601471760056236,0.9601471760056236,0.9601471760056236,0.9601471760056236,0.9601471760056236,0.9601471760056236,0.921884008874632,0.921884008874632,0.921884008874632,0.921884008874632,0.921884008874632,0.921884008874632,0.921884008874632,0.921884008874632,0.921884008874632,0.921884008874632,0.9319690352394467,0.9319690352394467,0.9319690352394467,0.9319690352394467,0.9319690352394467,0.9319690352394467,0.9319690352394467,0.9319690352394467,0.9319690352394467,0.9319690352394467
48,Eva Bande,-0.03566371,0.0020789374,0.0005595805,0.33766052,0.047392935,0.02518416,-0.10590779,0.15973546,Eva Bande,0.0,0.0,0.0,0.0,0.0,0.0,0.0,0.0,0.0,0.0,0.0,0.0,0.0,0.0,0.0,0.0,0.0,0.0,0.0,0.0,0.7855830192565918,0.7855830192565918,0.7855830192565918,0.7855830192565918,0.7855830192565918,0.7855830192565918,0.7855830192565918,0.7855830192565918,0.7855830192565918,0.7855830192565918
49,Zahra Muzdalifah,-0.062778026,-0.005493097,0.021235257,0.24290165,0.032137763,0.006445734,-0.051224355,0.10167739,Zahra Muzdalifah,0.9311601860182626,0.9311601860182626,0.9311601860182626,0.9311601860182626,0.9311601860182626,0.9311601860182626,0.9311601860182626,0.9311601860182626,0.9311601860182626,0.9311601860182626,0.9772021093486268,0.9772021093486268,0.9772021093486268,0.9772021093486268,0.9772021093486268,0.9772021093486268,0.9772021093486268,0.9772021093486268,0.9772021093486268,0.9772021093486268,0.8880324201150374,0.8880324201150374,0.8880324201150374,0.8880324201150374,0.8880324201150374,0.8880324201150374,0.8880324201150374,0.8880324201150374,0.8880324201150374,0.8880324201150374
50,Sarwendah,-0.053380568,-0.009746745,0.0147197675,0.21346505,0.029637067,0.0021344633,-0.04977897,0.08911443,Sarwendah,0.9003753518236095,0.9003753518236095,0.9003753518236095,0.9003753518236095,0.9003753518236095,0.9003753518236095,0.9003753518236095,0.9003753518236095,0.9003753518236095,0.9003753518236095,0.9620372577452324,0.9620372577452324,0.9620372577452324,0.9620372577452324,0.9620372577452324,0.9620372577452324,0.9620372577452324,0.9620372577452324,0.9620372577452324,0.9620372577452324,0.8994940612997328,0.8994940612997328,0.8994940612997328,0.8994940612997328,0.8994940612997328,0.8994940612997328,0.8994940612997328,0.8994940612997328,0.8994940612997328,0.8994940612997328
51,Cut Meyriska,-0.05345966,-0.00994756,0.014332622,0.21452346,0.029663593,0.0023144833,-0.050028533,0.08913341,Cut Meyriska,0.9194751808160468,0.9194751808160468,0.9194751808160468,0.9194751808160468,0.9194751808160468,0.9194751808160468,0.9194751808160468,0.9194751808160468,0.9194751808160468,0.9194751808160468,0.9321161291816018,0.9321161291816018,0.9321161291816018,0.9321161291816018,0.9321161291816018,0.9321161291816018,0.9321161291816018,0.9321161291816018,0.9321161291816018,0.9321161291816018,0.9488585330545902,0.9488585330545902,0.9488585330545902,0.9488585330545902,0.9488585330545902,0.9488585330545902,0.9488585330545902,0.9488585330545902,0.9488585330545902,0.9488585330545902
52,Danu Alqamara,-0.04940465,-0.011829406,0.010299406,0.20391405,0.028180584,0.0016701331,-0.049242683,0.08286078,Danu Alqamara,0.0,0.0,0.0,0.0,0.0,0.0,0.0,0.0,0.0,0.0,0.0,0.0,0.0,0.0,0.0,0.0,0.0,0.0,0.0,0.0,0.0,0.0,0.0,0.0,0.0,0.0,0.0,0.0,0.0,0.0
53,Donna Harun,-0.05802992,-0.0107314065,0.01454682,0.23456907,0.031792838,0.003660032,-0.054029904,0.09594289,Donna Harun,0.8420539140701294,0.8420539140701294,0.8420539140701294,0.8420539140701294,0.8420539140701294,0.8420539140701294,0.8420539140701294,0.8420539140701294,0.8420539140701294,0.8420539140701294,0.9148516071470161,0.9148516071470161,0.9148516071470161,0.9148516071470161,0.9148516071470161,0.9148516071470161,0.9148516071470161,0.9148516071470161,0.9148516071470161,0.9148516071470161,0.9075153646832805,0.9075153646832805,0.9075153646832805,0.9075153646832805,0.9075153646832805,0.9075153646832805,0.9075153646832805,0.9075153646832805,0.9075153646832805,0.9075153646832805
54,Rian Fahardhi,-0.060439337,-0.012476752,0.0139824,0.24661632,0.03359239,0.0032836548,-0.057808895,0.10037607,Rian Fahardhi,0.883055065359388,0.883055065359388,0.883055065359388,0.883055065359388,0.883055065359388,0.883055065359388,0.883055065359388,0.883055065359388,0.883055065359388,0.883055065359388,0.9742875606164165,0.9742875606164165,0.9742875606164165,0.9742875606164165,0.9742875606164165,0.9742875606164165,0.9742875606164165,0.9742875606164165,0.9742875606164165,0.9742875606164165,0.8923811763525009,0.8923811763525009,0.8923811763525009,0.8923811763525009,0.8923811763525009,0.8923811763525009,0.8923811763525009,0.8923811763525009,0.8923811763525009,0.8923811763525009
55,Nona Berlian Sakina,-0.060484406,-0.011673031,0.014916847,0.24502757,0.03338643,0.0034144572,-0.05692695,0.100311734,Nona Berlian Sakina,0.5276423692703247,0.5276423692703247,0.5276423692703247,0.5276423692703247,0.5276423692703247,0.5276423692703247,0.5276423692703247,0.5276423692703247,0.5276423692703247,0.5276423692703247,0.9322030288832528,0.9322030288832528,0.9322030288832528,0.9322030288832528,0.9322030288832528,0.9322030288832528,0.9322030288832528,0.9322030288832528,0.9322030288832528,0.9322030288832528,0.49742281436920166,0.49742281436920166,0.49742281436920166,0.49742281436920166,0.49742281436920166,0.49742281436920166,0.49742281436920166,0.49742281436920166,0.49742281436920166,0.49742281436920166
56,Henjiwong,-0.053850707,-0.008697666,0.015416646,0.21410152,0.029317768,0.0030885888,-0.04879322,0.089173615,Henjiwong,0.8065840852888007,0.8065840852888007,0.8065840852888007,0.8065840852888007,0.8065840852888007,0.8065840852888007,0.8065840852888007,0.8065840852888007,0.8065840852888007,0.8065840852888007,0.9080807971102851,0.9080807971102851,0.9080807971102851,0.9080807971102851,0.9080807971102851,0.9080807971102851,0.9080807971102851,0.9080807971102851,0.9080807971102851,0.9080807971102851,0.9155119503989364,0.9155119503989364,0.9155119503989364,0.9155119503989364,0.9155119503989364,0.9155119503989364,0.9155119503989364,0.9155119503989364,0.9155119503989364,0.9155119503989364
57,Anakjajan,-0.06653243,-0.009951447,0.019141933,0.26416647,0.035707887,0.0047871387,-0.05923132,0.10944345,Anakjajan,0.89389888048172,0.89389888048172,0.89389888048172,0.89389888048172,0.89389888048172,0.89389888048172,0.89389888048172,0.89389888048172,0.89389888048172,0.89389888048172,0.9249107214537534,0.9249107214537534,0.9249107214537534,0.9249107214537534,0.9249107214537534,0.9249107214537534,0.9249107214537534,0.9249107214537534,0.9249107214537534,0.9249107214537534,0.9350052520080849,0.9350052520080849,0.9350052520080849,0.9350052520080849,0.9350052520080849,0.9350052520080849,0.9350052520080849,0.9350052520080849,0.9350052520080849,0.9350052520080849
58,Kuliner Koko,-0.06791239,-0.010849638,0.01872855,0.27119508,0.036636446,0.0048025143,-0.061242513,0.11181409,Kuliner Koko,0.9229434782808478,0.9229434782808478,0.9229434782808478,0.9229434782808478,0.9229434782808478,0.9229434782808478,0.9229434782808478,0.9229434782808478,0.9229434782808478,0.9229434782808478,0.8763084280490875,0.8763084280490875,0.8763084280490875,0.8763084280490875,0.8763084280490875,0.8763084280490875,0.8763084280490875,0.8763084280490875,0.8763084280490875,0.8763084280490875,0.9388100591324667,0.9388100591324667,0.9388100591324667,0.9388100591324667,0.9388100591324667,0.9388100591324667,0.9388100591324667,0.9388100591324667,0.9388100591324667,0.9388100591324667
59,Susan Theresia,-0.06659583,-0.010305706,0.018723862,0.26524568,0.03582401,0.004783799,-0.059671875,0.10957407,Susan Theresia,0.0,0.0,0.0,0.0,0.0,0.0,0.0,0.0,0.0,0.0,0.0,0.0,0.0,0.0,0.0,0.0,0.0,0.0,0.0,0.0,0.9952184557914734,0.9952184557914734,0.9952184557914734,0.9952184557914734,0.9952184557914734,0.9952184557914734,0.9952184557914734,0.9952184557914734,0.9952184557914734,0.9952184557914734
60,Agakenyang,-0.056592964,-0.009091813,0.016518198,0.22445329,0.030890021,0.0029803975,-0.051270444,0.09389825,Agakenyang,0.949606227569091,0.949606227569091,0.949606227569091,0.949606227569091,0.949606227569091,0.949606227569091,0.949606227569091,0.949606227569091,0.949606227569091,0.949606227569091,0.8935812606531031,0.8935812606531031,0.8935812606531031,0.8935812606531031,0.8935812606531031,0.8935812606531031,0.8935812606531031,0.8935812606531031,0.8935812606531031,0.8935812606531031,0.9211240030825139,0.9211240030825139,0.9211240030825139,0.9211240030825139,0.9211240030825139,0.9211240030825139,0.9211240030825139,0.9211240030825139,0.9211240030825139,0.9211240030825139
61,Ayoe Widya,-0.057894107,-0.009370193,0.016714765,0.22994275,0.031582676,0.0031472053,-0.052508928,0.0959922,Ayoe Widya,0.9925336390733719,0.9925336390733719,0.9925336390733719,0.9925336390733719,0.9925336390733719,0.9925336390733719,0.9925336390733719,0.9925336390733719,0.9925336390733719,0.9925336390733719,0.9550646335094959,0.9550646335094959,0.9550646335094959,0.9550646335094959,0.9550646335094959,0.9550646335094959,0.9550646335094959,0.9550646335094959,0.9550646335094959,0.9550646335094959,0.8663779837744576,0.8663779837744576,0.8663779837744576,0.8663779837744576,0.8663779837744576,0.8663779837744576,0.8663779837744576,0.8663779837744576,0.8663779837744576,0.8663779837744576
62,Syifa Hadju,-0.061370254,-0.010960715,0.015733328,0.24738172,0.033479616,0.0040285983,-0.056681085,0.10133123,Syifa Hadju,0.9455655942792478,0.9455655942792478,0.9455655942792478,0.9455655942792478,0.9455655942792478,0.9455655942792478,0.9455655942792478,0.9455655942792478,0.9455655942792478,0.9455655942792478,0.9510879849528407,0.9510879849528407,0.9510879849528407,0.9510879849528407,0.9510879849528407,0.9510879849528407,0.9510879849528407,0.9510879849528407,0.9510879849528407,0.9510879849528407,0.9506079766848315,0.9506079766848315,0.9506079766848315,0.9506079766848315,0.9506079766848315,0.9506079766848315,0.9506079766848315,0.9506079766848315,0.9506079766848315,0.9506079766848315
63,Greysia Polii,-0.066114746,-0.0053525567,0.022752726,0.2550442,0.033686362,0.0069641396,-0.053435992,0.10693205,Greysia Polii,0.8543923497200012,0.8543923497200012,0.8543923497200012,0.8543923497200012,0.8543923497200012,0.8543923497200012,0.8543923497200012,0.8543923497200012,0.8543923497200012,0.8543923497200012,0.9799293543719039,0.9799293543719039,0.9799293543719039,0.9799293543719039,0.9799293543719039,0.9799293543719039,0.9799293543719039,0.9799293543719039,0.9799293543719039,0.9799293543719039,0.8669051863253117,0.8669051863253117,0.8669051863253117,0.8669051863253117,0.8669051863253117,0.8669051863253117,0.8669051863253117,0.8669051863253117,0.8669051863253117,0.8669051863253117
64,Apriyani Rahayu,-0.05364709,-0.0058454988,0.017130418,0.20909825,0.027814945,0.0047610677,-0.04503723,0.08718465,Apriyani Rahayu,0.0,0.0,0.0,0.0,0.0,0.0,0.0,0.0,0.0,0.0,0.9976369387225101,0.9976369387225101,0.9976369387225101,0.9976369387225101,0.9976369387225101,0.9976369387225101,0.9976369387225101,0.9976369387225101,0.9976369387225101,0.9976369387225101,0.8056339621543884,0.8056339621543884,0.8056339621543884,0.8056339621543884,0.8056339621543884,0.8056339621543884,0.8056339621543884,0.8056339621543884,0.8056339621543884,0.8056339621543884
65,Liliyana Natsir,-0.06542647,-0.0052857148,0.022525858,0.25236934,0.033331573,0.006896161,-0.05286657,0.10581501,Liliyana Natsir,0.8860998392105103,0.8860998392105103,0.8860998392105103,0.8860998392105103,0.8860998392105103,0.8860998392105103,0.8860998392105103,0.8860998392105103,0.8860998392105103,0.8860998392105103,0.970965335926702,0.970965335926702,0.970965335926702,0.970965335926702,0.970965335926702,0.970965335926702,0.970965335926702,0.970965335926702,0.970965335926702,0.970965335926702,0.9126225180096097,0.9126225180096097,0.9126225180096097,0.9126225180096097,0.9126225180096097,0.9126225180096097,0.9126225180096097,0.9126225180096097,0.9126225180096097,0.9126225180096097
66,Rio Haryanto,-0.05798027,-0.0061772624,0.018619977,0.22629832,0.030088931,0.005504373,-0.0486139,0.094288655,Rio Haryanto,0.893607984570896,0.893607984570896,0.893607984570896,0.893607984570896,0.893607984570896,0.893607984570896,0.893607984570896,0.893607984570896,0.893607984570896,0.893607984570896,0.9512806069105864,0.9512806069105864,0.9512806069105864,0.9512806069105864,0.9512806069105864,0.9512806069105864,0.9512806069105864,0.9512806069105864,0.9512806069105864,0.9512806069105864,0.9193350294741188,0.9193350294741188,0.9193350294741188,0.9193350294741188,0.9193350294741188,0.9193350294741188,0.9193350294741188,0.9193350294741188,0.9193350294741188,0.9193350294741188
67,Anthony Ginting,-0.053152226,-0.0034725405,0.01938914,0.19381191,0.025393607,0.00068646204,-0.040152885,0.08374646,Anthony Ginting,0.8941084470437921,0.8941084470437921,0.8941084470437921,0.8941084470437921,0.8941084470437921,0.8941084470437921,0.8941084470437921,0.8941084470437921,0.8941084470437921,0.8941084470437921,0.9836122598221053,0.9836122598221053,0.9836122598221053,0.9836122598221053,0.9836122598221053,0.9836122598221053,0.9836122598221053,0.9836122598221053,0.9836122598221053,0.9836122598221053,0.8779992510875066,0.8779992510875066,0.8779992510875066,0.8779992510875066,0.8779992510875066,0.8779992510875066,0.8779992510875066,0.8779992510875066,0.8779992510875066,0.8779992510875066
68,Jonatan Christie,-0.052132864,-0.005755023,0.016561667,0.20383221,0.027128473,0.004867647,-0.04394829,0.08484894,Jonatan Christie,0.9548991695046425,0.9548991695046425,0.9548991695046425,0.9548991695046425,0.9548991695046425,0.9548991695046425,0.9548991695046425,0.9548991695046425,0.9548991695046425,0.9548991695046425,0.9759682068208448,0.9759682068208448,0.9759682068208448,0.9759682068208448,0.9759682068208448,0.9759682068208448,0.9759682068208448,0.9759682068208448,0.9759682068208448,0.9759682068208448,0.8223596726145063,0.8223596726145063,0.8223596726145063,0.8223596726145063,0.8223596726145063,0.8223596726145063,0.8223596726145063,0.8223596726145063,0.8223596726145063,0.8223596726145063
69,Kevin Sanjaya,-0.063249156,-0.0067582484,0.020294396,0.24689779,0.032830473,0.005996595,-0.053054832,0.102863826,Kevin Sanjaya,0.9298311273256937,0.9298311273256937,0.9298311273256937,0.9298311273256937,0.9298311273256937,0.9298311273256937,0.9298311273256937,0.9298311273256937,0.9298311273256937,0.9298311273256937,0.9705104106350949,0.9705104106350949,0.9705104106350949,0.9705104106350949,0.9705104106350949,0.9705104106350949,0.9705104106350949,0.9705104106350949,0.9705104106350949,0.9705104106350949,0.9484201633568966,0.9484201633568966,0.9484201633568966,0.9484201633568966,0.9484201633568966,0.9484201633568966,0.9484201633568966,0.9484201633568966,0.9484201633568966,0.9484201633568966
70,Marcus Gideon,-0.05778702,-0.0063815834,0.01835574,0.22594342,0.030071616,0.0053946045,-0.048717596,0.094052196,Marcus Gideon,0.9333928287029266,0.9333928287029266,0.9333928287029266,0.9333928287029266,0.9333928287029266,0.9333928287029266,0.9333928287029266,0.9333928287029266,0.9333928287029266,0.9333928287029266,0.9228738824526469,0.9228738824526469,0.9228738824526469,0.9228738824526469,0.9228738824526469,0.9228738824526469,0.9228738824526469,0.9228738824526469,0.9228738824526469,0.9228738824526469,0.8242214647206393,0.8242214647206393,0.8242214647206393,0.8242214647206393,0.8242214647206393,0.8242214647206393,0.8242214647206393,0.8242214647206393,0.8242214647206393,0.8242214647206393
71,Rizki Amelia,-0.053656522,-0.0043383623,0.018470384,0.20697542,0.027336663,0.0056541376,-0.04336026,0.086780556,Rizki Amelia,0.9268985167145729,0.9268985167145729,0.9268985167145729,0.9268985167145729,0.9268985167145729,0.9268985167145729,0.9268985167145729,0.9268985167145729,0.9268985167145729,0.9268985167145729,0.956034317612648,0.956034317612648,0.956034317612648,0.956034317612648,0.956034317612648,0.956034317612648,0.956034317612648,0.956034317612648,0.956034317612648,0.956034317612648,0.9213804960250854,0.9213804960250854,0.9213804960250854,0.9213804960250854,0.9213804960250854,0.9213804960250854,0.9213804960250854,0.9213804960250854,0.9213804960250854,0.9213804960250854
72,Eko Yuli Irawan,-0.057397626,-0.005987361,0.018547773,0.22379729,0.029739412,0.00550102,-0.047974356,0.09329694,Eko Yuli Irawan,0.0,0.0,0.0,0.0,0.0,0.0,0.0,0.0,0.0,0.0,0.9675626305283093,0.9675626305283093,0.9675626305283093,0.9675626305283093,0.9675626305283093,0.9675626305283093,0.9675626305283093,0.9675626305283093,0.9675626305283093,0.9675626305283093,0.8873486253950331,0.8873486253950331,0.8873486253950331,0.8873486253950331,0.8873486253950331,0.8873486253950331,0.8873486253950331,0.8873486253950331,0.8873486253950331,0.8873486253950331
73,Diananda Choirunisa,-0.05497208,-0.0052250633,0.018343154,0.21007824,0.027820114,0.0036675124,-0.04471712,0.088514864,Diananda Choirunisa,0.9931812435388565,0.9931812435388565,0.9931812435388565,0.9931812435388565,0.9931812435388565,0.9931812435388565,0.9931812435388565,0.9931812435388565,0.9931812435388565,0.9931812435388565,0.9706993375865507,0.9706993375865507,0.9706993375865507,0.9706993375865507,0.9706993375865507,0.9706993375865507,0.9706993375865507,0.9706993375865507,0.9706993375865507,0.9706993375865507,0.9276366108342221,0.9276366108342221,0.9276366108342221,0.9276366108342221,0.9276366108342221,0.9276366108342221,0.9276366108342221,0.9276366108342221,0.9276366108342221,0.9276366108342221
74,Indra Sjafri,-0.059091993,-0.008625105,0.016883032,0.23477347,0.031525213,0.0046630423,-0.052298166,0.096902326,Indra Sjafri,0.9142042756080627,0.9142042756080627,0.9142042756080627,0.9142042756080627,0.9142042756080627,0.9142042756080627,0.9142042756080627,0.9142042756080627,0.9142042756080627,0.9142042756080627,0.9492988454741101,0.9492988454741101,0.9492988454741101,0.9492988454741101,0.9492988454741101,0.9492988454741101,0.9492988454741101,0.9492988454741101,0.9492988454741101,0.9492988454741101,0.8258772452672323,0.8258772452672323,0.8258772452672323,0.8258772452672323,0.8258772452672323,0.8258772452672323,0.8258772452672323,0.8258772452672323,0.8258772452672323,0.8258772452672323
75,Wahyu Nayaka,-0.05257073,-0.004629899,0.017755628,0.2034606,0.02692342,0.0053855283,-0.04293099,0.08515568,Wahyu Nayaka,0.921949544778237,0.921949544778237,0.921949544778237,0.921949544778237,0.921949544778237,0.921949544778237,0.921949544778237,0.921949544778237,0.921949544778237,0.921949544778237,0.9696810143233756,0.9696810143233756,0.9696810143233756,0.9696810143233756,0.9696810143233756,0.9696810143233756,0.9696810143233756,0.9696810143233756,0.9696810143233756,0.9696810143233756,0.8637993388316211,0.8637993388316211,0.8637993388316211,0.8637993388316211,0.8637993388316211,0.8637993388316211,0.8637993388316211,0.8637993388316211,0.8637993388316211,0.8637993388316211
76,Ahsan Hendra,-0.050644755,-0.0033345409,0.018237531,0.1906765,0.025050778,0.0038518133,-0.039404824,0.08098838,Ahsan Hendra,0.8990929561692316,0.8990929561692316,0.8990929561692316,0.8990929561692316,0.8990929561692316,0.8990929561692316,0.8990929561692316,0.8990929561692316,0.8990929561692316,0.8990929561692316,0.9231140487121813,0.9231140487121813,0.9231140487121813,0.9231140487121813,0.9231140487121813,0.9231140487121813,0.9231140487121813,0.9231140487121813,0.9231140487121813,0.9231140487121813,0.9388208435727404,0.9388208435727404,0.9388208435727404,0.9388208435727404,0.9388208435727404,0.9388208435727404,0.9388208435727404,0.9388208435727404,0.9388208435727404,0.9388208435727404
77,Aprilia Manganang,-0.06329066,-0.006064241,0.020935565,0.24581963,0.032594353,0.006284439,-0.052264452,0.10268973,Aprilia Manganang,0.8898443151265383,0.8898443151265383,0.8898443151265383,0.8898443151265383,0.8898443151265383,0.8898443151265383,0.8898443151265383,0.8898443151265383,0.8898443151265383,0.8898443151265383,0.9460535312400145,0.9460535312400145,0.9460535312400145,0.9460535312400145,0.9460535312400145,0.9460535312400145,0.9460535312400145,0.9460535312400145,0.9460535312400145,0.9460535312400145,0.8950034141540527,0.8950034141540527,0.8950034141540527,0.8950034141540527,0.8950034141540527,0.8950034141540527,0.8950034141540527,0.8950034141540527,0.8950034141540527,0.8950034141540527
78,Zohri Lalu,-0.06551534,-0.008116748,0.02001801,0.2577262,0.034418613,0.0057576653,-0.056274712,0.10693554,Zohri Lalu,0.8296310007572174,0.8296310007572174,0.8296310007572174,0.8296310007572174,0.8296310007572174,0.8296310007572174,0.8296310007572174,0.8296310007572174,0.8296310007572174,0.8296310007572174,0.9847505962626534,0.9847505962626534,0.9847505962626534,0.9847505962626534,0.9847505962626534,0.9847505962626534,0.9847505962626534,0.9847505962626534,0.9847505962626534,0.9847505962626534,0.8824670672416687,0.8824670672416687,0.8824670672416687,0.8824670672416687,0.8824670672416687,0.8824670672416687,0.8824670672416687,0.8824670672416687,0.8824670672416687,0.8824670672416687
79,Bryan Domani,-0.051823504,-0.006990549,0.015322035,0.2048771,0.027435893,0.004322653,-0.045187593,0.084784634,Bryan Domani,0.8798974162858465,0.8798974162858465,0.8798974162858465,0.8798974162858465,0.8798974162858465,0.8798974162858465,0.8798974162858465,0.8798974162858465,0.8798974162858465,0.8798974162858465,0.9250434392856227,0.9250434392856227,0.9250434392856227,0.9250434392856227,0.9250434392856227,0.9250434392856227,0.9250434392856227,0.9250434392856227,0.9250434392856227,0.9250434392856227,0.9189325395302895,0.9189325395302895,0.9189325395302895,0.9189325395302895,0.9189325395302895,0.9189325395302895,0.9189325395302895,0.9189325395302895,0.9189325395302895,0.9189325395302895
80,Yasa Singgih,-0.0033280961,0.073324814,0.06340614,0.41368267,0.04835096,-0.0012155846,-0.19719507,0.31631652,Yasa Singgih,0.9393823862075805,0.9393823862075805,0.9393823862075805,0.9393823862075805,0.9393823862075805,0.9393823862075805,0.9393823862075805,0.9393823862075805,0.9393823862075805,0.9393823862075805,0.9425369752892132,0.9425369752892132,0.9425369752892132,0.9425369752892132,0.9425369752892132,0.9425369752892132,0.9425369752892132,0.9425369752892132,0.9425369752892132,0.9425369752892132,0.9307244925787954,0.9307244925787954,0.9307244925787954,0.9307244925787954,0.9307244925787954,0.9307244925787954,0.9307244925787954,0.9307244925787954,0.9307244925787954,0.9307244925787954
81,Andhika Diskartes,-0.02915823,0.07259802,0.14679253,0.38101915,0.09022649,-0.004255096,-0.1796712,0.3911584,Andhika Diskartes,0.8688715947301764,0.8688715947301764,0.8688715947301764,0.8688715947301764,0.8688715947301764,0.8688715947301764,0.8688715947301764,0.8688715947301764,0.8688715947301764,0.8688715947301764,0.9504595370963216,0.9504595370963216,0.9504595370963216,0.9504595370963216,0.9504595370963216,0.9504595370963216,0.9504595370963216,0.9504595370963216,0.9504595370963216,0.9504595370963216,0.8843084871768951,0.8843084871768951,0.8843084871768951,0.8843084871768951,0.8843084871768951,0.8843084871768951,0.8843084871768951,0.8843084871768951,0.8843084871768951,0.8843084871768951
82,Raden Rauf,0.14073555,-0.070322916,0.0074634776,0.18295401,-0.14891955,0.17690311,-0.23262182,0.32879642,Raden Rauf,0.947412121295929,0.947412121295929,0.947412121295929,0.947412121295929,0.947412121295929,0.947412121295929,0.947412121295929,0.947412121295929,0.947412121295929,0.947412121295929,0.7530360206657526,0.7530360206657526,0.7530360206657526,0.7530360206657526,0.7530360206657526,0.7530360206657526,0.7530360206657526,0.7530360206657526,0.7530360206657526,0.7530360206657526,0.9133710446881085,0.9133710446881085,0.9133710446881085,0.9133710446881085,0.9133710446881085,0.9133710446881085,0.9133710446881085,0.9133710446881085,0.9133710446881085,0.9133710446881085
83,Sandy Firmansyah,-0.008127607,0.0741681,0.06676897,0.44312105,0.051927704,-0.00030143186,-0.20611385,0.33220202,Sandy Firmansyah,0.9569697976112366,0.9569697976112366,0.9569697976112366,0.9569697976112366,0.9569697976112366,0.9569697976112366,0.9569697976112366,0.9569697976112366,0.9569697976112366,0.9569697976112366,0.9512393396833668,0.9512393396833668,0.9512393396833668,0.9512393396833668,0.9512393396833668,0.9512393396833668,0.9512393396833668,0.9512393396833668,0.9512393396833668,0.9512393396833668,0.9661819140116373,0.9661819140116373,0.9661819140116373,0.9661819140116373,0.9661819140116373,0.9661819140116373,0.9661819140116373,0.9661819140116373,0.9661819140116373,0.9661819140116373
84,Jouska,-0.027511183,0.07144206,0.14889053,0.35621896,0.09074095,-0.005535106,-0.1712045,0.38252956,Jouska,0.9769322780462412,0.9769322780462412,0.9769322780462412,0.9769322780462412,0.9769322780462412,0.9769322780462412,0.9769322780462412,0.9769322780462412,0.9769322780462412,0.9769322780462412,0.835916002591451,0.835916002591451,0.835916002591451,0.835916002591451,0.835916002591451,0.835916002591451,0.835916002591451,0.835916002591451,0.835916002591451,0.835916002591451,0.8724857866764069,0.8724857866764069,0.8724857866764069,0.8724857866764069,0.8724857866764069,0.8724857866764069,0.8724857866764069,0.8724857866764069,0.8724857866764069,0.8724857866764069
85,Fellexandro Ruby,-0.016565725,0.07026142,0.06579636,0.45957538,0.05476952,-0.0005467944,-0.20591812,0.3327476,Fellexandro Ruby,0.8915939764543013,0.8915939764543013,0.8915939764543013,0.8915939764543013,0.8915939764543013,0.8915939764543013,0.8915939764543013,0.8915939764543013,0.8915939764543013,0.8915939764543013,0.8789640078621526,0.8789640078621526,0.8789640078621526,0.8789640078621526,0.8789640078621526,0.8789640078621526,0.8789640078621526,0.8789640078621526,0.8789640078621526,0.8789640078621526,0.8865593419625208,0.8865593419625208,0.8865593419625208,0.8865593419625208,0.8865593419625208,0.8865593419625208,0.8865593419625208,0.8865593419625208,0.8865593419625208,0.8865593419625208
86,Denny Santoso,0.14073555,-0.070322916,0.0074634776,0.18295401,-0.14891955,0.17690311,-0.23262182,0.32879642,Denny Santoso,0.9216363243028229,0.9216363243028229,0.9216363243028229,0.9216363243028229,0.9216363243028229,0.9216363243028229,0.9216363243028229,0.9216363243028229,0.9216363243028229,0.9216363243028229,0.9374311214143579,0.9374311214143579,0.9374311214143579,0.9374311214143579,0.9374311214143579,0.9374311214143579,0.9374311214143579,0.9374311214143579,0.9374311214143579,0.9374311214143579,0.9397511358918815,0.9397511358918815,0.9397511358918815,0.9397511358918815,0.9397511358918815,0.9397511358918815,0.9397511358918815,0.9397511358918815,0.9397511358918815,0.9397511358918815
87,Vincent Raditya,-0.06166729,-0.010746619,0.016049623,0.24810474,0.033543102,0.0041566887,-0.056639794,0.101729274,Vincent Raditya,0.9401468634605408,0.9401468634605408,0.9401468634605408,0.9401468634605408,0.9401468634605408,0.9401468634605408,0.9401468634605408,0.9401468634605408,0.9401468634605408,0.9401468634605408,0.9402052195448625,0.9402052195448625,0.9402052195448625,0.9402052195448625,0.9402052195448625,0.9402052195448625,0.9402052195448625,0.9402052195448625,0.9402052195448625,0.9402052195448625,0.7871696523257664,0.7871696523257664,0.7871696523257664,0.7871696523257664,0.7871696523257664,0.7871696523257664,0.7871696523257664,0.7871696523257664,0.7871696523257664,0.7871696523257664
88,Christian Sugiono,-0.009108838,0.07611855,0.06971272,0.45889324,0.05354635,0.00057233125,-0.21219693,0.3432796,Christian Sugiono,0.9069952573627234,0.9069952573627234,0.9069952573627234,0.9069952573627234,0.9069952573627234,0.9069952573627234,0.9069952573627234,0.9069952573627234,0.9069952573627234,0.9069952573627234,0.9009003035227457,0.9009003035227457,0.9009003035227457,0.9009003035227457,0.9009003035227457,0.9009003035227457,0.9009003035227457,0.9009003035227457,0.9009003035227457,0.9009003035227457,0.9273594998922504,0.9273594998922504,0.9273594998922504,0.9273594998922504,0.9273594998922504,0.9273594998922504,0.9273594998922504,0.9273594998922504,0.9273594998922504,0.9273594998922504
89,Hanifa Ambadar,-0.019420266,0.07045541,0.06732804,0.4737753,0.056548204,-0.00011360645,-0.20968442,0.33978245,Hanifa Ambadar,0.9569488763809204,0.9569488763809204,0.9569488763809204,0.9569488763809204,0.9569488763809204,0.9569488763809204,0.9569488763809204,0.9569488763809204,0.9569488763809204,0.9569488763809204,0.9748011708259583,0.9748011708259583,0.9748011708259583,0.9748011708259583,0.9748011708259583,0.9748011708259583,0.9748011708259583,0.9748011708259583,0.9748011708259583,0.9748011708259583,0.9252198189496994,0.9252198189496994,0.9252198189496994,0.9252198189496994,0.9252198189496994,0.9252198189496994,0.9252198189496994,0.9252198189496994,0.9252198189496994,0.9252198189496994
90,Rendy Saputra,0.14073555,-0.070322916,0.0074634776,0.18295401,-0.14891955,0.17690311,-0.23262182,0.32879642,Rendy Saputra,0.9130592467263341,0.9130592467263341,0.9130592467263341,0.9130592467263341,0.9130592467263341,0.9130592467263341,0.9130592467263341,0.9130592467263341,0.9130592467263341,0.9130592467263341,0.9293992975178886,0.9293992975178886,0.9293992975178886,0.9293992975178886,0.9293992975178886,0.9293992975178886,0.9293992975178886,0.9293992975178886,0.9293992975178886,0.9293992975178886,0.888032078742981,0.888032078742981,0.888032078742981,0.888032078742981,0.888032078742981,0.888032078742981,0.888032078742981,0.888032078742981,0.888032078742981,0.888032078742981
91,Agung Hapsah,-0.06452164,-0.0064219916,0.021127187,0.2510265,0.03331676,0.006309191,-0.05356429,0.104769945,Agung Hapsah,0.8933580666780472,0.8933580666780472,0.8933580666780472,0.8933580666780472,0.8933580666780472,0.8933580666780472,0.8933580666780472,0.8933580666780472,0.8933580666780472,0.8933580666780472,0.9186036456376314,0.9186036456376314,0.9186036456376314,0.9186036456376314,0.9186036456376314,0.9186036456376314,0.9186036456376314,0.9186036456376314,0.9186036456376314,0.9186036456376314,0.9063601926449807,0.9063601926449807,0.9063601926449807,0.9063601926449807,0.9063601926449807,0.9063601926449807,0.9063601926449807,0.9063601926449807,0.9063601926449807,0.9063601926449807
92,Irfan Amalee,-0.007012725,0.07441523,0.06601763,0.42756632,0.04997527,-0.0002807863,-0.19959211,0.3231867,Irfan Amalee,0.9194716486063871,0.9194716486063871,0.9194716486063871,0.9194716486063871,0.9194716486063871,0.9194716486063871,0.9194716486063871,0.9194716486063871,0.9194716486063871,0.9194716486063871,0.964742897161797,0.964742897161797,0.964742897161797,0.964742897161797,0.964742897161797,0.964742897161797,0.964742897161797,0.964742897161797,0.964742897161797,0.964742897161797,0.9185125252062624,0.9185125252062624,0.9185125252062624,0.9185125252062624,0.9185125252062624,0.9185125252062624,0.9185125252062624,0.9185125252062624,0.9185125252062624,0.9185125252062624
93,Sibungbung,0.04198188,0.012365378,-0.07513414,0.36148655,-0.095722705,0.12294082,-0.22645055,0.29215735,Sibungbung,0.9184916096848327,0.9184916096848327,0.9184916096848327,0.9184916096848327,0.9184916096848327,0.9184916096848327,0.9184916096848327,0.9184916096848327,0.9184916096848327,0.9184916096848327,0.9039750857786699,0.9039750857786699,0.9039750857786699,0.9039750857786699,0.9039750857786699,0.9039750857786699,0.9039750857786699,0.9039750857786699,0.9039750857786699,0.9039750857786699,0.9199274068009363,0.9199274068009363,0.9199274068009363,0.9199274068009363,0.9199274068009363,0.9199274068009363,0.9199274068009363,0.9199274068009363,0.9199274068009363,0.9199274068009363
94,Nana Koot,0.04017179,0.012099646,-0.07509597,0.37920067,-0.09637736,0.12620312,-0.23303948,0.30274945,Nana Koot,0.9358404187692536,0.9358404187692536,0.9358404187692536,0.9358404187692536,0.9358404187692536,0.9358404187692536,0.9358404187692536,0.9358404187692536,0.9358404187692536,0.9358404187692536,0.8514259642568128,0.8514259642568128,0.8514259642568128,0.8514259642568128,0.8514259642568128,0.8514259642568128,0.8514259642568128,0.8514259642568128,0.8514259642568128,0.8514259642568128,0.9362717858382634,0.9362717858382634,0.9362717858382634,0.9362717858382634,0.9362717858382634,0.9362717858382634,0.9362717858382634,0.9362717858382634,0.9362717858382634,0.9362717858382634
95,Vindy Lee,-0.06820591,-0.0073048985,0.021869546,0.26627705,0.03540963,0.0064596245,-0.057232764,0.11093101,Vindy Lee,0.9062267558442222,0.9062267558442222,0.9062267558442222,0.9062267558442222,0.9062267558442222,0.9062267558442222,0.9062267558442222,0.9062267558442222,0.9062267558442222,0.9062267558442222,0.8456939829970306,0.8456939829970306,0.8456939829970306,0.8456939829970306,0.8456939829970306,0.8456939829970306,0.8456939829970306,0.8456939829970306,0.8456939829970306,0.8456939829970306,0.9273959547281265,0.9273959547281265,0.9273959547281265,0.9273959547281265,0.9273959547281265,0.9273959547281265,0.9273959547281265,0.9273959547281265,0.9273959547281265,0.9273959547281265
96,Chef Arnold,-0.06694565,-0.0072574634,0.021386763,0.26151237,0.034787647,0.006304683,-0.056278683,0.108911574,Chef Arnold,0.9078206680715084,0.9078206680715084,0.9078206680715084,0.9078206680715084,0.9078206680715084,0.9078206680715084,0.9078206680715084,0.9078206680715084,0.9078206680715084,0.9078206680715084,0.874062880164101,0.874062880164101,0.874062880164101,0.874062880164101,0.874062880164101,0.874062880164101,0.874062880164101,0.874062880164101,0.874062880164101,0.874062880164101,0.9150685392893277,0.9150685392893277,0.9150685392893277,0.9150685392893277,0.9150685392893277,0.9150685392893277,0.9150685392893277,0.9150685392893277,0.9150685392893277,0.9150685392893277
97,Farah Quinn,-0.067394465,-0.00696647,0.021835465,0.26266256,0.034895573,0.006485014,-0.0562547,0.109524265,Farah Quinn,0.0,0.0,0.0,0.0,0.0,0.0,0.0,0.0,0.0,0.0,0.8770779073238373,0.8770779073238373,0.8770779073238373,0.8770779073238373,0.8770779073238373,0.8770779073238373,0.8770779073238373,0.8770779073238373,0.8770779073238373,0.8770779073238373,0.9842208325862885,0.9842208325862885,0.9842208325862885,0.9842208325862885,0.9842208325862885,0.9842208325862885,0.9842208325862885,0.9842208325862885,0.9842208325862885,0.9842208325862885
98,William Gozali,-0.064845234,-0.0069671767,0.020772014,0.2531963,0.0336731,0.0061323144,-0.054439,0.10547284,William Gozali,0.8645596419061933,0.8645596419061933,0.8645596419061933,0.8645596419061933,0.8645596419061933,0.8645596419061933,0.8645596419061933,0.8645596419061933,0.8645596419061933,0.8645596419061933,0.9741317214222129,0.9741317214222129,0.9741317214222129,0.9741317214222129,0.9741317214222129,0.9741317214222129,0.9741317214222129,0.9741317214222129,0.9741317214222129,0.9741317214222129,0.9010742658223861,0.9010742658223861,0.9010742658223861,0.9010742658223861,0.9010742658223861,0.9010742658223861,0.9010742658223861,0.9010742658223861,0.9010742658223861,0.9010742658223861
99,Chandra Yudasswara,-0.067605026,-0.006965272,0.021924328,0.2634424,0.034996122,0.00651461,-0.05640333,0.109858505,Chandra Yudasswara,0.8755405909485288,0.8755405909485288,0.8755405909485288,0.8755405909485288,0.8755405909485288,0.8755405909485288,0.8755405909485288,0.8755405909485288,0.8755405909485288,0.8755405909485288,0.9200409985660167,0.9200409985660167,0.9200409985660167,0.9200409985660167,0.9200409985660167,0.9200409985660167,0.9200409985660167,0.9200409985660167,0.9200409985660167,0.9200409985660167,0.9348415851593017,0.9348415851593017,0.9348415851593017,0.9348415851593017,0.9348415851593017,0.9348415851593017,0.9348415851593017,0.9348415851593017,0.9348415851593017,0.9348415851593017
100,Devina Hermawan,-0.06113448,-0.00093421247,0.025480848,0.2052742,0.02633401,-0.0045264424,-0.04028219,0.092813335,Devina Hermawan,0.9269647342818124,0.9269647342818124,0.9269647342818124,0.9269647342818124,0.9269647342818124,0.9269647342818124,0.9269647342818124,0.9269647342818124,0.9269647342818124,0.9269647342818124,0.9243100987802638,0.9243100987802638,0.9243100987802638,0.9243100987802638,0.9243100987802638,0.9243100987802638,0.9243100987802638,0.9243100987802638,0.9243100987802638,0.9243100987802638,0.9463945788996561,0.9463945788996561,0.9463945788996561,0.9463945788996561,0.9463945788996561,0.9463945788996561,0.9463945788996561,0.9463945788996561,0.9463945788996561,0.9463945788996561
101,Yuda Bustara,-0.060810998,-0.0067962725,0.019243708,0.23791033,0.031675044,0.005644081,-0.05136237,0.09900185,Yuda Bustara,0.8682326078414917,0.8682326078414917,0.8682326078414917,0.8682326078414917,0.8682326078414917,0.8682326078414917,0.8682326078414917,0.8682326078414917,0.8682326078414917,0.8682326078414917,0.9406749379466957,0.9406749379466957,0.9406749379466957,0.9406749379466957,0.9406749379466957,0.9406749379466957,0.9406749379466957,0.9406749379466957,0.9406749379466957,0.9406749379466957,0.8916864345471064,0.8916864345471064,0.8916864345471064,0.8916864345471064,0.8916864345471064,0.8916864345471064,0.8916864345471064,0.8916864345471064,0.8916864345471064,0.8916864345471064
102,Tasya Farasya,-0.061486308,-0.0090307575,0.01751661,0.2443859,0.03282329,0.004829147,-0.054483578,0.100848086,Tasya Farasya,0.8979398595790068,0.8979398595790068,0.8979398595790068,0.8979398595790068,0.8979398595790068,0.8979398595790068,0.8979398595790068,0.8979398595790068,0.8979398595790068,0.8979398595790068,0.932085796606307,0.932085796606307,0.932085796606307,0.932085796606307,0.932085796606307,0.932085796606307,0.932085796606307,0.932085796606307,0.932085796606307,0.932085796606307,0.9187252747290062,0.9187252747290062,0.9187252747290062,0.9187252747290062,0.9187252747290062,0.9187252747290062,0.9187252747290062,0.9187252747290062,0.9187252747290062,0.9187252747290062
103,Bara Pattiradjawane,-0.058205497,-0.0022735288,0.02279482,0.20421755,0.026487606,-0.001478291,-0.04117068,0.09011817,Bara Pattiradjawane,0.8966957468252915,0.8966957468252915,0.8966957468252915,0.8966957468252915,0.8966957468252915,0.8966957468252915,0.8966957468252915,0.8966957468252915,0.8966957468252915,0.8966957468252915,0.9126796214668839,0.9126796214668839,0.9126796214668839,0.9126796214668839,0.9126796214668839,0.9126796214668839,0.9126796214668839,0.9126796214668839,0.9126796214668839,0.9126796214668839,0.9317472290992737,0.9317472290992737,0.9317472290992737,0.9317472290992737,0.9317472290992737,0.9317472290992737,0.9317472290992737,0.9317472290992737,0.9317472290992737,0.9317472290992737
104,My Fun FooDiary,0.04074749,0.011799939,-0.07575228,0.38099667,-0.09706933,0.12701696,-0.23459285,0.3044082,My Fun FooDiary,0.0,0.0,0.0,0.0,0.0,0.0,0.0,0.0,0.0,0.0,0.0,0.0,0.0,0.0,0.0,0.0,0.0,0.0,0.0,0.0,0.997620165348053,0.997620165348053,0.997620165348053,0.997620165348053,0.997620165348053,0.997620165348053,0.997620165348053,0.997620165348053,0.997620165348053,0.997620165348053
105,Kadek Arini,-0.05890356,-0.010119697,0.01546094,0.23672749,0.03198621,0.0040294593,-0.053929724,0.09711984,Kadek Arini,0.8915246354567038,0.8915246354567038,0.8915246354567038,0.8915246354567038,0.8915246354567038,0.8915246354567038,0.8915246354567038,0.8915246354567038,0.8915246354567038,0.8915246354567038,0.9454705823551525,0.9454705823551525,0.9454705823551525,0.9454705823551525,0.9454705823551525,0.9454705823551525,0.9454705823551525,0.9454705823551525,0.9454705823551525,0.9454705823551525,0.891742425837687,0.891742425837687,0.891742425837687,0.891742425837687,0.891742425837687,0.891742425837687,0.891742425837687,0.891742425837687,0.891742425837687,0.891742425837687
106,Vina Muliana,-0.05456222,-0.011830911,0.012112701,0.22364284,0.030535193,0.002733712,-0.052857935,0.09081178,Vina Muliana,0.9499166179448366,0.9499166179448366,0.9499166179448366,0.9499166179448366,0.9499166179448366,0.9499166179448366,0.9499166179448366,0.9499166179448366,0.9499166179448366,0.9499166179448366,0.9335180421670278,0.9335180421670278,0.9335180421670278,0.9335180421670278,0.9335180421670278,0.9335180421670278,0.9335180421670278,0.9335180421670278,0.9335180421670278,0.9335180421670278,0.8808680120213278,0.8808680120213278,0.8808680120213278,0.8808680120213278,0.8808680120213278,0.8808680120213278,0.8808680120213278,0.8808680120213278,0.8808680120213278,0.8808680120213278
107,Marischka Prudence,-0.06310718,-0.0106609445,0.016726952,0.25330013,0.034202136,0.0043905685,-0.05756461,0.10398814,Marischka Prudence,0.0,0.0,0.0,0.0,0.0,0.0,0.0,0.0,0.0,0.0,0.0,0.0,0.0,0.0,0.0,0.0,0.0,0.0,0.0,0.0,0.0,0.0,0.0,0.0,0.0,0.0,0.0,0.0,0.0,0.0
108,Trinity Traveler,-0.05355843,-0.009702185,0.013798536,0.21581021,0.029336473,0.0032606432,-0.04966268,0.088620305,Trinity Traveler,0.9169173531415986,0.9169173531415986,0.9169173531415986,0.9169173531415986,0.9169173531415986,0.9169173531415986,0.9169173531415986,0.9169173531415986,0.9169173531415986,0.9169173531415986,0.9364594537019729,0.9364594537019729,0.9364594537019729,0.9364594537019729,0.9364594537019729,0.9364594537019729,0.9364594537019729,0.9364594537019729,0.9364594537019729,0.9364594537019729,0.9244603992894639,0.9244603992894639,0.9244603992894639,0.9244603992894639,0.9244603992894639,0.9244603992894639,0.9244603992894639,0.9244603992894639,0.9244603992894639,0.9244603992894639
109,Adrian Maulana,-0.06641843,-0.0106398,0.018126473,0.2655601,0.03578257,0.004856921,-0.059899163,0.109243624,Adrian Maulana,0.9939644932746887,0.9939644932746887,0.9939644932746887,0.9939644932746887,0.9939644932746887,0.9939644932746887,0.9939644932746887,0.9939644932746887,0.9939644932746887,0.9939644932746887,0.9245308563113213,0.9245308563113213,0.9245308563113213,0.9245308563113213,0.9245308563113213,0.9245308563113213,0.9245308563113213,0.9245308563113213,0.9245308563113213,0.9245308563113213,0.9682958245277404,0.9682958245277404,0.9682958245277404,0.9682958245277404,0.9682958245277404,0.9682958245277404,0.9682958245277404,0.9682958245277404,0.9682958245277404,0.9682958245277404
110,Backpacker Tampan,-0.05497572,-0.009708015,0.014376637,0.22109702,0.030015728,0.0034621032,-0.05067811,0.09086937,Backpacker Tampan,0.8588999311129252,0.8588999311129252,0.8588999311129252,0.8588999311129252,0.8588999311129252,0.8588999311129252,0.8588999311129252,0.8588999311129252,0.8588999311129252,0.8588999311129252,0.8706433044539558,0.8706433044539558,0.8706433044539558,0.8706433044539558,0.8706433044539558,0.8706433044539558,0.8706433044539558,0.8706433044539558,0.8706433044539558,0.8706433044539558,0.9502132774513459,0.9502132774513459,0.9502132774513459,0.9502132774513459,0.9502132774513459,0.9502132774513459,0.9502132774513459,0.9502132774513459,0.9502132774513459,0.9502132774513459
111,Oki Setiana Dewi,-0.0680066,-0.010597654,0.018826492,0.27138343,0.036528777,0.0050936053,-0.060981058,0.111753225,Oki Setiana Dewi,0.9971528649330139,0.9971528649330139,0.9971528649330139,0.9971528649330139,0.9971528649330139,0.9971528649330139,0.9971528649330139,0.9971528649330139,0.9971528649330139,0.9971528649330139,0.9860213481717639,0.9860213481717639,0.9860213481717639,0.9860213481717639,0.9860213481717639,0.9860213481717639,0.9860213481717639,0.9860213481717639,0.9860213481717639,0.9860213481717639,0.8748191595077515,0.8748191595077515,0.8748191595077515,0.8748191595077515,0.8748191595077515,0.8748191595077515,0.8748191595077515,0.8748191595077515,0.8748191595077515,0.8748191595077515
112,Jess no Limit,-0.057020903,-0.006691359,0.017757867,0.2236482,0.029818432,0.0051627737,-0.048537668,0.0929417,Jess no Limit,0.9081129275617146,0.9081129275617146,0.9081129275617146,0.9081129275617146,0.9081129275617146,0.9081129275617146,0.9081129275617146,0.9081129275617146,0.9081129275617146,0.9081129275617146,0.8940831653773784,0.8940831653773784,0.8940831653773784,0.8940831653773784,0.8940831653773784,0.8940831653773784,0.8940831653773784,0.8940831653773784,0.8940831653773784,0.8940831653773784,0.8588236476693835,0.8588236476693835,0.8588236476693835,0.8588236476693835,0.8588236476693835,0.8588236476693835,0.8588236476693835,0.8588236476693835,0.8588236476693835,0.8588236476693835
113,MiawAug,-0.062041923,-0.0065033846,0.020020185,0.24196176,0.032157402,0.0059333025,-0.051893458,0.10085693,MiawAug,0.8134506903588772,0.8134506903588772,0.8134506903588772,0.8134506903588772,0.8134506903588772,0.8134506903588772,0.8134506903588772,0.8134506903588772,0.8134506903588772,0.8134506903588772,0.8649588422133372,0.8649588422133372,0.8649588422133372,0.8649588422133372,0.8649588422133372,0.8649588422133372,0.8649588422133372,0.8649588422133372,0.8649588422133372,0.8649588422133372,0.9408865792410714,0.9408865792410714,0.9408865792410714,0.9408865792410714,0.9408865792410714,0.9408865792410714,0.9408865792410714,0.9408865792410714,0.9408865792410714,0.9408865792410714
114,Windah Basudara,-0.054351874,-0.008111763,0.015553655,0.25801355,0.031661164,0.012522609,-0.06450772,0.11393637,Windah Basudara,0.9254688136982467,0.9254688136982467,0.9254688136982467,0.9254688136982467,0.9254688136982467,0.9254688136982467,0.9254688136982467,0.9254688136982467,0.9254688136982467,0.9254688136982467,0.9161283989747365,0.9161283989747365,0.9161283989747365,0.9161283989747365,0.9161283989747365,0.9161283989747365,0.9161283989747365,0.9161283989747365,0.9161283989747365,0.9161283989747365,0.9196975926558176,0.9196975926558176,0.9196975926558176,0.9196975926558176,0.9196975926558176,0.9196975926558176,0.9196975926558176,0.9196975926558176,0.9196975926558176,0.9196975926558176
115,Jonathan Liandi,-0.059886083,-0.0071562165,0.01853453,0.23511446,0.031364202,0.0053699054,-0.05112856,0.097656325,Jonathan Liandi,0.8863710975646972,0.8863710975646972,0.8863710975646972,0.8863710975646972,0.8863710975646972,0.8863710975646972,0.8863710975646972,0.8863710975646972,0.8863710975646972,0.8863710975646972,0.9510813260950693,0.9510813260950693,0.9510813260950693,0.9510813260950693,0.9510813260950693,0.9510813260950693,0.9510813260950693,0.9510813260950693,0.9510813260950693,0.9510813260950693,0.8470682853034565,0.8470682853034565,0.8470682853034565,0.8470682853034565,0.8470682853034565,0.8470682853034565,0.8470682853034565,0.8470682853034565,0.8470682853034565,0.8470682853034565
116,BTR Zuxxy,-0.059964463,-0.008570077,0.017296247,0.23791601,0.031923387,0.0048060236,-0.052854855,0.09826996,BTR Zuxxy,0.8847720220685005,0.8847720220685005,0.8847720220685005,0.8847720220685005,0.8847720220685005,0.8847720220685005,0.8847720220685005,0.8847720220685005,0.8847720220685005,0.8847720220685005,0.9540439826069456,0.9540439826069456,0.9540439826069456,0.9540439826069456,0.9540439826069456,0.9540439826069456,0.9540439826069456,0.9540439826069456,0.9540439826069456,0.9540439826069456,0.8975593539384695,0.8975593539384695,0.8975593539384695,0.8975593539384695,0.8975593539384695,0.8975593539384695,0.8975593539384695,0.8975593539384695,0.8975593539384695,0.8975593539384695
117,EVOS Reza,-0.06413523,-0.009646464,0.01806751,0.25531685,0.03432098,0.004945064,-0.057098594,0.10527118,EVOS Reza,0.9448018177695896,0.9448018177695896,0.9448018177695896,0.9448018177695896,0.9448018177695896,0.9448018177695896,0.9448018177695896,0.9448018177695896,0.9448018177695896,0.9448018177695896,0.908633031294896,0.908633031294896,0.908633031294896,0.908633031294896,0.908633031294896,0.908633031294896,0.908633031294896,0.908633031294896,0.908633031294896,0.908633031294896,0.8538237252543049,0.8538237252543049,0.8538237252543049,0.8538237252543049,0.8538237252543049,0.8538237252543049,0.8538237252543049,0.8538237252543049,0.8538237252543049,0.8538237252543049
118,Donkey,-0.04947997,-0.008315041,0.013410328,0.24971281,0.029977567,0.01366592,-0.06492433,0.11187366,Donkey,0.0,0.0,0.0,0.0,0.0,0.0,0.0,0.0,0.0,0.0,0.9117383241653443,0.9117383241653443,0.9117383241653443,0.9117383241653443,0.9117383241653443,0.9117383241653443,0.9117383241653443,0.9117383241653443,0.9117383241653443,0.9117383241653443,0.0,0.0,0.0,0.0,0.0,0.0,0.0,0.0,0.0,0.0
119,Kayes,-0.06136184,-0.0073032156,0.019058364,0.25532907,0.033034254,0.008374156,-0.057974808,0.10861276,Kayes,0.9154825210571289,0.9154825210571289,0.9154825210571289,0.9154825210571289,0.9154825210571289,0.9154825210571289,0.9154825210571289,0.9154825210571289,0.9154825210571289,0.9154825210571289,0.9143243511517842,0.9143243511517842,0.9143243511517842,0.9143243511517842,0.9143243511517842,0.9143243511517842,0.9143243511517842,0.9143243511517842,0.9143243511517842,0.9143243511517842,0.9345308343569437,0.9345308343569437,0.9345308343569437,0.9345308343569437,0.9345308343569437,0.9345308343569437,0.9345308343569437,0.9345308343569437,0.9345308343569437,0.9345308343569437
120,Oura Gaming,-0.06391171,-0.007086333,0.020293683,0.25744614,0.033741094,0.007435411,-0.056830525,0.1084671,Oura Gaming,0.0,0.0,0.0,0.0,0.0,0.0,0.0,0.0,0.0,0.0,0.0,0.0,0.0,0.0,0.0,0.0,0.0,0.0,0.0,0.0,0.0,0.0,0.0,0.0,0.0,0.0,0.0,0.0,0.0,0.0
121,BTR Luxxy,-0.05179378,-0.0067329193,0.015707081,0.19971702,0.026677078,0.0019504211,-0.044002756,0.083740436,BTR Luxxy,0.8862598589488438,0.8862598589488438,0.8862598589488438,0.8862598589488438,0.8862598589488438,0.8862598589488438,0.8862598589488438,0.8862598589488438,0.8862598589488438,0.8862598589488438,0.9355847682271685,0.9355847682271685,0.9355847682271685,0.9355847682271685,0.9355847682271685,0.9355847682271685,0.9355847682271685,0.9355847682271685,0.9355847682271685,0.9355847682271685,0.8560483461740066,0.8560483461740066,0.8560483461740066,0.8560483461740066,0.8560483461740066,0.8560483461740066,0.8560483461740066,0.8560483461740066,0.8560483461740066,0.8560483461740066
122,Leokoce,-0.058775418,-0.008512509,0.017078988,0.28084505,0.03428005,0.014116409,-0.07033514,0.124490134,Leokoce,0.9139035149760868,0.9139035149760868,0.9139035149760868,0.9139035149760868,0.9139035149760868,0.9139035149760868,0.9139035149760868,0.9139035149760868,0.9139035149760868,0.9139035149760868,0.8602969102237535,0.8602969102237535,0.8602969102237535,0.8602969102237535,0.8602969102237535,0.8602969102237535,0.8602969102237535,0.8602969102237535,0.8602969102237535,0.8602969102237535,0.9196569287293667,0.9196569287293667,0.9196569287293667,0.9196569287293667,0.9196569287293667,0.9196569287293667,0.9196569287293667,0.9196569287293667,0.9196569287293667,0.9196569287293667
123,Sarah Viloid,-0.06748858,-0.0075287037,0.02139303,0.27345914,0.035741773,0.008134371,-0.060656723,0.115454815,Sarah Viloid,0.9518400905849217,0.9518400905849217,0.9518400905849217,0.9518400905849217,0.9518400905849217,0.9518400905849217,0.9518400905849217,0.9518400905849217,0.9518400905849217,0.9518400905849217,0.8811612217514603,0.8811612217514603,0.8811612217514603,0.8811612217514603,0.8811612217514603,0.8811612217514603,0.8811612217514603,0.8811612217514603,0.8811612217514603,0.8811612217514603,0.9133662270272479,0.9133662270272479,0.9133662270272479,0.9133662270272479,0.9133662270272479,0.9133662270272479,0.9133662270272479,0.9133662270272479,0.9133662270272479,0.9133662270272479
124,Rekt,-0.05871754,-0.009022679,0.016369529,0.23408878,0.03149228,0.0044496683,-0.052501064,0.09644471,Rekt,0.5331553816795349,0.5331553816795349,0.5331553816795349,0.5331553816795349,0.5331553816795349,0.5331553816795349,0.5331553816795349,0.5331553816795349,0.5331553816795349,0.5331553816795349,0.995060384273529,0.995060384273529,0.995060384273529,0.995060384273529,0.995060384273529,0.995060384273529,0.995060384273529,0.995060384273529,0.995060384273529,0.995060384273529,0.0,0.0,0.0,0.0,0.0,0.0,0.0,0.0,0.0,0.0
125,Hanan Attaki,-0.06009536,-0.007956326,0.017973054,0.23536415,0.03148444,0.0040243273,-0.051858477,0.09788108,Hanan Attaki,0.811098097761472,0.811098097761472,0.811098097761472,0.811098097761472,0.811098097761472,0.811098097761472,0.811098097761472,0.811098097761472,0.811098097761472,0.811098097761472,0.914090135799987,0.914090135799987,0.914090135799987,0.914090135799987,0.914090135799987,0.914090135799987,0.914090135799987,0.914090135799987,0.914090135799987,0.914090135799987,0.8996076176563899,0.8996076176563899,0.8996076176563899,0.8996076176563899,0.8996076176563899,0.8996076176563899,0.8996076176563899,0.8996076176563899,0.8996076176563899,0.8996076176563899
126,Adi Hidayat,-0.06644968,-0.009150803,0.019478004,0.26303223,0.03524824,0.0054664994,-0.058162205,0.10877822,Adi Hidayat,0.8424914066608136,0.8424914066608136,0.8424914066608136,0.8424914066608136,0.8424914066608136,0.8424914066608136,0.8424914066608136,0.8424914066608136,0.8424914066608136,0.8424914066608136,0.9750182830172477,0.9750182830172477,0.9750182830172477,0.9750182830172477,0.9750182830172477,0.9750182830172477,0.9750182830172477,0.9750182830172477,0.9750182830172477,0.9750182830172477,0.8747314310842945,0.8747314310842945,0.8747314310842945,0.8747314310842945,0.8747314310842945,0.8747314310842945,0.8747314310842945,0.8747314310842945,0.8747314310842945,0.8747314310842945
127,Abdul Somad,-0.060256146,-0.008324211,0.01763887,0.2385627,0.03197259,0.0049462877,-0.05277222,0.09864851,Abdul Somad,0.9478768921289288,0.9478768921289288,0.9478768921289288,0.9478768921289288,0.9478768921289288,0.9478768921289288,0.9478768921289288,0.9478768921289288,0.9478768921289288,0.9478768921289288,0.9697539756172582,0.9697539756172582,0.9697539756172582,0.9697539756172582,0.9697539756172582,0.9697539756172582,0.9697539756172582,0.9697539756172582,0.9697539756172582,0.9697539756172582,0.9034325161150524,0.9034325161150524,0.9034325161150524,0.9034325161150524,0.9034325161150524,0.9034325161150524,0.9034325161150524,0.9034325161150524,0.9034325161150524,0.9034325161150524
128,Gus Baha,-0.06991199,-0.0073284274,0.022559686,0.27265492,0.03623662,0.0066859126,-0.05847628,0.113650724,Gus Baha,0.8763130865991116,0.8763130865991116,0.8763130865991116,0.8763130865991116,0.8763130865991116,0.8763130865991116,0.8763130865991116,0.8763130865991116,0.8763130865991116,0.8763130865991116,0.9566133818344066,0.9566133818344066,0.9566133818344066,0.9566133818344066,0.9566133818344066,0.9566133818344066,0.9566133818344066,0.9566133818344066,0.9566133818344066,0.9566133818344066,0.8655758166107638,0.8655758166107638,0.8655758166107638,0.8655758166107638,0.8655758166107638,0.8655758166107638,0.8655758166107638,0.8655758166107638,0.8655758166107638,0.8655758166107638
129,Yusuf Mansur,-0.06724141,-0.009135097,0.01982221,0.26594475,0.0356222,0.0055823354,-0.058707822,0.11003115,Yusuf Mansur,0.8984617157415911,0.8984617157415911,0.8984617157415911,0.8984617157415911,0.8984617157415911,0.8984617157415911,0.8984617157415911,0.8984617157415911,0.8984617157415911,0.8984617157415911,0.9419000994075428,0.9419000994075428,0.9419000994075428,0.9419000994075428,0.9419000994075428,0.9419000994075428,0.9419000994075428,0.9419000994075428,0.9419000994075428,0.9419000994075428,0.7981098771095276,0.7981098771095276,0.7981098771095276,0.7981098771095276,0.7981098771095276,0.7981098771095276,0.7981098771095276,0.7981098771095276,0.7981098771095276,0.7981098771095276
130,Salim A. Fillah,-0.060993034,-0.0076843915,0.018678663,0.23580533,0.03147366,0.0029614912,-0.051725943,0.09873695,Salim A. Fillah,0.9052138005693754,0.9052138005693754,0.9052138005693754,0.9052138005693754,0.9052138005693754,0.9052138005693754,0.9052138005693754,0.9052138005693754,0.9052138005693754,0.9052138005693754,0.9392027272734531,0.9392027272734531,0.9392027272734531,0.9392027272734531,0.9392027272734531,0.9392027272734531,0.9392027272734531,0.9392027272734531,0.9392027272734531,0.9392027272734531,0.9070057231001556,0.9070057231001556,0.9070057231001556,0.9070057231001556,0.9070057231001556,0.9070057231001556,0.9070057231001556,0.9070057231001556,0.9070057231001556,0.9070057231001556
131,Habib Jindan,-0.06974925,0.0035353936,0.033703357,0.21146347,0.026242042,-0.0110974135,-0.037794482,0.10132272,Habib Jindan,0.9578052418572562,0.9578052418572562,0.9578052418572562,0.9578052418572562,0.9578052418572562,0.9578052418572562,0.9578052418572562,0.9578052418572562,0.9578052418572562,0.9578052418572562,0.9270126036507018,0.9270126036507018,0.9270126036507018,0.9270126036507018,0.9270126036507018,0.9270126036507018,0.9270126036507018,0.9270126036507018,0.9270126036507018,0.9270126036507018,0.9017271087613217,0.9017271087613217,0.9017271087613217,0.9017271087613217,0.9017271087613217,0.9017271087613217,0.9017271087613217,0.9017271087613217,0.9017271087613217,0.9017271087613217
132,Habib Novel Alaydrus,-0.06618156,-0.004943189,0.023408897,0.2473411,0.03254473,0.0032503568,-0.051648136,0.10546659,Habib Novel Alaydrus,0.9123070013934168,0.9123070013934168,0.9123070013934168,0.9123070013934168,0.9123070013934168,0.9123070013934168,0.9123070013934168,0.9123070013934168,0.9123070013934168,0.9123070013934168,0.9656064932162945,0.9656064932162945,0.9656064932162945,0.9656064932162945,0.9656064932162945,0.9656064932162945,0.9656064932162945,0.9656064932162945,0.9656064932162945,0.9656064932162945,0.9181602254058375,0.9181602254058375,0.9181602254058375,0.9181602254058375,0.9181602254058375,0.9181602254058375,0.9181602254058375,0.9181602254058375,0.9181602254058375,0.9181602254058375
133,Buya Yahya,-0.06396783,-0.0034410842,0.024021477,0.23125724,0.030190432,0.0007605623,-0.0473237,0.100393824,Buya Yahya,0.9093751412327007,0.9093751412327007,0.9093751412327007,0.9093751412327007,0.9093751412327007,0.9093751412327007,0.9093751412327007,0.9093751412327007,0.9093751412327007,0.9093751412327007,0.9279757256967476,0.9279757256967476,0.9279757256967476,0.9279757256967476,0.9279757256967476,0.9279757256967476,0.9279757256967476,0.9279757256967476,0.9279757256967476,0.9279757256967476,0.8744672778106871,0.8744672778106871,0.8744672778106871,0.8744672778106871,0.8744672778106871,0.8744672778106871,0.8744672778106871,0.8744672778106871,0.8744672778106871,0.8744672778106871
134,Habib Rizieq,-0.07117282,0.0037458315,0.03461363,0.21258731,0.026297549,-0.012843252,-0.037850566,0.10273352,Habib Rizieq,0.94733386496975,0.94733386496975,0.94733386496975,0.94733386496975,0.94733386496975,0.94733386496975,0.94733386496975,0.94733386496975,0.94733386496975,0.94733386496975,0.9616386719371961,0.9616386719371961,0.9616386719371961,0.9616386719371961,0.9616386719371961,0.9616386719371961,0.9616386719371961,0.9616386719371961,0.9616386719371961,0.9616386719371961,0.8275354305903116,0.8275354305903116,0.8275354305903116,0.8275354305903116,0.8275354305903116,0.8275354305903116,0.8275354305903116,0.8275354305903116,0.8275354305903116,0.8275354305903116
135,KH. Cholil Nafis,-0.06766032,-0.008046891,0.02097508,0.26556823,0.035421666,0.006082589,-0.05772063,0.11032052,KH. Cholil Nafis,0.8910433053970337,0.8910433053970337,0.8910433053970337,0.8910433053970337,0.8910433053970337,0.8910433053970337,0.8910433053970337,0.8910433053970337,0.8910433053970337,0.8910433053970337,0.9822997470586998,0.9822997470586998,0.9822997470586998,0.9822997470586998,0.9822997470586998,0.9822997470586998,0.9822997470586998,0.9822997470586998,0.9822997470586998,0.9822997470586998,0.8924515023827553,0.8924515023827553,0.8924515023827553,0.8924515023827553,0.8924515023827553,0.8924515023827553,0.8924515023827553,0.8924515023827553,0.8924515023827553,0.8924515023827553
136,Hilman Fauzi,-0.069722034,-0.00916883,0.020826098,0.2752173,0.036824465,0.005911552,-0.060515326,0.113985434,Hilman Fauzi,0.9001888900995254,0.9001888900995254,0.9001888900995254,0.9001888900995254,0.9001888900995254,0.9001888900995254,0.9001888900995254,0.9001888900995254,0.9001888900995254,0.9001888900995254,0.9510170291770589,0.9510170291770589,0.9510170291770589,0.9510170291770589,0.9510170291770589,0.9510170291770589,0.9510170291770589,0.9510170291770589,0.9510170291770589,0.9510170291770589,0.9031627100138437,0.9031627100138437,0.9031627100138437,0.9031627100138437,0.9031627100138437,0.9031627100138437,0.9031627100138437,0.9031627100138437,0.9031627100138437,0.9031627100138437
137,Syafiq Riza Basalamah,-0.06855738,-0.009156195,0.020351896,0.27086952,0.036261186,0.0057556834,-0.059670493,0.112130016,Syafiq Riza Basalamah,0.9234488766926986,0.9234488766926986,0.9234488766926986,0.9234488766926986,0.9234488766926986,0.9234488766926986,0.9234488766926986,0.9234488766926986,0.9234488766926986,0.9234488766926986,0.9598243626478676,0.9598243626478676,0.9598243626478676,0.9598243626478676,0.9598243626478676,0.9598243626478676,0.9598243626478676,0.9598243626478676,0.9598243626478676,0.9598243626478676,0.9463062156254137,0.9463062156254137,0.9463062156254137,0.9463062156254137,0.9463062156254137,0.9463062156254137,0.9463062156254137,0.9463062156254137,0.9463062156254137,0.9463062156254137
138,Ernest Prakasa,-0.05420235,-0.0076996177,0.016189419,0.21409696,0.029021537,0.003826478,-0.047814786,0.089187995,Ernest Prakasa,0.9231636789109972,0.9231636789109972,0.9231636789109972,0.9231636789109972,0.9231636789109972,0.9231636789109972,0.9231636789109972,0.9231636789109972,0.9231636789109972,0.9231636789109972,0.9660327840695339,0.9660327840695339,0.9660327840695339,0.9660327840695339,0.9660327840695339,0.9660327840695339,0.9660327840695339,0.9660327840695339,0.9660327840695339,0.9660327840695339,0.9082561310599832,0.9082561310599832,0.9082561310599832,0.9082561310599832,0.9082561310599832,0.9082561310599832,0.9082561310599832,0.9082561310599832,0.9082561310599832,0.9082561310599832
139,Joko Anwar,-0.06728668,-0.009392233,0.019609936,0.2665694,0.03573877,0.0054840706,-0.05904388,0.11019204,Joko Anwar,0.9704215542266243,0.9704215542266243,0.9704215542266243,0.9704215542266243,0.9704215542266243,0.9704215542266243,0.9704215542266243,0.9704215542266243,0.9704215542266243,0.9704215542266243,0.9401791678077873,0.9401791678077873,0.9401791678077873,0.9401791678077873,0.9401791678077873,0.9401791678077873,0.9401791678077873,0.9401791678077873,0.9401791678077873,0.9401791678077873,0.9054453923540601,0.9054453923540601,0.9054453923540601,0.9054453923540601,0.9054453923540601,0.9054453923540601,0.9054453923540601,0.9054453923540601,0.9054453923540601,0.9054453923540601
140,Dandhy Laksono,-0.049244247,-0.007626436,0.0136750825,0.19642721,0.02643335,0.003707609,-0.04410095,0.0809052,Dandhy Laksono,0.9452479676558421,0.9452479676558421,0.9452479676558421,0.9452479676558421,0.9452479676558421,0.9452479676558421,0.9452479676558421,0.9452479676558421,0.9452479676558421,0.9452479676558421,0.9421180773015115,0.9421180773015115,0.9421180773015115,0.9421180773015115,0.9421180773015115,0.9421180773015115,0.9421180773015115,0.9421180773015115,0.9421180773015115,0.9421180773015115,0.8460521788308115,0.8460521788308115,0.8460521788308115,0.8460521788308115,0.8460521788308115,0.8460521788308115,0.8460521788308115,0.8460521788308115,0.8460521788308115,0.8460521788308115
141,Gina S. Noer,-0.06717942,-0.009063294,0.020001002,0.26534837,0.035615962,0.0054563624,-0.058604576,0.1100108,Gina S. Noer,0.8985474243246275,0.8985474243246275,0.8985474243246275,0.8985474243246275,0.8985474243246275,0.8985474243246275,0.8985474243246275,0.8985474243246275,0.8985474243246275,0.8985474243246275,0.9325024636237176,0.9325024636237176,0.9325024636237176,0.9325024636237176,0.9325024636237176,0.9325024636237176,0.9325024636237176,0.9325024636237176,0.9325024636237176,0.9325024636237176,0.9135760554560909,0.9135760554560909,0.9135760554560909,0.9135760554560909,0.9135760554560909,0.9135760554560909,0.9135760554560909,0.9135760554560909,0.9135760554560909,0.9135760554560909
142,Remy Sylado,-0.06643477,-0.0074982224,0.020957345,0.26004255,0.03463143,0.006136193,-0.056199096,0.10818289,Remy Sylado,0.8792146867827365,0.8792146867827365,0.8792146867827365,0.8792146867827365,0.8792146867827365,0.8792146867827365,0.8792146867827365,0.8792146867827365,0.8792146867827365,0.8792146867827365,0.9636286194246959,0.9636286194246959,0.9636286194246959,0.9636286194246959,0.9636286194246959,0.9636286194246959,0.9636286194246959,0.9636286194246959,0.9636286194246959,0.9636286194246959,0.9117816814354488,0.9117816814354488,0.9117816814354488,0.9117816814354488,0.9117816814354488,0.9117816814354488,0.9117816814354488,0.9117816814354488,0.9117816814354488,0.9117816814354488
143,Andrea Hirata,-0.057477836,-0.006853141,0.017802939,0.22563244,0.030097283,0.005160179,-0.04905441,0.0937239,Andrea Hirata,0.8966572467357882,0.8966572467357882,0.8966572467357882,0.8966572467357882,0.8966572467357882,0.8966572467357882,0.8966572467357882,0.8966572467357882,0.8966572467357882,0.8966572467357882,0.7672907120726081,0.7672907120726081,0.7672907120726081,0.7672907120726081,0.7672907120726081,0.7672907120726081,0.7672907120726081,0.7672907120726081,0.7672907120726081,0.7672907120726081,0.9179326579158689,0.9179326579158689,0.9179326579158689,0.9179326579158689,0.9179326579158689,0.9179326579158689,0.9179326579158689,0.9179326579158689,0.9179326579158689,0.9179326579158689
144,Leila S. Chudori,-0.059417326,-0.006894633,0.018574245,0.2329091,0.031042863,0.005411434,-0.050485477,0.09682082,Leila S. Chudori,0.9005187114079793,0.9005187114079793,0.9005187114079793,0.9005187114079793,0.9005187114079793,0.9005187114079793,0.9005187114079793,0.9005187114079793,0.9005187114079793,0.9005187114079793,0.9559825053534556,0.9559825053534556,0.9559825053534556,0.9559825053534556,0.9559825053534556,0.9559825053534556,0.9559825053534556,0.9559825053534556,0.9559825053534556,0.9559825053534556,0.959257464323725,0.959257464323725,0.959257464323725,0.959257464323725,0.959257464323725,0.959257464323725,0.959257464323725,0.959257464323725,0.959257464323725,0.959257464323725
145,Seno Gumira Ajidarma,-0.06435174,-0.007288513,0.02027741,0.25193414,0.033554945,0.005933474,-0.054467,0.10479965,Seno Gumira Ajidarma,0.8778829032724554,0.8778829032724554,0.8778829032724554,0.8778829032724554,0.8778829032724554,0.8778829032724554,0.8778829032724554,0.8778829032724554,0.8778829032724554,0.8778829032724554,0.9597320323809981,0.9597320323809981,0.9597320323809981,0.9597320323809981,0.9597320323809981,0.9597320323809981,0.9597320323809981,0.9597320323809981,0.9597320323809981,0.9597320323809981,0.9304790216864962,0.9304790216864962,0.9304790216864962,0.9304790216864962,0.9304790216864962,0.9304790216864962,0.9304790216864962,0.9304790216864962,0.9304790216864962,0.9304790216864962
146,Wira Nagara,-0.05391635,-0.0047624893,0.018451942,0.20163181,0.026618183,0.0017157894,-0.04272514,0.08594249,Wira Nagara,0.9358110109965007,0.9358110109965007,0.9358110109965007,0.9358110109965007,0.9358110109965007,0.9358110109965007,0.9358110109965007,0.9358110109965007,0.9358110109965007,0.9358110109965007,0.9374349802098376,0.9374349802098376,0.9374349802098376,0.9374349802098376,0.9374349802098376,0.9374349802098376,0.9374349802098376,0.9374349802098376,0.9374349802098376,0.9374349802098376,0.9221103952990638,0.9221103952990638,0.9221103952990638,0.9221103952990638,0.9221103952990638,0.9221103952990638,0.9221103952990638,0.9221103952990638,0.9221103952990638,0.9221103952990638
147,Pandji Pragiwaksono,-0.054893617,-0.0078504775,0.016282361,0.21703367,0.029387472,0.003923129,-0.04847464,0.09029499,Pandji Pragiwaksono,0.956409192362497,0.956409192362497,0.956409192362497,0.956409192362497,0.956409192362497,0.956409192362497,0.956409192362497,0.956409192362497,0.956409192362497,0.956409192362497,0.8335286378860474,0.8335286378860474,0.8335286378860474,0.8335286378860474,0.8335286378860474,0.8335286378860474,0.8335286378860474,0.8335286378860474,0.8335286378860474,0.8335286378860474,0.855693814655145,0.855693814655145,0.855693814655145,0.855693814655145,0.855693814655145,0.855693814655145,0.855693814655145,0.855693814655145,0.855693814655145,0.855693814655145
148,Windy Ariestanty,-0.059223983,-0.0068080174,0.0185715,0.23203726,0.03091817,0.0054199137,-0.05024537,0.096483566,Windy Ariestanty,0.9330473733253968,0.9330473733253968,0.9330473733253968,0.9330473733253968,0.9330473733253968,0.9330473733253968,0.9330473733253968,0.9330473733253968,0.9330473733253968,0.9330473733253968,0.7536115118826943,0.7536115118826943,0.7536115118826943,0.7536115118826943,0.7536115118826943,0.7536115118826943,0.7536115118826943,0.7536115118826943,0.7536115118826943,0.7536115118826943,0.9337725083033244,0.9337725083033244,0.9337725083033244,0.9337725083033244,0.9337725083033244,0.9337725083033244,0.9337725083033244,0.9337725083033244,0.9337725083033244,0.9337725083033244
149,Intan Paramaditha,-0.054622795,-0.0056309267,0.017827181,0.20965448,0.02782393,0.0035364982,-0.04497633,0.08813035,Intan Paramaditha,0.9145130415757498,0.9145130415757498,0.9145130415757498,0.9145130415757498,0.9145130415757498,0.9145130415757498,0.9145130415757498,0.9145130415757498,0.9145130415757498,0.9145130415757498,0.9642827477410575,0.9642827477410575,0.9642827477410575,0.9642827477410575,0.9642827477410575,0.9642827477410575,0.9642827477410575,0.9642827477410575,0.9642827477410575,0.9642827477410575,0.9206649917695258,0.9206649917695258,0.9206649917695258,0.9206649917695258,0.9206649917695258,0.9206649917695258,0.9206649917695258,0.9206649917695258,0.9206649917695258,0.9206649917695258
150,Merry Riana,-0.061186507,-0.009031903,0.01739059,0.24327451,0.032679915,0.0047872365,-0.0542713,0.100372,Merry Riana,0.9105324968695641,0.9105324968695641,0.9105324968695641,0.9105324968695641,0.9105324968695641,0.9105324968695641,0.9105324968695641,0.9105324968695641,0.9105324968695641,0.9105324968695641,0.9592866585368202,0.9592866585368202,0.9592866585368202,0.9592866585368202,0.9592866585368202,0.9592866585368202,0.9592866585368202,0.9592866585368202,0.9592866585368202,0.9592866585368202,0.9205581143095687,0.9205581143095687,0.9205581143095687,0.9205581143095687,0.9205581143095687,0.9205581143095687,0.9205581143095687,0.9205581143095687,0.9205581143095687,0.9205581143095687
