,brand,fused_dim_0,fused_dim_1,fused_dim_2,fused_dim_3,fused_dim_4,fused_dim_5,fused_dim_6,fused_dim_7,fused_dim_8,fused_dim_9,fused_dim_10,fused_dim_11,fused_dim_12,fused_dim_13,fused_dim_14,fused_dim_15,fused_dim_16,fused_dim_17,fused_dim_18,fused_dim_19,fused_dim_20,fused_dim_21,fused_dim_22,fused_dim_23,fused_dim_24,fused_dim_25,fused_dim_26,fused_dim_27,fused_dim_28,fused_dim_29,fused_dim_30,fused_dim_31,fused_dim_32,fused_dim_33,fused_dim_34,fused_dim_35,fused_dim_36,fused_dim_37,fused_dim_38,fused_dim_39,fused_dim_40,fused_dim_41,fused_dim_42,fused_dim_43,fused_dim_44,fused_dim_45,fused_dim_46,fused_dim_47,fused_dim_48,fused_dim_49,fused_dim_50,fused_dim_51,fused_dim_52,fused_dim_53,fused_dim_54,fused_dim_55,fused_dim_56,fused_dim_57,fused_dim_58,fused_dim_59,fused_dim_60,fused_dim_61,fused_dim_62,fused_dim_63,node_type
0,tokopedia,-0.32189322,-0.17839968,-0.0837798,0.038575493,0.070962,-0.1917762,0.044573177,-0.36079055,0.008977089,-0.3675049,-0.024505619,0.19057965,-0.2577578,-0.11223861,-0.049254417,0.64385605,0.102940336,0.15956494,-0.11785868,-0.026936838,-0.13901249,-0.16478644,-0.011450274,0.11285558,0.10008293,0.23125397,-0.23314221,-0.29775828,0.12092394,0.023664944,0.06718337,0.29231343,0.020860612,0.27006012,0.12748513,0.024616398,-0.26411158,-0.29010078,-0.14937991,0.022868067,0.21197018,-0.07948572,-0.19961965,0.05227355,-0.20187101,-0.43586946,-0.12964928,0.02675377,0.1264582,-0.02451373,-0.24777332,-0.13861316,0.24416068,0.10818429,0.36426103,0.04058405,0.13085821,-0.19036447,0.11351925,-0.39781618,0.026932463,-0.0553495,-0.083023444,0.14694378,brand
1,shopee,-0.26819664,-0.18886542,-0.09072428,0.039626457,0.046780683,-0.2072919,0.063597694,-0.39227763,-0.07851091,-0.371279,-0.10057439,0.14374386,-0.15117237,-0.08319273,0.014472626,0.48230207,0.14026439,0.10473737,-0.050989166,0.006884183,-0.17155601,-0.16841331,-0.018945886,0.1878013,0.07794277,0.16155744,-0.16926643,-0.2862643,0.10922856,0.07196328,0.033319946,0.21745184,-0.05264447,0.36594993,0.16159832,0.100673825,-0.30191225,-0.2140604,-0.16654727,0.002093657,0.16372837,0.055283234,-0.18653853,-0.05056171,-0.201641,-0.44941375,-0.045418333,0.10449746,0.08337979,-0.14554816,-0.11649252,-0.06881874,0.18751392,0.090080395,0.3868187,0.017755294,0.13662282,-0.17615625,0.13178793,-0.3124628,0.095047936,-0.023129009,-0.047086332,0.1042326,brand
2,bukalapak,-0.050552957,0.16051336,0.16316491,-0.14243525,-0.2297262,-0.43321508,-0.072055936,0.02954002,-0.28139102,0.11225957,0.038755022,-0.23195332,0.3515434,0.07785988,0.05872011,-0.26655284,-0.18650648,-0.012620646,0.5398626,-0.009789277,-0.17852756,-0.020271787,0.019899655,-0.030718774,0.12234017,0.16265875,0.501098,-0.17018816,0.2642196,0.039318494,-0.057509158,0.047926787,0.15258399,-0.12589733,-0.23094082,-0.29653624,-0.13825396,0.18849212,0.014970505,0.455743,-0.029575521,0.2302598,-0.29083776,-0.20013672,-0.038980104,0.18735522,-0.18385738,0.022678513,-0.27352148,0.24664004,0.532742,0.13047081,-0.34355706,0.06550023,0.0067747254,-0.054060966,-0.3212541,0.08854617,-0.0775844,0.06663836,0.50267863,-0.011783322,-0.018159434,-0.21160111,brand
3,blibli,-0.08406221,0.13753971,0.104025185,-0.11620255,-0.23904625,-0.4923761,-0.21093658,-0.07171011,-0.10031721,0.117655605,0.2056448,-0.097254455,0.2820596,0.07352386,-0.22558746,-0.18655989,-0.26993102,-0.13322768,0.29423445,0.082126334,-0.15769058,0.060381588,-0.09530206,-0.11773134,0.06870526,0.17926717,0.48972958,-0.30484307,0.11336081,-0.050854687,-0.1055251,0.08461082,0.09961431,-0.1739591,-0.26871237,-0.49794096,-0.081883825,0.18230832,-0.082287505,0.5642301,-0.044227645,0.2219376,-0.3210308,-0.102183476,-0.1409761,0.03271523,-0.114798635,-0.09457665,-0.002180859,0.28494483,0.45929915,-0.0340484,-0.21073607,0.32774752,-0.06776607,-0.022823099,-0.16146937,-0.030708298,0.07392494,0.10525666,0.28926414,-0.037374742,0.040856205,-0.061975174,brand
4,lazada,-0.0041261725,0.23678678,0.11808774,-0.1405114,-0.22444749,-0.5154409,-0.24744582,-0.12422635,-0.10268501,0.07233767,0.13965286,-0.13000175,0.30492622,-0.0033719689,-0.079031914,-0.22164096,-0.26160473,-0.14428183,0.36855406,0.042964667,-0.18590328,0.00025823945,-0.0724114,0.0067930697,0.051483095,0.1610479,0.56055707,-0.31300497,0.21681285,-0.034573846,-0.19999403,0.055867806,0.13208012,-0.09936669,-0.29231137,-0.35940325,-0.16142395,0.23955014,-0.06059768,0.5610394,-0.10980279,0.3274339,-0.37391573,-0.15776154,-0.10500017,0.13514155,-0.1322799,-0.03901747,-0.055224568,0.25229928,0.5175694,0.14862393,-0.19612661,0.342524,-0.003013195,0.0005616797,-0.31240988,-0.04099027,0.078161746,-0.003478332,0.41339272,-0.007351654,0.031874847,-0.0899543,brand
5,jd.id,-0.041516155,0.23125325,0.17085627,-0.117669165,-0.15477596,-0.3988371,-0.068946436,-0.0779973,-0.09838515,0.108816154,0.072518915,-0.14308187,0.26973426,0.068945736,-0.10530253,-0.18194422,-0.14951774,-0.17122447,0.38309616,0.054107726,-0.1448121,-0.057304315,-0.056783944,0.033017047,0.10000624,0.01567144,0.4173141,-0.1541824,0.12101938,0.049485177,-0.19568175,-0.013099671,0.081633605,-0.0006427574,-0.11013517,-0.36719084,-0.036426917,0.118255846,-0.006348048,0.42255563,-0.030741915,0.2858203,-0.2814154,-0.21284759,-0.038463634,0.063597515,-0.02751792,-0.073480174,-0.05508762,0.2404246,0.5218025,0.11085871,-0.1415058,0.18990928,0.055235937,0.025996529,-0.1816679,-0.051453292,-0.024488814,0.018245416,0.3711432,-0.11983407,0.06660724,-0.11657897,brand
6,sociolla,-0.07348636,0.1425343,0.094996035,-0.0809771,-0.19973522,-0.48071194,-0.1517913,-0.06885837,-0.11866148,0.062843025,0.078919575,-0.12496742,0.30151993,0.022867473,-0.03381712,-0.23921862,-0.15147327,-0.0654523,0.42922994,0.021583887,-0.18573357,0.0034486395,-0.06255245,-0.022106478,0.076027945,0.06904006,0.44086587,-0.15661155,0.23059058,0.06020569,-0.15089124,-0.00040104566,0.11143605,0.0007724955,-0.16649462,-0.28654462,-0.12426059,0.17898194,-0.05628079,0.44821316,-0.044428818,0.29313996,-0.2957492,-0.19639212,-0.051496528,0.06704068,-0.09917351,-0.043841098,-0.17324269,0.20759907,0.5609728,0.16606414,-0.20901753,0.198124,0.041090883,0.053682514,-0.21227935,-0.0062450594,0.0013793027,-0.025759071,0.39879775,-0.043302476,0.025705136,-0.13395463,brand
7,zalora,-0.04078787,0.24965517,0.23169714,-0.0995913,-0.040541947,-0.34481695,-0.04264704,-0.08798785,-0.02268279,0.07374683,0.1317683,-0.15107954,0.16060531,0.09657826,-0.14859326,-0.06736684,-0.1169029,-0.08340662,0.2942267,0.027127005,-0.17603266,-0.019811831,-0.013007593,-0.0033933711,0.07847585,0.046404,0.28553227,-0.17677337,0.13991776,-0.002564616,-0.1656611,0.0531668,0.06593905,0.0105651915,-0.06061394,-0.41183048,-0.009567572,0.06291339,-0.018965341,0.46175528,0.04592935,0.1760306,-0.28453538,-0.09551263,-0.049142003,-0.002182213,-0.031767644,-0.063455276,-0.011165976,0.3112307,0.45517492,0.043804348,-0.1326656,0.1607886,0.042178057,0.030931741,-0.101044774,-0.09394178,-0.12144333,0.040159732,0.34960097,-0.11880705,0.014278324,-0.09820481,brand
8,ralali,-0.07257885,0.16636808,0.19719061,-0.18018892,-0.14608961,-0.37624544,-0.09038915,-0.039368957,-0.09230058,0.08539809,0.040223904,-0.14704391,0.29627696,0.13275039,-0.11362286,-0.24187776,-0.08894104,-0.12362575,0.37276396,0.036913432,-0.19057962,0.032309927,-0.056071643,0.035659492,0.1295214,0.040103525,0.42509806,-0.19234538,0.14168984,0.113570124,-0.21611857,-0.014868129,0.059320934,0.12221749,-0.059702888,-0.3231479,-0.07391918,0.19549777,-0.040209666,0.45111874,-0.033196516,0.30528846,-0.1881257,-0.1815285,-0.12738732,-0.0076226485,-0.00086438586,0.004095484,-0.1189767,0.16538152,0.55385864,0.07175546,-0.17292343,0.11026169,0.029982194,-0.06747075,-0.11652268,-0.0063178884,-0.039001536,0.11190306,0.37998444,-0.05678957,0.043934815,-0.11010066,brand
9,orami,0.011877099,0.1026825,0.19766162,-0.11673422,-0.13085887,-0.43831152,-0.17697334,0.011528367,-0.13963573,-0.021497173,0.13643354,-0.010613611,0.38636816,0.17565934,-0.0889439,-0.32732618,-0.17242736,-0.05259402,0.4099589,0.2773326,-0.08073191,0.11332273,-0.0406004,0.08189283,0.001396155,0.11065583,0.29614353,-0.15763324,0.0741351,0.11671221,-0.27552313,0.052072804,-0.031029277,0.010536198,0.079583645,-0.31625047,-0.107801676,0.17947134,-0.07951602,0.52533734,-0.08495492,0.43544585,-0.28207433,-0.23620175,-0.12368652,0.053279996,0.115773976,-0.15258172,-0.06532644,0.0102939755,0.6118987,0.028402861,-0.18119064,0.25386938,-0.068875246,-0.027979976,-0.13539921,-0.06656081,0.05546214,0.14640978,0.38155323,0.017240401,0.13072711,-0.02670158,brand
10,indomie,0.01606648,-0.030460747,-0.07362322,-0.1992841,-0.014318526,0.26560992,0.05283685,-0.16990712,-0.27048162,0.010921482,-0.06713139,-0.14741988,0.016228447,0.13295555,-0.051396698,0.19154906,0.20512612,-0.022242099,-0.22734758,0.08481533,0.061733965,0.07916653,-0.075243324,0.009845232,0.041994713,0.03658916,-0.13448074,-0.07848278,0.00045433675,-0.10654712,0.014208974,-0.11863071,-0.13540095,-0.07850033,-0.026606701,0.09604099,0.07143289,-0.2276592,0.06664723,0.07180185,-0.12391397,-0.06985394,0.31198522,0.32596987,0.034333147,-0.0018548233,0.0860406,-0.018391468,0.314552,0.05424746,-0.17393023,-0.19955426,0.007419227,-0.10152216,0.022294989,0.17974836,0.14878961,0.009429421,0.010164047,0.18577306,-0.24427333,-0.06776903,0.18619397,0.009585877,brand
11,mie sedaap,-0.0783668,-0.022315815,-0.13414672,-0.10140651,-0.11403844,-0.005259444,-0.05267626,0.0046920544,-0.10355763,0.018504143,-0.036986187,-0.032175235,0.13087547,-0.09295362,-0.06725146,-0.046351828,0.056655556,-0.1189017,-0.13733104,-0.10920072,-0.06169568,0.08893171,-0.08471662,-0.099906445,-0.0019858447,0.08038418,0.041424252,-0.046761133,-0.07281999,-0.10815367,-0.026420582,-0.03361411,0.091540866,-0.12519154,-0.03634911,-0.010059448,-0.046135135,0.08578496,-0.106016785,0.05028287,-0.09114519,0.12972543,0.006058477,0.17286232,0.08200287,0.099184945,0.15559536,-0.12022567,0.0717147,0.06950468,-0.06670589,-0.07727198,0.03491863,0.0630877,-0.17411026,0.055029303,-0.01413239,0.13706936,0.22759855,0.107608244,-0.21366236,-0.14219256,0.020081494,0.03555339,brand
12,pop mie,-0.0557013,-0.020848403,-0.076161034,-0.1371139,-0.03420108,0.11968695,-0.04729762,-0.030052613,-0.1387933,0.10376081,0.0134939635,-0.030383764,0.08872923,0.036713816,-0.023978144,0.016964683,0.12693971,-0.063648984,-0.15875348,-0.009530427,-0.041799285,-0.011361495,-0.05884652,-0.054892138,-0.013176606,-0.011476854,-0.038958967,0.00531138,0.018846761,-0.06917708,0.024355626,-0.020109355,0.08578939,-0.045470096,0.06400659,-0.043766573,0.010652306,0.113795415,-0.10209902,-0.02073766,-0.1316131,0.08294099,0.041305713,0.0643578,0.0787954,0.07008837,0.1412968,-0.060175333,0.0050887093,-0.05800385,0.0016683761,0.013462367,-0.06277996,-0.019633535,-0.1334365,0.087844975,-0.034747794,0.018684968,0.05303385,0.05935406,-0.072172806,-0.050121583,-0.04945226,0.042797614,brand
13,sosro,-0.06647463,0.06732905,-0.017779676,-0.12220138,-0.010178576,0.15338472,0.059396204,-0.07300937,-0.19393161,0.0970792,0.01122852,-0.029188717,0.027306292,0.0016180472,-0.061234392,0.09221882,0.15077595,-0.14379403,-0.13538408,-0.042374358,0.023803579,-0.06401502,-0.08376829,-0.008935465,-0.01667504,0.061662104,-0.05868367,-0.030463167,-0.071920246,-0.08755389,0.031232763,-0.056222055,0.08211845,-0.07484478,0.0516248,-0.08297923,0.065534905,-0.0058652405,-0.059975445,-0.043333627,-0.1099248,0.019305106,0.089445636,0.13664493,0.033272278,0.043122426,0.1390906,-0.11460076,0.17286879,0.021321781,-0.12938862,-0.07783388,-0.024134353,-0.038817413,-0.11563279,0.100983664,-0.024585657,0.051105782,0.063034594,0.11808529,-0.17414883,-0.11567058,0.034307677,0.027849318,brand
14,frestea,-0.0015357418,0.12473412,0.0480247,-0.043573424,-0.009406767,0.07789914,0.054683276,-0.049165297,-0.12002814,0.06492216,-0.03792688,-0.0627834,0.031718403,-0.010636142,-0.03250826,0.05520452,0.09373632,-0.16432337,-0.0697783,-0.0393781,0.022371635,-0.044970546,-0.05805736,0.111399144,-0.018972224,0.010674767,0.045850128,-0.023590958,-0.044523843,-0.041022174,-0.02619807,-0.074070156,0.078194916,0.024287619,0.08420119,-0.031187508,0.031775545,-0.0058631366,-0.023830082,-0.10505027,-0.12211898,-0.017625334,0.08709418,0.06323561,0.036023907,-0.009713545,0.08637567,-0.0491158,0.07626389,0.025158547,-0.041384757,0.021939605,-0.022461902,-0.012285387,-0.037694406,0.068554096,-0.04299905,0.04942782,0.005405804,0.05391916,-0.13033754,-0.033871837,0.050785594,-0.0037271425,brand
15,aqua,-0.023166932,0.14421812,0.20652765,-0.031672124,0.052338496,0.050853945,0.055354718,0.122818224,-0.30656427,0.09597808,-0.04661894,-0.050917745,0.07142115,0.029015008,0.16681328,0.1645242,-0.012217734,0.11617729,0.046110533,-0.008763397,0.055655334,-0.011942994,-0.13362557,-0.0047878446,-0.17234837,0.14695661,-0.067371175,-0.009688847,0.14638323,-0.12720487,0.022135137,-0.10043703,0.07585691,-0.082189865,0.103185706,0.04966081,0.008857896,-0.13181388,0.13015856,0.0020936602,-0.131289,-0.046828676,0.0707495,0.030924562,0.025215507,0.08068031,-0.12799785,-0.046937175,0.012651296,0.04857395,-0.23530114,0.04699061,-0.07330856,-0.08269705,0.07355425,0.060934488,-0.14791408,0.08835104,-0.14721483,-0.11900456,-0.060749345,0.15899411,-0.032836437,-0.023912596,brand
16,le minerale,0.036661416,0.07746266,0.05020644,-0.052285176,0.081140965,0.062312998,0.060429268,-0.07157928,-0.10323533,0.07934803,-0.030305948,-0.07200967,0.0131710265,0.0030934475,-0.106250405,0.085325345,0.116323814,-0.09413476,-0.106411844,-0.02115035,0.035231225,0.043857075,-0.03966165,0.01633637,-0.001492444,0.009847416,-0.062498026,-0.0057140826,0.019943722,-0.12643284,-0.039323684,0.02215917,0.057096556,-0.0288518,0.053065114,-0.047445595,0.08183827,-0.060022324,-0.023635201,0.016032634,-0.05868601,-0.056036167,0.02581966,0.1817667,0.077623695,0.020049779,0.06497334,-0.060163677,0.10172809,0.10290259,-0.04048186,-0.0672171,-0.014066911,0.034622148,-0.030615248,0.0941564,0.013804967,0.021261308,-0.03496681,0.14403701,-0.09914357,-0.067767285,0.0064525865,-0.0070894407,brand
17,ultra milk,-0.028743591,0.100783065,0.03275924,-0.062822595,0.079310104,0.09816421,0.050589524,-0.07921973,-0.036034156,0.061868124,-0.026123416,-0.07022683,0.018077148,0.016551714,-0.13313305,0.11261071,0.1013332,-0.1292479,-0.12670779,0.015481742,-0.011580175,0.0030944282,-0.09932793,0.048646018,-0.0151874,-0.011054171,-0.050465576,-0.0050481684,0.014746993,-0.038406603,-0.083399355,-0.0062048314,0.06342697,0.0066919113,0.13225001,-0.062993556,0.029372308,-0.040129114,-0.019179147,-0.028203513,-0.038467363,0.015470181,0.039378665,0.084448926,0.081976965,-0.04622382,0.108152516,-0.11426535,0.06603794,0.06398032,-0.020967271,-0.021530107,-0.00078377756,0.016035996,-0.017674226,0.09400473,-0.010702316,-0.0519419,-0.00785807,-0.015893932,-0.11632191,-0.04243545,-0.0032525272,0.061532963,brand
18,sariwangi,0.045590423,0.03956162,0.031523537,-0.115095526,0.06347254,0.09543524,0.005262837,-0.065946475,-0.06648594,0.10468304,-0.03626355,-0.07152641,0.098273546,0.026896823,-0.07470398,0.017329264,0.10670903,-0.11788366,-0.1097091,-0.017061358,0.072022244,0.033715583,-0.050806575,0.02702238,0.0063847806,0.02768007,0.015878456,-0.007845978,-0.014011344,-0.04779833,-0.053307086,-0.00824151,0.04131145,-0.04153429,0.05335004,0.018445978,0.07049462,0.06568377,-0.019735117,0.014569628,-0.0988593,-0.012044176,0.11102028,0.12354861,0.070649624,0.03821806,0.15515226,-0.030817946,0.029404748,0.010282999,-0.06298709,-0.06753141,-0.026893977,-0.019241631,-0.11696166,0.020065513,0.014516092,0.062135674,-0.021741789,0.18876041,-0.08754139,0.0076016644,0.023262918,0.024460677,brand
19,good day,0.11097485,0.08539109,-0.07555211,-0.052341968,0.069229215,0.009735235,-0.110996634,-0.14363545,0.038863294,0.07024826,-0.11035772,-0.15052423,0.17676853,-0.15549773,-0.06720817,-0.08143662,0.022762667,-0.13201322,-0.1273166,-0.095889345,0.009294604,0.13195422,-0.09169428,-0.013412971,-0.05300416,-0.03083162,0.13306743,-0.090242386,0.04669938,-0.08110823,-0.15343437,-0.015858494,0.059711352,-0.06881334,-0.090527095,0.13367637,0.012101549,0.10324563,0.01772616,0.09952174,-0.034133196,0.10998903,0.04661648,0.11402969,0.13866276,0.1094947,0.2022151,0.019892603,0.02430254,0.15713906,-0.044381205,0.018260375,0.13326955,0.10762097,-0.0048528863,0.047458023,-0.05107242,0.08299341,0.09079484,0.03759247,-0.13707311,-0.03870782,-0.011817531,0.08262764,brand
20,kopi kapal api,0.0009622611,0.20182396,-0.029665258,-0.049241073,-0.053085703,-0.14513625,-0.025500983,-0.15352526,-0.053265303,0.11742645,-0.12902921,0.04704447,0.17936651,0.09359745,-0.049912278,0.026229165,-0.036721237,-0.17910278,-0.041622467,0.03792028,-0.047712743,-0.03487895,-0.2420304,0.010730628,-0.074819595,-0.015050592,0.25521624,-0.15150777,-0.025384437,-0.030533891,-0.086604185,0.073621556,-0.03516438,0.07605024,0.01432249,-0.074889414,-0.106522426,0.13667539,0.015468345,0.14950493,-0.0442848,0.22875938,-0.013479854,-0.06923495,-0.12253167,-0.076930955,0.15427788,-0.20185196,-0.13995133,-0.10654566,0.24628824,0.013260292,0.025596213,0.053611778,-0.054073893,0.05653567,-0.08927342,-9.949121e-05,-0.009259073,0.050652593,-0.029026613,-0.056934945,0.032399476,0.025325488,brand
21,torabika,0.029952995,0.08741394,0.05667723,-0.10117508,0.049958207,0.10074123,0.013912593,-0.052063055,-0.049106557,0.04942263,-0.031472906,-0.059940502,0.03973841,0.025515895,0.0018391204,0.06352794,0.112360336,-0.1277417,-0.11188914,-0.076416194,0.036099873,-0.012019386,-0.015705055,0.08732124,0.0033821114,0.03614188,0.03205354,-0.03410718,-0.033720378,-0.041225262,-0.03564801,-0.041989394,0.06128744,0.021684542,0.06677532,0.030413164,0.022491887,0.021038633,-0.047846768,-0.018871533,-0.12267929,-0.081125185,0.13940912,0.1313767,0.02489655,-0.0041179247,0.10105214,0.0058227284,0.04700571,0.03551427,-0.07690121,0.003971839,-0.021629157,-0.034947924,-0.06401011,0.009637253,0.008504314,0.071642786,-0.016144365,0.15370795,-0.11819345,0.02803636,0.014803171,0.01086735,brand
22,nescafe,-0.06172645,0.012894327,0.03942,-0.08023532,0.087038994,0.123689905,-0.03108953,-0.08982019,0.013264764,0.13619083,-0.062074848,-0.076560296,0.087314054,0.08555449,-0.21053505,-0.030809168,0.10723707,-0.1089342,-0.015911303,0.080371335,-0.0033293667,0.1789417,-0.124107674,-0.011303838,0.042138282,0.034853254,-0.0158565,0.006039487,0.009847476,0.107923776,-0.0780934,-0.071572304,-0.0037532593,-0.036981184,0.23077992,-0.123362914,0.029240869,0.04162616,-0.13358241,-0.025417088,-0.017793344,0.08822718,0.08800526,0.018773833,0.020524174,-0.17208093,0.23128876,-0.08263967,-0.09283461,-0.028468868,0.07007544,-0.09517929,0.0066562514,0.025889343,-0.025276646,0.10320149,0.112729564,0.123032175,-0.065843835,0.08354345,-0.19346797,0.025795963,-0.026799036,0.008846236,brand
23,cimory,0.055930093,0.030297667,0.02600524,0.014542089,-0.024852498,0.2206992,0.07855028,-0.087975204,-0.28581396,0.16336054,-0.061842985,-0.216262,0.11340822,0.089374796,-0.046103887,-0.0006456418,0.1021761,-0.019829076,-0.08779541,0.11577111,-0.092661105,0.048652515,-0.1188311,0.12484316,0.0645633,-0.0068918066,0.005699508,0.11649447,0.043841027,-0.10071577,-0.029853461,-0.077110395,-0.091340676,0.0019454826,-0.09066344,0.05515881,0.145769,-0.064563565,0.031082949,-0.23651797,-0.10666672,-0.08707565,0.06500565,-0.03555098,0.104730785,0.023045145,-0.037038513,0.03445053,0.08677342,-0.116465494,0.0020809632,-0.113813736,-0.17383224,0.0025470774,-0.030924682,0.12295696,0.14395338,-0.054914013,-0.034773897,0.291524,-0.0010436592,-0.07465163,0.1360757,-0.17141451,brand
24,greenfields,0.021288704,0.061780833,0.009829724,-0.09890739,0.035416856,0.12120568,0.067101896,-0.07954922,-0.12290627,0.10079233,0.008836312,-0.08918195,0.08070309,0.02485514,-0.057792544,0.042749353,0.10154438,-0.13447458,-0.097448334,0.01714861,0.048336722,-0.06318476,-0.056103304,0.057742435,0.006613305,-0.009859942,-0.02821302,0.02793806,-0.06601435,-0.039099246,-0.009311764,-0.04403737,0.028310906,-0.04801684,0.070538715,-0.032424487,0.08862311,-0.009205764,-0.029803295,-0.03859858,-0.11580098,0.011396484,0.084725484,0.07472734,0.10004477,0.029255822,0.17186931,-0.061269708,0.0941692,-0.0012468229,-0.04467081,-0.04544217,-0.06715058,-0.031573318,-0.09230604,0.069184795,-0.0022714501,-0.007186671,-0.010931943,0.15750842,-0.08173004,-0.039261054,0.040621694,0.012123337,brand
25,so nice,-0.015531651,0.004291444,-0.038721632,0.13299239,0.1455734,-0.019943634,-0.14495292,-0.16681758,0.16575184,0.007854443,0.069865815,-0.0072245407,-0.09845881,-0.28366765,0.06862723,0.13991949,0.19789419,0.09842746,-0.17085381,-0.27430215,-0.1084148,0.032409407,-0.07833214,-0.16993976,-0.12797609,-0.012592964,-0.18270746,-0.06363414,0.17291433,-0.077632144,-0.09624156,-0.06447265,0.121613294,0.0015419575,-0.15564376,0.040092863,-0.06372708,-0.05690165,-0.046164893,0.03142358,-0.0092589585,-0.034078825,-0.0082184095,0.18772468,0.035434913,-0.03951612,0.0353233,0.09574604,0.25660408,0.13264465,-0.40872112,0.03886211,0.036122188,0.08762185,0.12310034,0.18231407,0.06079832,0.07378498,-0.035433136,-0.051338833,-0.18792999,0.06730576,-0.12899184,0.010496901,brand
26,tango,0.026527397,0.05608832,0.01804829,-0.07721677,0.016513394,0.065266654,0.022224087,-0.069499016,-0.061834637,0.061566908,-0.012531613,-0.052806932,0.06177077,-0.0070705605,-0.042769194,0.07559267,0.06583739,-0.12785876,-0.10247909,-0.029787706,0.04368008,0.019972816,-0.06787217,0.0082214065,0.0011237427,0.039543785,0.014579963,-0.0020397655,-0.057123937,-0.059001923,-0.037373215,-0.009888405,0.041943192,-0.081181034,0.02965166,0.0006708725,0.033809066,-0.042430937,-0.024279691,0.021609886,-0.105672345,-0.042380318,0.052512947,0.11889264,0.066177085,0.038144134,0.07931832,-0.083043374,0.0752203,0.06417492,-0.080945954,-0.05694101,-0.031926453,0.039050385,-0.063305974,0.038917314,0.00587823,0.024021119,0.03876667,0.11506277,-0.117645144,0.021949213,0.03320489,0.021579264,brand
27,silverqueen,0.008527907,0.061527,0.027976949,-0.059903126,0.0046509877,0.015821652,0.003785486,-0.030296888,-0.08692645,0.060639225,-0.017517481,-0.039591774,0.055926412,-0.03382707,-0.06094629,0.022231711,0.06044514,-0.12606317,-0.025980745,-0.03732723,0.045069277,0.03832501,-0.08112067,0.0065824185,-0.0260333,0.039241396,0.039405487,-0.010504773,-0.008172962,-0.0663317,-0.057128925,-0.006330276,0.078326985,-0.051957972,0.035072982,-0.010116257,0.011274184,0.0036123146,-0.0028131362,0.025482867,-0.06464767,-0.01113034,0.0517177,0.108732074,0.05592879,0.039211493,0.065658465,-0.096754394,0.02476985,0.073073216,-0.03438886,-0.030216178,-0.0067572813,0.044063956,-0.057621665,0.060549572,-0.0496213,0.06692754,0.027358335,0.07221992,-0.119866595,-0.0020491586,0.028881453,0.031434834,brand
28,chitato,-0.026421417,0.07681838,0.042710684,-0.021041594,0.033847213,0.0643486,0.053162083,-0.038299527,-0.032484494,0.059729934,0.017036743,-0.03407953,0.0024595428,-0.022984242,-0.10242142,0.1104074,0.05754067,-0.11554049,-0.09578149,-0.018071577,0.026702065,0.020814441,-0.08983065,-0.005116718,-0.029301213,0.035661466,-0.034015,0.014577714,-0.061009087,-0.05183821,-0.025941636,-0.0041059344,0.040833257,-0.08204891,0.08382341,-0.081985146,0.020202227,-0.053605914,-0.008064202,-0.030917156,-0.045260303,-0.026935613,0.04275117,0.10526491,0.07619746,-0.014833533,0.082866505,-0.15199558,0.095641114,0.0708988,-0.09379619,-0.085379966,-0.02327041,0.023503285,-0.06646442,0.08542607,0.020792732,0.0045589497,0.0088856,0.039037623,-0.15989023,-0.011228647,0.035453945,0.042555008,brand
29,qtela,-0.025563482,0.062818766,0.09491214,-0.061209135,0.031315707,0.025802791,0.03353788,-0.09514524,-0.13803828,0.0075855367,-0.047380336,-0.06993604,0.07460609,0.040479157,-0.05600837,0.07757257,0.108378276,-0.114886574,-0.17286995,-0.02947088,-0.03821037,0.040846646,-0.09128178,0.00874502,-0.052223362,0.035517342,0.039215583,-0.04859555,0.0053090937,-0.07105047,-0.08370134,-0.026261345,0.03690233,0.009147055,0.07155812,0.032025337,-0.04389979,-0.023000285,-0.08245292,0.011685637,-0.12791136,0.043545663,0.09978011,0.09883767,0.019389633,-0.019644901,0.1360119,-0.051425494,0.02712014,-0.024541179,-0.07663621,-0.02677625,-0.066331096,-0.012220575,-0.08269967,-0.01804756,-0.0015212714,-0.0026914673,0.0609267,0.071865976,-0.123340145,0.0733388,0.018966172,0.031867497,brand
30,wings group,-0.0955318,-0.15857318,-0.12644248,-0.07593823,-0.017547058,-0.07701138,-0.11075513,-0.030933466,0.081984445,-0.2072587,-0.07798144,0.00076692435,0.023105135,0.011139294,0.16885492,-0.040153056,-0.040993452,0.062172543,-0.12845415,0.084225565,-0.20300394,-0.16231191,0.21712634,0.007163075,0.19264323,0.015837507,-0.008650769,-0.08004012,0.06086213,0.08166656,0.04437493,0.018263776,-0.10417965,-0.046755094,-0.0358039,-0.06781474,-0.20022416,0.14378384,-0.14660284,0.23203033,-0.02682523,0.06251062,-0.123858586,0.01613823,0.024268325,-0.14475137,0.026049074,0.24339291,-0.054211657,-0.013918749,0.13369532,0.17495203,-0.12165107,0.012189291,0.0857165,-0.07433373,-0.08313287,-0.23065723,0.08679867,0.03524814,0.3250749,0.005274736,-0.081655495,-0.08512448,brand
31,so klin,-0.1720247,-0.25257188,-0.16303143,-0.07030775,0.020255739,-0.014077614,-0.06949409,-0.0055923695,0.15283024,-0.16887707,-0.06810422,0.008716794,0.056375403,0.08156411,0.11420077,-0.03931807,-0.008067946,0.05490511,-0.26172552,0.17026964,-0.23940262,-0.23894638,0.23918049,-0.021100402,0.22731721,-0.08047611,-0.12988791,0.036871966,0.009099199,0.14298591,0.07269502,-0.008161238,-0.17426378,-0.040761717,0.061620913,-0.17808047,-0.17806703,0.1655843,-0.20441306,0.15561463,-0.027457694,0.13867036,-0.11966056,-0.08114688,0.11893935,-0.22190177,0.13548617,0.20474339,-0.01968603,-0.12010967,0.16444223,0.1681796,-0.22341244,-0.0649624,0.035758667,-0.03924739,0.08662392,-0.35445267,0.04408487,0.1048719,0.36926448,-0.05164025,-0.10387014,-0.05878494,brand
32,sunlight,-0.13464016,-0.25020516,-0.1861215,-0.06486578,-0.042618737,-0.083946496,-0.08132061,-0.045312822,0.043077897,-0.19387466,-0.085512444,0.014961472,0.06067913,0.046320632,0.13540661,-0.10016714,-0.031803567,0.07312988,-0.12722147,0.20593473,-0.21061349,-0.19714147,0.20550752,-0.013426919,0.21942031,-0.030335579,-0.07637501,0.01525071,0.06914966,0.1086429,0.03854189,-0.012262119,-0.1750721,-0.06198839,-0.022825724,-0.119997084,-0.19440314,0.12409623,-0.18247303,0.21950853,-0.011692885,0.17513804,-0.16396284,-0.05335577,0.067823604,-0.15693176,0.051951587,0.20639606,-0.007142962,-0.111488566,0.22437719,0.16139777,-0.21459599,0.016045112,0.07107273,-0.003634507,-0.008969346,-0.3051456,0.10111839,0.117527746,0.38328713,-0.048271082,-0.039457552,-0.10091175,brand
33,daia,-0.17605218,-0.27865517,-0.1662655,-0.084999606,-0.06455898,-0.055322632,-0.05701904,-0.023905683,0.016127646,-0.19081938,-0.1211428,0.008793,0.08990659,0.069450274,0.10892123,-0.11079099,-0.007071292,0.086890236,-0.14075655,0.18698007,-0.24895987,-0.14975044,0.16709562,-0.02323263,0.23208208,-0.018043337,-0.052255645,-0.022239333,0.04988133,0.14985824,0.040341347,-0.014479734,-0.19093746,0.0037064762,0.0054151844,-0.103109166,-0.2218014,0.16149265,-0.18303251,0.18597597,-0.037763923,0.21076167,-0.11033403,-0.06287715,0.0118557075,-0.19978824,0.07475922,0.22466266,-0.04165539,-0.17643715,0.20292565,0.11052211,-0.22233434,-0.04196031,0.06739452,-0.07803036,0.019050108,-0.28941095,0.13179278,0.11001061,0.36866215,-0.008236087,-0.059153825,-0.089768484,brand
34,rinso,-0.16844663,-0.2438598,-0.17342643,-0.05424902,-0.016789371,-0.07133184,-0.06798401,-0.041175358,0.0815544,-0.19984773,-0.07133142,0.022580326,0.037576802,0.050193556,0.109185286,-0.05890639,-0.02733634,0.07885739,-0.15797877,0.20249298,-0.2272883,-0.20857352,0.20175585,-0.022342654,0.21592376,-0.02943394,-0.10720801,0.020729888,0.06594266,0.11396836,0.0367644,-9.8408986e-05,-0.17218171,-0.05441843,0.008122386,-0.154623,-0.20155263,0.11144635,-0.18435471,0.20764071,0.008643088,0.16784737,-0.16455847,-0.050876953,0.07562901,-0.18703909,0.05965945,0.17512587,0.002251334,-0.10052196,0.20599896,0.14989284,-0.21407072,6.769347e-05,0.06447446,0.0059545115,0.016570749,-0.33423907,0.08410214,0.08803035,0.37062296,-0.060151428,-0.05249635,-0.07823109,brand
35,mama lemon,-0.1951491,-0.23669592,-0.14613509,-0.014232882,-0.031629413,-0.10326789,-0.029679442,-0.120618835,-0.059077155,-0.21792677,-0.06539425,-0.04263586,0.114774436,0.0010619457,0.11682792,-0.061856564,-0.0031411995,0.08750738,-0.18077254,0.14196971,-0.2742352,-0.21931413,0.13940436,-0.03790789,0.19003609,0.018718619,-0.04552652,-0.050044175,0.05361411,0.08507315,0.063612,0.018103905,-0.17640463,-0.043447785,-0.037012972,-0.11048293,-0.19619352,0.0884213,-0.19677603,0.20492226,-0.060885213,0.22289881,-0.15915513,-0.03495638,0.020736968,-0.17887574,0.13755442,0.19225162,0.0024794433,-0.12098913,0.12700596,0.10811894,-0.23945959,-0.019622229,0.020022955,-0.052941583,-0.040328674,-0.3370015,0.1478768,0.11603911,0.3740545,-0.040789135,-0.042388156,-0.09861475,brand
36,baygon,-0.173219,-0.21747237,-0.1432975,-0.055489704,0.068841144,-0.0357102,-0.0638911,-0.010162488,0.136551,-0.19336474,-0.091700464,0.0065198047,0.0043172343,0.033387303,0.12135824,-0.038711872,-0.00603877,0.06554274,-0.16971505,0.12065734,-0.23753121,-0.23223189,0.20141,-0.0006459928,0.20582643,-0.06221264,-0.10377872,-0.018127277,0.038232747,0.14407425,0.05696126,-0.024378404,-0.13083953,-0.013753018,0.052293684,-0.13986167,-0.21471268,0.15106127,-0.17127228,0.15200722,-0.00044681504,0.1417109,-0.08813691,-0.06778722,0.0724044,-0.22230525,0.1040865,0.20885333,-0.05218923,-0.100380614,0.11668746,0.19125773,-0.1741446,-0.075708464,0.124339215,-0.023029132,0.007675569,-0.3234212,0.047635503,0.00839197,0.31377208,-0.031982794,-0.1370558,-0.06094961,brand
37,hit,-0.16519143,-0.20649537,-0.15657479,-0.06821249,0.024049703,-0.031976078,-0.034255303,-0.045841176,0.085451335,-0.1810832,-0.048886098,0.01664922,-0.0075598294,0.051037908,0.08676094,-0.010519656,-0.02155348,0.0809671,-0.15997766,0.20073116,-0.21104145,-0.23420787,0.20561521,-0.014759795,0.22030675,-0.030141212,-0.15012509,0.016271854,0.04407365,0.111227185,0.06111645,-0.0030765221,-0.1621308,-0.078221366,0.022669997,-0.18325663,-0.16688642,0.086164646,-0.16668482,0.18462937,0.017489485,0.14613588,-0.1492433,-0.023569452,0.0936048,-0.18161444,0.078670375,0.15941522,0.031842634,-0.08525716,0.15947379,0.11984253,-0.19710082,-0.029369093,0.07033476,0.0249631,-0.0010151274,-0.34901598,0.05033168,0.059730373,0.34057012,-0.083490044,-0.061874907,-0.08019999,brand
38,top coffee,-0.0122733805,0.043571696,0.038795866,-0.07436137,0.019196276,0.067162275,0.018473137,-0.01108134,-0.05623718,0.0735391,-0.03109856,-0.052750144,0.057912428,0.03982373,-0.11275543,0.01630658,0.097095914,-0.123969406,-0.099611945,0.013801357,0.0037809515,0.060383007,-0.070108995,0.026365543,-0.02032271,-0.021045934,-0.011549203,0.013806678,0.002021709,-0.025829092,-0.07142232,-0.015225562,0.042518586,0.019890856,0.123665676,-0.0443115,0.011350587,0.043427993,-0.027703835,-0.024071056,-0.055775084,0.030314554,0.08212392,0.0708832,0.07198365,-0.033648588,0.121355794,-0.07688194,0.014083009,0.002997069,0.022142295,-0.035164148,-0.02939464,-0.0046965936,-0.07188763,0.04264634,0.022968102,0.027021717,-0.004606541,0.07348008,-0.10667801,-0.0019009886,0.012827296,0.049709126,brand
39,mitu baby,-0.04925122,0.04100956,0.027315907,-0.083754614,-0.0031707948,0.08344616,0.080712974,-0.059158586,-0.16123763,0.06604037,-0.05457377,-0.063178346,0.07746129,0.009478071,-0.07690543,0.030127417,0.10878904,-0.12481421,-0.045878462,-0.01088651,0.003171395,-0.02553045,-0.116929114,0.05239649,0.0048354496,0.02609127,0.029979795,-0.025018077,-0.03802698,-0.01225169,-0.04672301,-0.059856467,0.048427075,0.041741513,0.08120979,-0.007119297,0.0033498025,0.00448324,-0.017186647,-0.063563466,-0.118288025,0.060176782,0.10772173,0.05560579,0.013070764,-0.013869994,0.11558018,-0.06898978,0.0480376,-0.04658512,-0.047535542,-0.04929083,-0.057951637,-0.052622728,-0.04088602,0.03470894,-0.019209508,0.017737288,0.04794404,0.071983665,-0.10816166,-0.011080105,0.030846993,0.022035893,brand
40,wardah,-0.1346983,-0.03229877,-0.12696603,-0.016398128,0.0043645957,0.11088296,-0.0057197902,-0.026772205,-0.10068424,0.057208467,0.02862468,0.011847631,-0.06492729,-0.048516147,-0.050671868,0.14098668,0.11733988,0.027575476,-0.10643497,-0.03410277,-0.015768291,-0.022815315,-0.09723821,-0.11670841,-0.060462154,0.05537954,-0.10749833,0.0072107613,0.09166698,-0.07744152,0.10712148,-0.024179673,0.1272434,-0.15659502,0.008614244,-0.05693368,-0.04151919,0.006533023,-0.06285918,-0.1078524,-0.06317435,-0.023231188,0.10056956,0.08448539,0.07740676,-0.017387057,0.00934413,-0.13799536,0.027951801,-0.020847365,-0.1794912,-0.004890768,-0.02688909,-0.033421755,-0.015849134,0.19394699,-0.040933497,0.029264439,0.086880684,-0.1802749,-0.22292921,-0.03844261,-0.08881952,0.039022952,brand
41,make over,-0.0200423,0.0766938,-0.02923593,0.040000737,0.043518163,0.07500011,-0.019912329,-0.07731907,-0.0009740001,0.0971776,0.04019055,-0.05398923,0.00013174719,-0.11511168,-0.040697914,0.076369315,0.06595431,0.007428242,-0.052193567,-0.027648782,-0.008472068,0.04068639,-0.106735334,-0.05463621,-0.054107346,-0.007385938,-0.024738386,0.038915463,0.067596145,-0.035895146,0.022472816,0.01758536,0.024240661,-0.057279326,-0.0149899535,-0.038473807,0.0130109675,-0.021822559,0.0233083,-0.07421878,-0.037504952,-0.0067056837,0.04686621,0.067777224,0.09113888,0.00958647,0.033446122,-0.079024,0.078667276,0.0501163,-0.054600142,-0.029050926,-0.018817987,0.04087983,0.006753213,0.17210211,-0.008482961,0.014271644,-0.038361005,-0.033477996,-0.10377143,-0.01630235,0.0032471134,0.04509484,brand
42,emina,-0.106303245,0.047858313,-0.1487584,0.18047886,0.14669728,0.08059788,0.08018426,-0.040400986,-0.03260658,0.25296348,-0.050634097,-0.14469428,0.10685083,0.010735763,-0.11593114,-0.0350734,0.15334405,0.0112019,-0.15186498,0.06267386,-0.06078708,-0.02068631,-0.08074093,-0.03434262,-0.097274885,-0.11905111,-0.14308849,0.14443126,0.24730377,-0.053120524,0.06441486,-0.0014691544,-0.03078876,-0.025749834,0.054165453,-0.16077106,0.0364981,-0.04004371,0.025323104,-0.22215055,-0.043329284,0.03839013,0.097628064,-0.07638209,0.20653105,-0.18860094,0.045034446,-0.12645134,0.08163412,-0.05456356,0.054719612,0.015612314,-0.16886887,0.014188107,0.07314456,0.3195839,0.11300692,-0.0023337365,-0.07523793,-0.04741098,-0.12899113,-0.11196461,-0.05667022,-0.024546284,brand
43,sariayu martha tilaar,-0.0044167815,0.0694285,-0.017254893,-0.055991255,0.050678648,0.10271743,0.047416784,-0.07713619,-0.121453315,0.077459134,-0.018148001,-0.107623324,0.064753786,-0.021649,-0.08893962,-0.0049702204,0.12724344,-0.09023945,0.024331156,-0.003592488,0.013033357,-0.0039402535,-0.11449437,0.06831968,-0.018101834,0.005403422,0.00074622995,-0.0062631816,0.038579088,-0.018439528,-0.0347465,-0.02147163,0.053400025,0.031265013,0.07935493,0.0054353587,0.054021314,0.016950583,0.01926197,-0.050747447,-0.05032239,0.025854975,0.09610085,0.060922794,0.041529126,-0.040337108,0.12425819,-0.04205087,0.022174485,0.017190523,-0.0015923098,-0.020335007,0.0019124981,-0.0077714245,-0.013052043,0.094653964,-0.057018675,0.046727344,-0.00124158,0.05028691,-0.099481255,-0.04508455,0.010432744,0.019040316,brand
44,purbasari,-0.020167168,0.061353233,-0.0073992163,-0.044571668,-0.005068984,0.046335764,0.07064664,-0.05013738,-0.14512916,0.07617751,-0.017550886,-0.045293592,0.048772383,-0.04173197,-0.045170642,0.0625344,0.07216574,-0.11342895,-0.007344482,-0.00783167,0.05425483,-0.058493763,-0.09516197,-0.002878056,-0.011843814,0.051785313,0.015769273,0.020722056,-0.028537448,-0.06855512,-0.0063607115,-0.039695013,0.07005042,-0.10363836,0.0021785381,-0.016371615,0.03300366,-0.045727998,0.009115454,-0.050236247,-0.11092223,-0.00079759455,0.0650336,0.06117323,0.07694031,0.04248826,0.06224241,-0.11094846,0.07245985,0.011850696,-0.108146355,-0.04009071,-0.036274157,0.013530364,-0.036881857,0.10026574,-0.048860777,0.04212274,0.05088496,0.040940925,-0.12398173,-0.04846193,0.051277094,-0.007386147,brand
45,viva cosmetics,-0.00087407423,0.013873044,0.007855636,-0.049235433,-0.020076338,0.051381607,0.026050266,-0.001748474,-0.103519894,0.07213044,-0.025293685,-0.04697106,0.06388276,0.024618655,-0.056908954,-0.026392043,0.10602407,-0.10018185,-0.046349026,0.021714007,0.030049518,0.041447803,-0.048191644,0.014377946,-0.015524523,0.0033778949,0.0015697266,0.05560275,-0.0037427712,-0.030660693,-0.019362912,-0.046182297,0.013616152,-0.029364893,0.059891813,-0.0174011,0.020875357,0.032247216,-0.03542771,-0.05722954,-0.09136559,0.014070235,0.11250402,0.05899839,0.06718737,-0.019708022,0.09761019,-0.045983344,0.040126108,-0.049851745,-0.0041674664,-0.040553145,-0.06800423,-0.0045154477,-0.08573148,0.061789,0.044684738,0.087473705,0.013657451,0.15437114,-0.11263506,-0.006014161,0.060221434,-0.012296826,brand
46,kahf,-0.045264196,-0.022380661,-0.110447645,0.045814432,-0.0571368,0.014773093,0.029846996,-0.068565324,-0.17996582,0.057674587,-0.043300204,-0.06823419,0.098546594,-0.097250834,-0.017137334,-0.025234459,0.07450579,-0.026633468,0.06828482,-0.013715028,-0.0179507,0.009177605,-0.14669457,-0.00794837,-0.060192667,0.0036568516,0.050758705,0.012172179,0.06554117,-0.014720837,0.039558895,-0.04721302,0.07177029,-0.04289923,0.0026497205,0.05395705,-0.055122197,0.027844235,0.0070345267,-0.13890254,-0.12269562,0.08563426,0.050626215,-0.028621465,0.07495085,0.001272847,0.042809386,-0.08331691,-0.07050346,-0.07483324,-0.02866655,0.0215367,-0.066042736,0.0075342506,0.02678493,0.14007306,-0.092707045,0.04803317,0.09749249,-0.13394183,-0.11540334,0.033545155,-0.019660575,-0.011336204,brand
47,ms glow,-0.054954186,-0.09813982,-0.1245746,-0.07050672,-0.040025506,0.102603465,-0.04891077,-0.017213311,-0.039004266,0.16346838,-0.07362937,-0.015035383,0.11015695,-0.03757876,-0.043248657,-0.057333544,0.119241506,-0.06785959,-0.06680494,-0.11639792,0.009398529,0.07836707,0.0047216504,-0.20054832,0.03818015,0.07501514,0.1309671,-0.021433584,0.032621063,-0.106132075,0.067046195,0.045071214,0.13292533,-0.22319762,-0.11490754,-0.053679846,-0.019023066,0.20742056,-0.0717315,-0.01503176,-0.06273376,-0.064868696,0.044618733,0.064093895,0.04207147,0.09601693,0.038165614,0.020207847,-0.06152507,0.017729605,-0.07527451,-0.062022664,-0.023678966,0.0047215875,-0.12893765,0.023825567,0.01186399,0.19729063,0.07719595,0.15899602,-0.08934611,-0.027027957,-0.086136945,-0.008946144,brand
48,scarlett whitening,0.08180712,-0.22578463,-0.0650313,0.21295643,-0.123951964,-0.037766274,0.033257306,0.036192756,-0.10329146,0.12115353,-0.0015570312,0.077712744,0.10591524,-0.076548085,-0.024788212,-0.08643076,-0.13183752,-0.04119874,-0.003349562,-0.29494596,-0.011196579,0.18585621,-0.050326217,-0.26126093,0.051517226,0.0997259,0.12927699,-0.0665802,0.009603573,-0.108071245,0.20177478,0.048334483,0.09394589,-0.2184447,-0.24790591,-0.10382703,-0.1779903,0.17905787,-0.086231336,-0.11448758,-0.1914978,0.06337281,0.061165385,0.09097534,-0.021780858,0.13618447,-0.06233536,0.0249693,0.0018616255,-0.14165848,-0.1901147,-0.12618315,-0.17383662,-0.10013601,-0.041609824,-0.113074824,-0.040137686,0.30234385,0.11182839,0.21200696,-0.102301724,0.28145218,-0.16051787,-0.12418468,brand
49,somethinc,-0.00067223527,0.039878957,-0.043795977,-0.11066003,0.0054573794,0.10945332,-0.03991261,-0.093807995,-0.19392031,0.10633608,-0.02296399,-0.1494484,0.15407851,0.1163964,-0.040076762,0.013423551,0.11202274,0.028854806,-0.047726244,0.13339332,-0.031084845,0.052815452,-0.11809985,-0.0070440653,0.022417512,0.0501782,0.016394915,0.010696676,0.06091488,-0.049595468,-0.034902424,-0.07535149,-0.050003454,-0.08560714,0.012152338,0.020109108,-0.004175521,-0.026573133,-0.038837522,0.00015274086,-0.17238718,0.08822769,0.09482809,0.03973624,0.06344682,0.018465187,0.05483918,-0.051735677,0.04974284,-0.07561086,0.078035325,-0.051713124,-0.1375381,0.0588378,-0.08318341,0.16542897,0.030727351,0.020336874,0.067788355,0.1227644,-0.13434483,-0.05222311,0.09284052,-0.019939184,brand
50,dana,-0.01155863,0.11140029,0.05345411,0.07253111,0.1826455,0.08498913,0.056882776,-0.09444745,0.026753232,0.080662936,0.006196902,-0.06960073,-0.08138104,-0.120489776,-0.08979608,0.15444095,0.10025435,0.011076426,-0.09017037,-0.0920074,0.001720517,0.043288108,-0.08192085,-0.078760184,-0.067906514,-0.0030269301,-0.10037093,-0.01757449,0.07798956,-0.094012395,0.0055778706,0.045149606,0.029513806,-0.055328503,-0.004427215,-0.07218764,0.02277515,-0.08543259,0.05128569,-0.020903746,0.036955908,-0.08387001,0.084830545,0.15178275,0.08527471,-0.05110989,0.039514236,-0.061051484,0.14891787,0.15383506,-0.1692384,-0.069738,0.029911306,-0.0009937444,0.10368732,0.16584826,0.047773626,0.006665116,-0.08475426,-0.021507705,-0.14864674,-0.04738593,-0.05457105,0.048232645,brand
51,ovo,-0.021577172,-0.005340708,-0.013550814,-0.13381614,0.021839384,0.05085422,0.025894774,0.00041157764,-0.101218775,0.0935819,-0.038067304,-0.05219292,0.11683074,0.025446674,-0.05213081,-0.010153232,0.11212565,-0.10263434,-0.059877325,-0.00016891194,0.047108017,-0.027331185,-0.040683005,-0.019096192,0.040847734,0.023058172,-0.00031908113,0.0422393,0.01757842,-0.02697377,-0.039049737,-0.016260244,0.064869925,-0.05946376,0.027637213,-0.00060857256,0.033018246,0.067412265,-0.027503539,0.022076603,-0.10846938,0.016632065,0.12682748,0.079287395,0.111033015,0.028148692,0.13310538,-0.039567243,0.008642915,-0.018677263,-0.038478285,-0.03233242,-0.06738402,-0.043558683,-0.090978146,0.034001026,0.000902858,0.06484684,0.02036485,0.16480131,-0.04580105,-0.04894443,0.013933716,0.01485835,brand
52,gopay,0.0020862594,0.024418194,-0.003399172,-0.08262506,0.076431096,0.08481166,0.022767663,-0.06877826,-0.062747374,0.047275454,-0.0410635,-0.0906825,0.084476724,0.017514322,-0.028420419,0.012083296,0.120598555,-0.076444894,-0.063286066,-0.02567361,-0.00077824754,-0.0060929507,-0.06224566,0.030646034,0.005410867,0.009803835,0.0069849133,-0.0058441595,0.033088483,-0.009353522,-0.044337906,-0.02416592,0.031926785,-0.006335125,0.0559199,0.042429797,0.0023252177,0.034856714,-0.03292806,0.0074957246,-0.08492784,0.0072369883,0.13369215,0.06704264,0.057485223,-0.042493798,0.14232968,0.008845897,0.0054519735,-0.009728732,-0.04803714,0.0032018633,-0.03976117,-0.034327373,-0.018076342,0.031578764,0.0039464682,0.03699737,0.020373862,0.1037177,-0.07432324,0.02265078,-0.019399136,0.0148579925,brand
53,linkaja,-0.0006306605,0.07564084,0.020167004,-0.10040861,0.040158868,0.0950885,0.022660699,-0.029920988,-0.04971062,0.05368661,-0.07339437,-0.06666317,0.050666675,0.02830714,0.00068080524,0.05947555,0.12482272,-0.12636293,-0.10546373,-0.056628436,0.0068775094,-0.038051277,-0.020550894,0.068708554,0.02292554,0.01724345,0.036627136,-0.022384837,0.0046670604,-0.017597072,-0.03936974,-0.061980434,0.08238685,0.019732714,0.06273344,0.02988389,0.0027942704,0.03475955,-0.041135773,-0.051431492,-0.14332159,-0.058145862,0.14880669,0.072392724,0.050978035,-0.035559643,0.08452499,0.025861992,0.017093474,0.0045059053,-0.07915066,0.04806435,-0.026917288,-0.04717821,-0.0063011376,0.017915087,0.004271855,0.05892757,0.009196839,0.06712204,-0.10175842,0.0044309855,-0.0072405785,-0.0035808363,brand
54,bca digital,0.03877394,0.090697005,-0.022070315,-0.06054,0.11685063,0.10824605,-0.007288906,-0.113688536,-0.02204791,0.08635579,-0.07424824,-0.12521797,0.10515235,-0.05817037,-0.015103485,0.046001494,0.0991136,-0.11928852,-0.04845298,-0.0954514,0.033130214,-0.06524004,-0.09038689,0.065049805,-0.009441045,0.017904755,0.09132524,-0.07415491,0.032486364,-0.027237881,-0.050373416,-0.018252283,0.11219226,-0.014152873,0.03359612,0.07647778,0.04103715,0.076065764,0.036866747,-0.025833461,-0.10877572,-0.03911993,0.10476577,0.028235048,0.061597176,-0.004130476,0.13522571,0.019784143,-0.046963245,0.06952652,-0.12911102,0.06959936,0.04731359,-0.01328581,0.033093892,0.041984525,-0.077023774,0.036632895,-0.00020714267,-0.026217269,-0.07738869,0.009406467,-0.06242617,0.03339795,brand
55,jenius,-0.030092094,0.11895374,-0.00037662056,-0.05879329,0.041634887,0.05547283,0.04666188,-0.08825173,-0.11730327,0.032870397,-0.04869889,-0.07225006,0.025188023,-0.080207944,-0.052422278,0.07675508,0.08924128,-0.08451598,0.07554835,-0.07573739,0.009711939,-0.018983636,-0.13903868,0.048789468,-0.008523036,0.101300895,0.06842448,-0.0910314,0.060915068,-0.04457175,-0.062810294,-0.009472068,0.122791566,0.0052734725,0.013117783,0.040045053,-0.009625785,-0.029309763,0.049523182,0.0070949774,-0.05378884,-0.031181382,0.07287666,0.11326665,-0.01745858,-0.014080506,0.014577862,-0.05923286,0.016949138,0.10422938,-0.083869785,-0.00069964444,0.055637754,0.021074867,0.059823535,0.0810096,-0.14725855,0.06597111,0.050678305,-0.07315761,-0.12128126,-0.027650863,-0.0015795294,0.021730302,brand
56,seabank,0.020080477,0.041147843,-0.029614381,-0.009082535,0.12978147,0.09390238,-0.048034973,-0.14257249,0.03038318,0.093479276,-0.10162206,-0.09165834,0.07948528,-0.07481511,-0.030309863,-0.00087636296,0.11355397,-0.05339684,-0.07659624,-0.034302004,0.0037259343,0.028411899,-0.10563286,-0.0018385798,-0.038579226,-0.044084333,0.047686793,-0.024828505,0.12900192,0.0052163024,-0.09102927,-0.03252943,0.018230982,0.034695156,-0.0101877805,0.06894359,-0.015062712,0.06580712,0.02826941,-0.013814829,-0.041101977,0.041515604,0.12827969,0.007600895,0.057884373,-0.035691366,0.09590572,0.04345171,0.02192653,0.0111067835,-0.052267857,0.05896433,0.008216265,0.0021573142,0.1025773,0.104327425,0.030763432,0.013345495,-0.026461225,0.0037517122,-0.06112721,0.031549167,-0.041951694,0.065483645,brand
57,bank jago,-0.06334746,0.026907928,-0.01031,-0.08623347,-0.0023089368,0.085383385,0.08505078,-0.05222389,-0.15978256,0.06785649,-0.07146167,-0.07023842,0.08624262,0.012115787,-0.07010749,0.02313721,0.12475881,-0.10000824,-0.022093618,0.006582978,-0.0073853144,-0.0450946,-0.110456735,0.033095315,0.024415353,0.030739762,0.02523556,-0.011476366,0.006702205,0.0011418887,-0.039368957,-0.06205836,0.05129713,0.026003562,0.060418405,0.002714932,-0.0009799853,0.018535472,-0.010546682,-0.06650086,-0.12206393,0.0593758,0.12164243,0.03285439,0.029767912,-0.038030915,0.105009794,-0.038932778,0.033180457,-0.063935645,-0.048486575,-0.030525323,-0.06141678,-0.060428947,-0.010865935,0.046445504,-0.018836977,0.025532061,0.057730652,0.04498362,-0.08330981,-0.03387665,0.023466326,0.0034056026,brand
58,livin' by mandiri,-0.0812048,0.12205556,-0.013033494,-0.07231132,0.043276794,0.006983704,-0.069591835,-0.18989174,-0.090950675,-0.05776637,-0.07786149,-0.09305571,-0.039828874,-0.13457872,-0.030772258,0.12412165,0.21087606,-0.13672096,-0.10049419,-0.11212115,-0.09839892,-0.013958882,-0.15598339,0.09078197,-0.04185591,0.05386795,0.10165551,-0.15883258,0.0321312,-0.0137675535,-0.031668216,0.0022127477,0.13203236,0.1283752,0.006237928,0.08181894,-0.10921952,-0.056332566,-0.052087665,-0.062308297,-0.0934533,0.004002388,0.15116885,0.163441,-0.09568796,-0.12102489,0.051499143,0.022025416,0.026292812,0.046972588,-0.14127931,0.05825656,0.038205866,-0.0020160824,0.036992677,0.06613386,-0.1400764,0.010614114,0.018252997,-0.06538544,-0.21657178,0.040757686,-0.007975335,0.057213783,brand
59,flip,0.06992984,0.289057,0.26071706,-0.024011785,0.2557091,0.17867997,0.15031949,-0.12918529,-0.030132862,0.10070686,0.010472892,-0.1328431,-0.06556614,0.02769249,-0.10284932,0.12283053,0.11354652,-0.047293168,0.0741218,-0.02386802,0.10105409,0.046692103,-0.028346043,0.012815697,-0.13378373,0.1386599,0.020155968,-0.0627252,0.0066397283,-0.040768653,-0.17510411,-0.10256004,0.041313775,-0.21949223,0.12889582,0.0016636464,0.019485582,-0.0045431033,0.059489444,0.057925493,0.048588924,-0.08290892,0.17016819,0.13413697,0.0664789,-0.0557914,0.22831668,-0.09334384,0.009997348,0.18655957,-0.21289304,-0.102185376,-0.025691215,-0.044285,-0.050302353,0.10100872,0.026361914,0.11918954,-0.050051562,-0.089323044,-0.20608202,0.03548186,0.045548752,0.004022694,brand
60,gojek,-0.36000907,-0.116921954,-0.11137892,-0.07859719,0.077438794,-0.23859428,-0.089413956,-0.33789024,-0.106869,-0.42844748,-0.0041350024,0.09050879,-0.21281922,-0.07763839,0.0057879025,0.464554,0.06833922,0.07285566,-0.082324974,0.084437415,-0.11595957,-0.14127398,0.08137175,0.32430547,0.1205405,0.28777176,-0.059633225,-0.37089044,0.13966474,0.11393246,0.017257389,0.24880496,0.011541657,0.1589933,0.13552657,0.06273541,-0.41352004,-0.2709928,-0.32401705,0.046056233,0.04937039,0.120052055,-0.060351,0.08691887,-0.23036784,-0.28928763,-0.010345605,0.025785908,0.03792031,-0.096044034,-0.11029443,-0.10683005,0.122216344,0.09599428,0.24691322,0.013501129,-0.08827217,-0.15600419,0.21893916,-0.43618146,-0.060194336,0.04231037,0.004762858,0.18744043,brand
61,grab,-0.19775331,-0.20432085,-0.17186308,0.1253165,0.06826477,-0.2301284,0.00804476,-0.4642038,-0.1007624,-0.3698861,-0.029198773,0.11238775,-0.22298053,-0.18578878,0.04639048,0.56229246,0.14252143,0.28610355,-0.07906446,-0.034790978,-0.15211074,-0.0873707,0.031739213,0.0734965,0.032816008,0.18210582,-0.23074819,-0.31025684,0.2642368,-0.060342,0.14299415,0.33376276,-0.015681254,0.25070745,-0.017168809,0.14080861,-0.26183134,-0.28018257,-0.14846796,0.053730786,0.15542737,-0.11189605,-0.26048183,0.08570942,-0.16456212,-0.35547757,-0.20939964,0.1467238,0.09949602,-0.009185874,-0.17100804,-0.0921732,0.18289885,0.1626325,0.42926696,0.108781636,0.087761074,-0.20072739,0.09658443,-0.3981198,0.12207799,-0.0146529805,-0.109192565,0.08318658,brand
62,traveloka,-0.0037042238,-0.20985544,0.17194974,0.046295017,-0.7938658,-0.23414381,-0.24849379,0.08027778,-0.26594722,-0.015706614,0.27734944,-0.108734675,0.37377304,0.032507885,0.08131498,-0.48916316,-0.31876278,0.052367724,-0.03614738,0.05779454,-0.15934566,0.4377554,0.23983587,-0.21025991,-0.020020826,-0.07662318,0.18896669,-0.36219677,-0.28107756,-0.055713233,-0.009646323,-0.18671054,-0.22163689,0.25999117,-0.19369191,-0.37855977,0.20953143,0.1586603,0.053103954,0.57325137,0.11103426,0.11906505,-0.47538894,0.061759975,-0.16140959,0.24299398,0.025017096,0.12233869,0.18537177,0.37234133,0.64720726,-0.23756939,-0.14514318,0.2836917,-0.24651511,-0.22336599,-0.02981944,0.0068013445,-0.12000446,0.44258386,0.27997538,-0.101638556,0.46160522,-0.07727386,brand
63,tiket.com,-0.047433604,0.16335677,0.052772492,0.016772743,0.08648306,0.033639826,0.06063296,-0.11718735,-0.1371832,0.016657732,-0.058476068,-0.121363424,0.032917954,-0.070484936,-0.03595066,0.08928641,0.130961,-0.12042491,-0.058748502,-0.10773455,-0.046230063,-0.044477932,-0.13066378,0.07082278,-0.056663822,0.037776142,0.06836797,-0.07637124,0.04672415,-0.051009946,-0.036319457,-0.056912154,0.10629794,0.025446616,0.05038929,0.029545229,-0.013812365,-0.05166457,-0.021643728,-0.09773364,-0.11965296,0.0065162117,0.115334615,0.059266113,0.018649135,-0.0710715,0.10779222,-0.031438753,0.031772695,0.05226291,-0.13856886,0.05734698,0.0049680388,-0.0091553815,0.037582994,0.07512224,-0.10088321,0.04012374,0.05280294,-0.080363885,-0.17350182,-0.016017828,-0.010196997,-0.0063040843,brand
64,lion air,-0.0014129718,0.2169415,0.013357537,-0.06657988,0.33673435,0.16410634,0.19008723,-0.13385804,0.14095855,0.07520598,-0.11622066,-0.16371605,-0.09325768,-0.08434502,-0.022108134,0.31981617,0.16756114,0.0338339,-0.004008677,-0.20373318,-0.025527071,-0.10230233,-0.14341676,0.061896335,0.046490163,0.014195753,-0.17270459,-0.03952571,0.078920946,0.019915156,-0.036861178,-0.106969945,0.11100268,0.054361112,0.13460857,0.08293685,0.15543148,-0.18064663,0.054753095,0.13247094,0.10532131,-0.30428737,0.07000914,0.18687072,0.09881501,-0.2953167,0.06350471,0.07308458,-0.081754,0.37108642,-0.22391135,0.08111618,0.1241664,-0.120595336,0.35459462,0.07062767,-0.0013726682,-0.08603109,-0.2220545,-0.11615525,-0.095016174,-0.033132188,-0.2263619,-0.12816171,brand
65,garuda indonesia,-0.027251752,-0.029682672,-0.057242688,0.01527207,-0.03772509,0.1571362,-0.113054834,-0.1825794,-0.12220678,0.03352714,0.04137703,-0.18045175,0.21547592,-0.057315927,0.047308035,-0.09334442,0.010073475,-0.038729075,-0.10928348,0.059887394,0.028323673,0.05017931,0.07605511,0.008836461,-0.059857666,0.09934693,-0.0059431554,-0.15924446,0.011640287,-0.05738362,-0.06590153,-0.113163516,-0.08663769,0.011554042,-0.14559259,0.021521833,-0.025555562,-0.0041644657,0.045605462,0.040062338,-0.035092417,0.03415443,0.09267515,0.0661937,0.09414394,0.07162303,0.06865485,0.016506879,0.26420787,0.098662466,-0.011609338,-0.10928004,-0.03404823,0.08885696,0.00056778966,0.11433576,0.010489926,0.05114031,0.048749454,0.07742599,-0.18849352,-0.06811488,0.22779526,0.10474515,brand
66,j&t express,0.06681235,0.07855461,0.0055813566,-0.052192908,0.05166249,0.08770188,-0.027741654,-0.08773812,-0.039384477,0.08618541,-0.07977069,-0.09122674,0.08676853,0.0080106985,-0.04674996,0.012577105,0.07960396,-0.078131646,-0.036235586,-0.008698655,0.030956445,0.05435883,-0.085639864,0.028053254,-0.051128153,0.020150393,0.094754145,-0.049816877,0.09522118,-0.045657776,-0.08635229,-0.014152696,0.05950669,-0.030144595,0.033749044,0.0846038,0.007347106,0.10141328,0.032982416,-0.009906929,-0.07435648,-0.0028726999,0.09690431,0.022965267,0.042119414,-0.0082224095,0.0874265,0.015495313,-0.056405954,-0.0017579097,-0.039485224,0.038991198,0.041166537,0.029067978,-0.0041642063,0.037142806,-0.051055305,0.0790861,0.011309387,-0.029614037,-0.08184311,0.061905324,-0.010271659,0.023689726,brand
67,sicepat,-0.021882465,0.068558075,-0.029311351,-0.057860114,0.04571577,0.08827576,0.048776265,-0.06211794,-0.113143355,0.09064771,-0.054575063,-0.11113744,0.0826163,-0.009862132,-0.10318347,-0.008472939,0.12650251,-0.09881997,0.00727459,0.0071214177,-0.009722542,-0.0007288612,-0.12614602,0.044648804,-0.00697207,-0.02267301,0.0132574765,-0.001317433,0.06415938,-0.0022004938,-0.051375926,-0.033032555,0.06430049,0.029265128,0.08117213,0.0017737276,0.034146793,0.03332553,0.019272504,-0.0649573,-0.06773141,0.05989758,0.09767329,0.017803414,0.069441065,-0.053106308,0.12193827,-0.038963664,-0.0034832843,-0.0028513707,0.009828366,0.0091307545,-0.0033626142,-0.008379162,0.021399425,0.092967115,-0.055021703,0.035325125,0.026935503,-0.018310813,-0.09301278,-0.052917548,-0.010514613,0.020195596,brand
68,anteraja,-0.022830768,0.05771052,-0.023057796,-0.036573693,0.06132566,0.06438649,0.021870356,-0.061726324,-0.045382358,0.044383124,-0.095345125,-0.079055324,0.040727995,-0.011012665,-0.066781886,0.016884431,0.11743617,-0.0937462,-0.0129799,-0.013971103,-0.029078452,0.029396534,-0.112370595,0.04505401,-0.005249816,-0.013271777,0.02456965,-0.010952588,0.08075659,0.0020961198,-0.079752296,-0.051418968,0.059441835,0.0380717,0.07340626,0.029369555,-0.028719425,9.0108086e-05,-0.0058750766,-0.051835142,-0.06291142,0.03053248,0.09736207,0.023717599,0.038248844,-0.07881351,0.051306926,-0.024177443,-0.0049932715,0.0031138705,-0.009352579,0.050935548,0.0023070201,0.019662533,0.08519333,0.09232873,-0.017014338,0.03414105,0.048823535,-0.047318727,-0.12322667,-0.0003475095,-0.026142167,0.011406077,brand
69,pos indonesia,-0.42868495,-0.15278146,-0.22120896,-0.1702454,-0.022969477,0.14560463,-0.073413506,0.07183571,-0.08156387,-0.013223894,0.10929419,-0.10515949,0.034569547,0.0016275696,-0.05282606,0.057723798,0.11601111,0.030363891,-0.12992421,-0.03042292,-0.03086126,-0.100135155,-0.021250846,-0.07525875,0.10291527,0.034958087,-0.07956469,0.010334093,0.061587878,0.031777505,0.17656033,0.051850207,0.022628885,-0.08929595,0.028655363,-0.07828365,-0.13899359,0.06517678,-0.029735459,-0.09416528,-0.05955244,0.100678146,0.14032418,0.16600049,0.13580808,0.06864326,0.0813644,-0.20876612,-0.08027589,-0.008949017,-0.13884863,-0.10014638,-0.1439825,-0.1124444,-0.248766,0.12024514,-0.22526014,-0.012288075,0.07600044,-0.19788055,-0.17245996,-0.06325227,-0.00068533537,0.1630202,brand
70,erigo,-0.25385472,-0.16762458,-0.07020448,-0.055142473,-0.42993978,-0.03579191,-0.07275369,0.41432196,-0.13807368,0.050789237,0.14553034,-0.0079060625,0.15890011,-0.049985632,0.23148699,-0.43358868,-0.11784896,0.046499506,0.21653941,0.23705846,-0.0961225,-0.120007485,0.1695626,0.042048328,0.04133687,0.028484566,0.09568871,0.24868241,-0.07751073,0.16136873,0.1205077,-0.17549789,0.0596788,-0.054584168,-0.05675689,-0.23699424,0.042004183,0.085696705,-0.040850446,-0.20163314,-0.17523646,0.14317848,-0.09293037,-0.4366992,-0.05901085,0.11985522,-0.20189461,-0.03436536,-0.09283416,-0.29092777,0.32073718,0.13232093,-0.2696682,-0.029023841,-0.09686284,-0.1588621,-0.18428639,0.02220606,0.058209978,0.05187663,0.28663445,-0.014953649,0.015657503,-0.20141989,brand
71,3second,-0.22369368,-0.15491712,-0.045192957,-0.044698093,-0.4024562,0.006262457,-0.024269812,0.37710917,-0.17420304,0.058018588,0.1849619,-0.048949424,0.18006447,-0.04526522,0.20830187,-0.47269398,-0.107037395,0.043933406,0.27881593,0.23122445,-0.06583727,-0.14337796,0.1537356,0.072692774,-0.002633041,0.026238978,0.09527356,0.2272582,-0.109418824,0.16427144,0.12491909,-0.16537397,0.0076538995,-0.03427302,-0.03223493,-0.21750554,0.071431614,0.09367421,0.01357115,-0.16862874,-0.1117892,0.14018506,-0.059650153,-0.44344485,-0.08865374,0.07651186,-0.11312339,-0.025655214,-0.06268158,-0.28155506,0.32135838,0.09223975,-0.2321198,-0.063670024,-0.10920208,-0.17896505,-0.20595556,0.042957425,0.029958293,0.11972545,0.2867391,0.00033224747,0.042806,-0.1709553,brand
72,hammer,-0.22387998,-0.13143161,-0.13986126,-0.07978897,-0.39030904,0.12784263,-0.08801769,0.3123641,-0.27654594,0.1216024,0.17404008,-0.09387612,0.205567,-0.04237382,0.2325403,-0.45914802,-0.089455895,0.064334795,0.2360689,0.24174988,-0.08909547,-0.1266887,0.1561197,-0.010884896,0.047566827,0.1588674,0.16246057,0.19771165,-0.0636148,0.06573281,0.18874148,-0.16739002,0.08405145,-0.23585095,-0.23996484,-0.20684639,0.1870524,0.19439776,-0.0027900052,-0.24347654,-0.1498515,0.03273791,-0.097287305,-0.4687491,-0.11206624,0.202559,-0.18091333,0.051757477,-0.090033635,-0.28973877,0.21293612,0.021379638,-0.24382573,-0.05532836,-0.20276931,-0.12269394,-0.18452549,0.06387251,0.039844275,0.15852681,0.3164599,-0.123987556,0.058456846,-0.26630318,brand
73,lois indonesia,-0.22381121,-0.13396224,-0.011029039,-0.08231944,-0.43401247,0.029365715,-0.023643477,0.40823424,-0.15472417,0.061931558,0.12882619,-0.027962103,0.1617719,0.032254603,0.1753999,-0.44006774,-0.06483004,0.023643047,0.1735295,0.26361778,-0.08740602,-0.064673565,0.18287778,0.11160238,0.026523717,0.0032265137,0.07474843,0.23311093,-0.10001308,0.18617441,0.096913174,-0.18588623,-0.0126873115,0.027462121,0.028277142,-0.22913635,0.065335944,0.089509115,-0.03939399,-0.20759788,-0.13391718,0.13566029,-0.027141009,-0.42144457,-0.09089394,0.034123406,-0.12678356,-0.0008523194,-0.03240944,-0.31735528,0.37014624,0.08226082,-0.23677269,-0.07076809,-0.11624649,-0.21324813,-0.13913515,0.057392143,0.028079724,0.15521306,0.2605591,-0.007937898,0.06506154,-0.18318807,brand
74,the executive,-0.23686948,-0.1761753,-0.002632101,-0.08541174,-0.3367673,0.16131625,0.070644185,0.36877668,-0.082671404,0.08491421,0.11242282,-0.06840351,0.15728077,0.051847123,0.1364988,-0.48323628,-0.06403947,0.09665339,0.12922743,0.28578907,-0.16265714,0.031055447,0.37236655,0.03417834,0.13118908,-0.013368444,-0.01900367,0.28201914,-0.16428399,0.16860445,0.13320802,-0.10726183,-0.13169146,0.05798294,0.03953264,-0.33455756,0.13385515,0.0683191,-0.0633441,-0.19927745,-0.13225207,0.043930147,-0.1862694,-0.3483761,-0.108904764,0.070974104,-0.20388876,0.006349768,0.016118525,-0.30487734,0.47661698,-0.03706648,-0.3310581,-0.09243928,-0.14043018,-0.24736083,-0.055081375,-0.056862563,-0.105529994,0.32851887,0.38352922,-0.021032322,0.067821264,-0.23991427,brand
75,brodo,-0.039249435,-0.13246182,0.06176792,-0.052027363,-0.47969097,0.032221004,0.021033294,0.4818909,-0.11853534,0.046926357,0.13295013,-0.08619685,0.12307827,0.018951103,0.10295716,-0.5119685,-0.17791449,0.043815702,0.13616467,0.14044872,-0.042472992,0.009932676,0.18673694,0.017420826,0.06615184,-0.05262444,0.15665054,0.34319186,-0.23652488,0.10605505,0.101904005,-0.22029002,-0.12370728,-0.052472774,-0.11590187,-0.07469845,0.038438983,0.27648997,0.032849208,-0.2920251,-0.111924574,0.17604372,-0.05616045,-0.2953144,0.041974366,0.23988813,-0.034947153,0.0048938333,-0.09100723,-0.40106744,0.30208194,-0.0130831115,-0.2674061,-0.20166314,-0.37173337,-0.3088787,-0.02507958,0.14252657,0.052855693,0.3521641,0.31664133,0.0045202454,0.09050372,-0.26494485,brand
76,geoff max,-0.30870676,-0.22180182,-0.055446155,-0.062371556,-0.3944301,0.0073502054,-0.009979618,0.43667188,-0.11497058,0.09684016,0.14484176,-0.029178642,0.23931283,-0.009072945,0.14041811,-0.46057943,-0.05575689,0.01096084,0.1373937,0.237852,-0.08419256,-0.15475035,0.14771304,0.0565566,0.051895544,-0.03862732,0.037934836,0.308774,-0.15180287,0.22440504,0.124459535,-0.17267925,-0.015217275,0.013442459,0.05561217,-0.28055495,0.07235378,0.11186805,-0.046352804,-0.23474154,-0.13872482,0.19891265,-0.027926676,-0.5032385,-0.001552838,0.022538017,-0.028254325,-0.0679471,-0.046227768,-0.34089828,0.3137154,0.06878124,-0.29005086,-0.11834505,-0.15186445,-0.20110296,-0.065604,0.0029789237,0.03898052,0.19470415,0.28537476,-0.058881633,0.017620869,-0.13053659,brand
77,monstore,-0.213483,-0.18493961,-0.04390467,-0.06776725,-0.43105772,0.013738489,-0.057869934,0.4205649,-0.12114746,0.073079124,0.14103349,-0.040010005,0.21106723,0.038199704,0.19367138,-0.49727726,-0.074747965,0.015532091,0.15345752,0.28404954,-0.091749474,-0.08504931,0.2038486,0.0921603,0.017559292,-0.044655323,0.07037939,0.28232306,-0.09812643,0.1931397,0.0978255,-0.1830213,-0.030284414,0.011385925,0.033202577,-0.2328679,0.068767294,0.12506863,-0.054844614,-0.19493721,-0.13169129,0.15819487,-0.050255343,-0.48076966,-0.04216288,0.03624221,-0.09201282,0.007707142,-0.06346232,-0.33528587,0.41285425,0.12842184,-0.2673134,-0.05731593,-0.13314974,-0.20620057,-0.099997744,0.032587368,0.018357005,0.190469,0.30656818,0.00091197435,0.049699314,-0.17125279,brand
78,damn! i love indonesia,-0.4806218,-0.29930568,-0.0038901912,0.14061464,-0.15064944,0.3563715,-0.064006224,0.4637552,-0.09920692,0.26070428,0.23335528,0.0498764,-0.099905536,0.015439683,0.16589397,-0.50470495,-0.048744436,0.17357352,-0.10077337,0.2531847,-0.020132069,-0.060964134,0.3456088,-0.27489948,-0.085531995,0.011761447,-0.124357015,0.10706216,-0.2342704,-0.16239157,0.16832583,-0.5306282,-0.17292404,-0.02375718,-0.15323664,-0.6140865,-0.049069177,0.14765765,-0.28047192,-0.20034249,-0.13932467,-0.014754754,-0.08174254,-0.37882292,-0.27959934,0.0039169244,-0.3086685,0.10136615,0.45317262,-0.30222923,0.20976391,0.04665366,-0.39259353,-0.035569698,0.060837198,0.09249221,0.29437786,0.00037387013,-0.02987285,0.36961567,-0.17243838,-0.099962145,0.0030624866,-0.104718655,brand
79,cottonology,-0.25606394,-0.1404183,-0.039602302,-0.08629225,-0.38534164,0.037300505,-0.025003124,0.39619642,-0.12597185,0.068823785,0.117998876,-0.05153966,0.2042521,-0.027119333,0.21934044,-0.43766856,-0.04557784,-0.005851012,0.17040016,0.17155153,-0.078497335,-0.16974321,0.17782223,0.13897814,0.060819015,0.003854671,0.108877555,0.2199466,-0.1368075,0.21028793,0.12080911,-0.19496027,0.034440447,0.057141773,0.014463132,-0.20495704,0.076232955,0.1068687,-0.035111085,-0.2353513,-0.17881417,0.1066305,-0.0028280853,-0.4464453,-0.08052354,0.03667507,-0.09296249,0.018467663,-0.05548324,-0.28416497,0.2909119,0.13020813,-0.23532444,-0.110742584,-0.09651366,-0.22328003,-0.15209362,0.049935266,0.030041344,0.16614002,0.27333927,-0.03570459,0.017620588,-0.16804047,brand
80,advan,0.11404926,0.13464072,0.055065848,-0.043118022,0.15509033,0.122476764,0.03659071,-0.14983806,-0.07076268,0.090026155,-0.05180603,-0.12437791,0.0027194852,-0.009225273,-0.06469954,0.13558555,0.10417019,-0.035960518,-0.08708915,-0.047953542,0.04845802,0.035860363,-0.044269778,0.022578496,-0.040472537,0.04319647,-0.00697131,-0.07828714,0.102767676,-0.16681546,-0.05972729,0.037870318,0.08028762,-0.060522802,0.0006149722,0.054274976,0.09561755,-0.03440947,0.03966379,0.043867104,-0.050041944,-0.12296626,0.034577653,0.16903996,0.051048525,0.039350636,0.038732532,0.01800057,0.05386342,0.13336703,-0.11436252,-0.008653612,0.06188386,0.044602454,0.0345111,0.08575694,-0.055031102,0.02914744,-0.063587666,0.030159842,-0.08311039,-0.0042687077,-0.039277032,-0.009034112,brand
81,axioo,0.06910099,0.017233923,-0.1028015,0.025617365,-0.16029082,0.01105164,-0.02047223,-0.01726522,-0.11282483,0.21853009,-0.10113448,0.07738496,-0.07800187,0.08804943,0.03346763,0.049511526,0.08234578,-0.016161732,-0.075195074,0.0021759893,-0.020530783,0.08179924,-0.15174744,-0.14009361,-0.14987338,-0.037159063,-0.022527665,0.056127466,0.17444426,-0.11497472,0.06641058,0.09197507,0.030375283,0.01610947,-0.01437816,0.025903324,0.010968395,-0.0032314907,0.064418696,-0.15227525,0.094540425,-0.073415175,0.07065433,0.010486077,-0.066307314,-0.08670046,-0.23335728,-0.05742105,0.04272444,-0.10262982,-0.0018999897,0.033672415,0.023376623,0.1327585,0.031243457,0.13411412,0.046347044,0.24357428,0.12516257,-0.11438537,-0.22665873,0.0047873287,-0.014122659,-0.029140443,brand
82,polytron,0.070372194,0.058028735,-0.027839705,-0.022530757,0.10147546,0.22847036,0.14676088,-0.009152561,-0.0845912,0.07804954,-0.18613207,-0.105342254,0.021085866,0.0073652607,-0.04213757,0.087692484,0.18335676,-0.11859036,0.009248383,-0.053359754,0.12000603,-0.099371456,-0.060436435,0.07395083,0.099454954,0.05383809,-0.025346639,0.0052539054,-0.059558563,-0.17472136,-0.08414149,-0.10705496,0.1368325,-0.017343167,0.06290835,0.048201583,0.1651952,-0.030546919,0.09670579,-0.1223114,-0.13976035,-0.14191721,0.041655276,0.13625807,0.062698334,0.03289327,0.0314712,0.004632026,-0.038447198,0.10477118,-0.220902,-0.023623753,0.06892201,-0.042729422,0.068772316,0.1223075,0.07035358,0.09239283,-0.08036791,0.14449203,-0.093688466,-0.19562605,0.0099142715,-0.16326106,brand
83,evercoss,0.02112981,0.0896233,0.009699283,-0.0771766,0.13029829,0.08704972,-0.015476426,-0.0874407,-0.024374023,0.069582075,-0.12602374,-0.08721879,0.047536545,-0.02303807,-0.055257127,0.023451574,0.10799477,-0.094902575,-0.0019390834,-0.050623275,0.022035507,0.016021335,-0.109402835,0.06631391,-0.021602247,0.018986624,0.07801139,-0.07395892,0.12088086,-0.024648245,-0.12466799,-0.04874337,0.115931004,0.03571703,0.053578842,0.09074784,-0.012071386,0.0721374,0.033956684,-0.013844032,-0.052586254,0.008076454,0.124641106,0.043895602,0.019067172,-0.016610423,0.06510451,0.0057416502,-0.0648347,0.023953395,-0.06271435,0.085459754,0.06225377,-0.0060051577,0.08016749,0.07330963,-0.09260243,0.059485264,-0.003619969,-0.076025955,-0.1162879,0.025097668,-0.056782126,0.0351034,brand
84,zyrex,0.023335442,0.06919449,-0.028007954,-0.020004015,0.03030108,0.035960406,0.035532072,-0.05706773,-0.08723929,0.058448616,-0.05737529,-0.05485624,0.0285348,-0.05684469,-0.029310249,0.051994734,0.07983495,-0.10975918,-0.002370211,-0.044314265,0.06262703,0.03285183,-0.080781415,-0.0049512465,-0.048814654,0.03308572,0.016208688,0.0027062735,0.03859277,-0.057279393,-0.020898271,-0.051344335,0.08785496,-0.12126368,-0.011246571,0.047222033,-0.009094067,-0.0419918,0.016228322,-0.029904975,-0.07935548,-0.050650477,0.10919653,0.08778851,0.10423376,0.014029415,0.023610089,-0.088386424,0.029043093,0.066290334,-0.109482214,0.006196767,-0.0022207978,0.028444424,0.04049082,0.11577084,-0.050996065,0.08899167,0.059897356,-0.048458077,-0.19172582,0.024149023,0.0077890772,0.0013555588,brand
85,smartfren,0.0013502403,-0.011764174,-0.10576816,-0.08580193,-0.040016025,-0.008232342,-0.005037636,-0.093830585,-0.07755146,0.07944059,-0.003256798,-0.02830856,0.068934396,-0.07530328,-0.036695957,0.04455982,0.031273633,-0.08245634,-0.03259477,-0.040653072,0.06341261,0.021273427,-0.063831285,-0.031748362,0.015701221,0.084666066,0.04139362,-0.0018708778,0.06250092,-0.035051357,0.0731766,0.020165414,0.12946126,-0.103723034,-0.07369631,0.05960779,-0.013404086,-0.0040802523,-0.0141464565,-0.13338934,-0.04967146,-0.040096596,0.0557086,0.111822695,0.07056563,0.032894313,-0.065276906,-0.048203524,0.050179362,-0.0034180544,-0.061928056,-0.05823242,-0.065163046,0.09058772,-0.062463745,0.04687228,-0.1338811,0.14261469,0.13827512,-0.031164447,-0.17075065,0.030244585,-0.012968223,0.050572477,brand
86,myrepublic indonesia,0.04520779,0.09049599,-0.0029502143,-0.11833139,0.1287193,0.121675864,-0.0231951,-0.0497348,0.016216055,0.078376114,-0.03898865,-0.12027411,0.06767336,0.011127116,-0.022100646,0.030388277,0.14152879,-0.10931541,-0.081691444,-0.08635099,0.017031422,-5.1499315e-05,-0.036870033,0.06551701,0.01601224,-0.013690142,0.0145344455,-0.016051186,0.052373953,-0.011733947,-0.050102334,-0.013653586,0.09451181,0.022904843,0.06857014,0.060652845,0.048175234,0.05747623,-0.014386607,0.00024987434,-0.095336825,-0.08337605,0.15995641,0.097273044,0.08547152,-0.03503819,0.12639171,0.03978382,-0.027136732,0.07613492,-0.05526619,0.06275851,0.01935077,-0.023097249,0.0025475551,0.037819814,-0.01541383,0.07204816,-0.03104679,0.074010506,-0.102697924,0.004634198,-0.06342523,0.03273709,brand
87,biznet,-0.0005657613,0.047017146,0.0035520205,-0.06746641,0.0974967,0.0725701,0.0032809898,-0.013651293,-0.0098214885,0.0749869,-0.050537508,-0.0860475,0.06683303,-0.019499272,-0.019153891,0.0013787785,0.12669912,-0.11714066,-0.06966384,-0.098557144,0.021535482,-0.0054408032,-0.05255494,0.03224148,0.013830751,-0.0076614115,0.025634978,0.012338044,-0.006103582,-0.0015150225,-0.016838737,-0.046337754,0.072666705,-0.0048194802,0.055773873,0.02550757,0.01871164,0.046101436,-0.028305728,-0.0523524,-0.11857961,-0.04203625,0.17035669,0.071457386,0.07739807,-0.035228625,0.1233647,-0.00056006614,-0.0046544895,0.02314493,-0.10209145,0.026731752,-0.030707307,-0.04201673,-0.013554471,0.043698236,0.029031493,0.09032485,0.003990095,0.10767384,-0.14009076,0.006424359,-0.04051961,0.007084533,brand
88,indihome,0.010473143,0.07539964,0.012768343,-0.10208599,0.13189399,0.106660336,0.00750197,-0.082814984,0.0025536686,0.09573517,-0.0596466,-0.06567397,0.057531096,-0.022495944,-0.060958326,0.117181435,0.09266214,-0.085466236,-0.08047666,-0.062946364,0.07005094,-0.031938866,-0.09648749,-0.009352315,0.0040060133,0.07458359,0.031738065,-0.031648368,0.053685695,-0.055269696,-0.07064094,0.00977076,0.10826464,-0.08601643,0.0135279335,0.05806832,0.03220494,0.038066354,0.03617168,0.005794428,-0.08965716,-0.05226575,0.12328687,0.09386112,0.073945746,0.03478135,0.0827956,-0.06395765,-0.0034115552,0.0456278,-0.1841238,-0.012320629,0.03417638,-0.014369274,-0.02501487,0.052972104,-0.041119456,0.046211153,0.0030127931,0.0005776884,-0.11082251,0.0023805457,-0.03858664,0.050145153,brand
89,bardi,-0.012667627,0.06994399,-0.002201491,-0.031953372,0.034006454,0.078138515,0.06182161,-0.082200244,-0.14703384,0.071567625,-0.010697764,-0.11098394,0.076304324,-0.015653368,-0.07407051,-0.003773233,0.10898486,-0.09157541,-0.0042347456,0.0071179494,0.0012601118,-0.008207939,-0.116797596,0.041196384,-0.03315027,-0.0008474868,0.0099164555,0.012837281,0.022088945,-0.026198495,-0.027490385,-0.045784842,0.029431801,-0.011806345,0.06089109,-0.0033149603,0.038680702,-0.0075266855,-0.003607683,-0.055454828,-0.071603045,0.052882664,0.094454035,0.039056312,0.060200483,-0.029248796,0.14071706,-0.055593014,0.04699197,-0.008780245,-0.012281787,-0.01748538,-0.044214666,-0.007921662,-0.033857476,0.09739124,-0.04473869,0.034519926,0.02348216,0.056729726,-0.111467525,-0.026802626,0.0344443,0.0077112457,brand
90,bank bca,-0.54609525,-0.81071216,-0.1292711,0.15567899,-0.28481773,-0.117860965,0.121760115,0.29856178,0.08475863,-0.33282566,-0.022131592,0.51352566,-0.12959628,0.082189515,0.27077645,-0.12500286,-0.17617278,0.15032311,-0.3184365,0.31706294,-0.11168638,-0.40860674,0.5333954,0.2118243,0.101663634,-0.014218001,-0.3765754,-0.010907263,-0.5099703,0.11751772,0.2486819,-0.016926195,-0.29420328,0.4830535,0.4148122,-0.32540438,-0.090568416,-0.06002012,-0.15578315,-0.14395978,0.09946102,-0.08784867,-0.41831636,-0.33619517,-0.34147668,-0.37241566,-0.18242511,0.27553916,0.20988622,-0.49855208,0.11197281,-0.1840261,0.07386207,-0.19537422,0.13006741,-0.35734802,0.41697273,-0.4550425,-0.083483666,0.15496576,0.57438153,0.14203419,-0.027227417,-0.017933263,brand
91,bank mandiri,-0.47602105,-0.60789686,-0.26252592,0.39372596,-0.33956122,-0.09111628,0.03078153,0.032435838,0.19977129,-0.3149572,-0.22083582,0.35650522,-0.39385536,-0.23985176,0.36460006,-0.024739642,-0.0048732553,0.1858709,-0.4876235,0.24150729,-0.32337314,-0.27649277,0.47301376,0.40341467,0.111646116,-0.19405031,-0.24181446,-0.080699794,-0.535898,0.14867006,0.24195,0.018928848,-0.5214673,0.7005197,0.039573826,-0.12905131,-0.19537333,-0.15369582,-0.046860658,-0.45937812,0.19489619,-0.19431826,-0.4581254,-0.42382962,-0.4247297,-0.45418707,-0.4571351,0.2889603,0.23861215,-0.60101587,0.11287443,-0.16829622,-0.021870187,-0.1359275,0.34173113,-0.23957387,0.4507516,-0.6527984,-0.17061287,0.1674017,0.4698559,0.07604404,0.17719376,-0.21008436,brand
92,bri,-0.07199134,0.2544338,-0.007244019,-0.23740962,-0.03698017,0.32479858,0.075084105,-0.1171792,-0.31324002,0.14290452,-0.23260583,-0.32454363,0.07682133,0.049007572,-0.07162075,0.11267656,0.14599149,-0.21821359,0.018083999,-0.10071108,-0.01566669,-0.07237264,-0.29240456,0.2208264,0.054349728,0.15135106,0.34436688,-0.12955613,-0.042638235,-0.14591938,-0.06467639,-0.09739703,0.0015865217,0.14734575,-0.04928948,0.20500498,0.082114756,0.009004226,0.16682163,-0.12786289,-0.24821779,-0.13733608,0.19689837,0.02623894,-0.12855454,0.025692698,-0.052905124,-0.043117568,-0.14806575,0.0051939334,-0.08169169,0.026032194,0.12304166,-0.114124626,-0.052250706,0.06403044,0.0040002167,0.10467784,0.03218394,0.06774909,-0.21878059,-0.1585873,0.09106859,-0.029249502,brand
93,bni,-0.020319726,0.089902684,-0.011169702,-0.06027346,0.07342881,0.0667776,0.041854165,-0.079266876,-0.077525064,0.06447224,-0.070617825,-0.08202167,0.05493635,-0.056462973,-0.072551325,0.07073745,0.08775438,-0.11880118,0.0060611092,-0.062221378,0.011245454,-0.023092777,-0.14825246,0.032674387,-0.009027697,0.024705283,0.048974358,-0.05005976,0.037859082,-0.039984826,-0.0735501,-0.011024745,0.11874658,-0.0017143273,0.048823595,0.03609132,0.0008292226,-0.019863132,0.039206628,-0.02269623,-0.07498486,0.0056512933,0.072879374,0.0546391,0.043944422,-0.002052802,0.05896651,-0.08391823,-0.012646672,0.07107945,-0.08106354,0.022067694,0.04404766,0.021470707,0.06505486,0.08165081,-0.099951714,0.02342885,0.056100078,-0.086524524,-0.12855771,-0.020609863,-0.042769976,0.04728153,brand
94,btn,-0.050613273,0.045734875,0.009873537,-0.08796652,0.00954386,0.10232262,0.08881657,-0.046189167,-0.14986715,0.08157084,-0.06663911,-0.071966365,0.07662488,0.01338599,-0.074180916,0.034028724,0.12516257,-0.11560479,-0.033833515,-0.015682265,0.008785749,-0.034604263,-0.11802939,0.049255025,0.018209817,0.024355475,0.028644063,-0.008607188,-0.01509727,-0.0058624055,-0.036141515,-0.05936441,0.0581256,0.036687296,0.07499469,0.0076104905,0.01419043,0.011731545,-0.004571911,-0.09158029,-0.12965804,0.041371897,0.14011379,0.04486119,0.025236733,-0.024461895,0.10651885,-0.0547511,0.03771191,-0.05850123,-0.061672136,-0.039113246,-0.048543833,-0.063755974,-0.02678601,0.04427137,-0.014710755,0.04413049,0.04840689,0.060139004,-0.11541116,-0.02691146,0.02191678,0.01268875,brand
95,asuransi astra,-0.0018677311,0.10835034,0.014636295,-0.09846981,0.09387291,0.13131489,0.033530906,-0.078207895,-0.067430116,0.09383787,-0.087058514,-0.105400145,0.076396555,-0.028922608,-0.042063586,0.05399222,0.13581157,-0.13731545,-0.046023324,-0.10017165,0.03481552,-0.05801394,-0.097756065,0.10698037,0.019915339,0.035257116,0.07461259,-0.06658143,0.016414145,-0.011976479,-0.053547285,-0.04225694,0.1238118,0.061676256,0.069659024,0.05643575,0.048780613,0.0577927,0.023292636,-0.08031574,-0.12615088,-0.039694756,0.15484512,0.07051408,0.019630712,-0.015449403,0.110454395,0.0023909674,-0.0071405303,0.036884848,-0.11159724,0.033572353,0.03243196,-0.057819463,0.0044562332,0.03754156,-0.066376194,0.07179418,-0.0053565633,0.028497152,-0.11381109,-0.02688912,-0.030591916,0.026627893,brand
96,prudential indonesia,0.011525571,0.041383937,0.0031162049,-0.12125185,0.08711288,0.11529626,0.030714355,-0.088734016,-0.105917886,0.1231936,-0.08938956,-0.086453244,0.12098327,0.021567736,-0.061106987,0.023532186,0.11358653,-0.11435597,-0.06545785,0.0008170511,0.063130856,-0.07711905,-0.09137599,0.03848533,0.00076378544,0.013556183,0.053484663,-0.01850709,0.048344538,-0.041481763,-0.07968585,-0.043396294,0.08914156,-0.019312324,0.0459368,0.05655419,0.048488896,0.10117674,0.016300138,-0.033774067,-0.12150197,0.048199214,0.13206452,0.016470531,0.07666202,0.045747437,0.15658528,-0.02139184,-0.02751007,-0.05901774,-0.08565268,0.022349097,-0.016771063,-0.06276264,-0.04936066,0.050090604,-0.050492644,0.02510614,-0.0072827158,0.054724652,-0.05091075,-0.019863456,-0.01497158,0.03508941,brand
97,axa mandiri,-0.034411684,0.06959082,0.036272757,-0.134114,0.08026564,0.17901707,0.03169512,0.003980916,-0.060490035,0.15996933,-0.15661271,-0.1435314,0.06270828,0.030155301,-0.027159672,0.071132734,0.18575768,-0.035762526,-0.081435256,-0.060195852,0.017259367,0.040854856,-0.089039475,0.1283584,0.0460512,0.027141929,0.047591295,-0.0057246117,0.11669011,-0.013964001,-0.07998836,-0.08991802,0.060675964,0.107091896,0.0962106,0.1384924,0.07880691,0.03638222,0.052208506,-0.10632245,-0.1617474,-0.11609768,0.18347624,0.108074114,0.028943604,-0.04123602,-0.0047685816,0.06797013,-0.06605311,-0.03209023,-0.08796319,0.014595807,-0.008852958,-0.057428844,0.042327624,-0.010359812,-0.0046357214,0.122114725,-0.041718483,0.03547649,-0.09400804,0.063878596,-0.048986852,-0.050506674,brand
98,allianz,0.029618964,0.04458523,0.016337568,-0.057106175,0.04021896,0.07141642,-0.007455531,-0.04900564,-0.0653351,0.10409034,-0.089236654,-0.07404366,0.10009353,0.011097306,-0.081689134,-0.023841407,0.10253137,-0.11727773,-0.059191145,-0.0018505993,0.044682555,0.051027156,-0.0854488,0.039581366,-0.025351256,-0.0005833099,0.06919034,-0.0064209774,0.054107077,-0.03242556,-0.080624536,-0.03129904,0.057988442,0.00016267842,0.068842955,0.033196494,0.028360762,0.106345505,0.006758484,-0.053354412,-0.08578539,0.03424135,0.11258946,0.031386215,0.05525449,-0.004100589,0.117617354,-0.02046451,-0.02905387,-0.033406526,-0.018666688,0.004324709,-0.0034393524,-0.00078871055,-0.056867257,0.048361514,-0.007259144,0.08731759,-0.0017476304,0.07111242,-0.09428067,0.012376994,0.014929043,0.020389572,brand
99,pegadaian,-0.022269167,0.027257469,-0.02377411,-0.1014748,0.05443138,0.108621135,0.050203595,-0.06175085,-0.1040232,0.09901032,-0.05081011,-0.101985164,0.10715757,0.016894963,-0.10338261,0.0030360466,0.126935,-0.11419664,-0.04862377,0.005637155,0.0056619877,-0.01553276,-0.1130294,0.03257989,0.015634213,-0.02466451,-0.0017720542,0.0045839134,0.011532434,-0.0049396753,-0.05311371,-0.024884533,0.055500783,0.030718692,0.0925599,0.0031451203,0.044347316,0.03991828,-0.0008668032,-0.036356214,-0.094014436,0.054280832,0.103706405,0.037465103,0.076846674,-0.023138102,0.1536541,-0.046779793,-0.0018194219,-0.018226072,-0.009114128,-0.022669632,-0.03229697,-0.03561495,-0.022868402,0.05678657,-0.013269464,0.004894006,0.019662343,0.05649302,-0.07931897,-0.034391046,-0.01884171,0.04335761,brand
