influencer,topic_0,topic_1,topic_2,topic_3,topic_4,topic_5,topic_6,topic_7,topic_8,topic_9,topic_10,topic_11,topic_12,topic_13,topic_14,topic_15,topic_16,topic_17,topic_18,topic_19,topic_20,topic_21,topic_22,topic_23,topic_24,topic_25,topic_26,topic_27,topic_28,topic_29,topic_30,topic_31,topic_32,topic_33,topic_34,topic_35,topic_36,topic_37,topic_38,topic_39,topic_40,topic_41,topic_42,topic_43,topic_44,topic_45,topic_46,topic_47,topic_48,topic_49,topic_50,topic_51,topic_52,topic_53,topic_54,topic_55,topic_56,topic_57,topic_58,influencer_negative,influencer_neutral,influencer_positive
Ayu Tingting,0.2465753424657534,0.0502283105022831,0.0045662100456621,0.0,0.0045662100456621,0.0045662100456621,0.0502283105022831,0.0,0.0,0.0,0.0,0.0,0.0,0.0,0.0,0.0091324200913242,0.0,0.0,0.0,0.0,0.0,0.0,0.0,0.0,0.0,0.0045662100456621,0.0,0.0,0.0,0.0,0.0,0.0,0.0,0.0,0.0,0.0,0.0,0.0,0.0,0.0,0.0,0.0091324200913242,0.0,0.0,0.0,0.0,0.0,0.0,0.0,0.0,0.0,0.0,0.0,0.0,0.0,0.0,0.0,0.0,0.0,0.8871586476602862,0.9013364298321377,0.8960363703009523
Atta Halilintar,0.04219409282700422,0.016877637130801686,0.6751054852320675,0.0,0.02109704641350211,0.008438818565400843,0.029535864978902954,0.0,0.008438818565400843,0.0,0.0,0.0,0.0,0.0,0.004219409282700422,0.004219409282700422,0.0,0.008438818565400843,0.0,0.0,0.0,0.0,0.0,0.0,0.0,0.0,0.0,0.06329113924050633,0.0,0.0,0.0,0.0,0.0,0.0,0.0,0.0,0.0,0.0,0.0,0.0,0.0,0.0,0.0,0.0,0.0,0.0,0.0,0.0,0.0,0.0,0.0,0.0,0.0,0.0,0.0,0.0,0.0,0.0,0.008438818565400843,0.8808744638352781,0.7903428149124807,0.9218004376073426
Prilly Latuconsina,0.023809523809523808,0.023809523809523808,0.0,0.023809523809523808,0.023809523809523808,0.0,0.0,0.0,0.0,0.0,0.7142857142857143,0.0,0.0,0.0,0.0,0.0,0.0,0.0,0.0,0.0,0.0,0.0,0.0,0.0,0.0,0.0,0.0,0.0,0.0,0.0,0.0,0.0,0.0,0.0,0.0,0.0,0.0,0.0,0.0,0.0,0.0,0.0,0.0,0.0,0.0,0.0,0.0,0.0,0.0,0.0,0.0,0.0,0.0,0.0,0.0,0.0,0.0,0.0,0.0,0.9767505526542664,0.9592078980945405,0.9374813169240952
Raditya Dika,0.03305785123966942,0.05371900826446281,0.33884297520661155,0.004132231404958678,0.0,0.004132231404958678,0.05785123966942149,0.0,0.0,0.0,0.0,0.0,0.0,0.0,0.004132231404958678,0.0,0.0,0.0,0.0,0.0,0.0,0.0,0.0,0.0,0.004132231404958678,0.004132231404958678,0.0,0.0,0.0,0.0,0.0,0.0,0.0,0.0,0.0,0.0,0.0,0.0,0.0,0.0,0.0,0.0,0.0,0.0,0.0,0.0,0.0,0.0,0.0,0.0,0.0,0.0,0.0,0.0,0.0,0.0,0.0,0.0,0.008264462809917356,0.8994636753710304,0.8109600417157437,0.9258058741688728
Iqbaal Ramadhan,0.02702702702702703,0.35135135135135137,0.0,0.0,0.005405405405405406,0.0,0.016216216216216217,0.0,0.0,0.0,0.0,0.0,0.0,0.005405405405405406,0.010810810810810811,0.0,0.0,0.02702702702702703,0.0,0.0,0.0,0.0,0.0,0.0,0.0,0.010810810810810811,0.0,0.31351351351351353,0.0,0.0,0.0,0.0,0.0,0.0,0.0,0.0,0.0,0.0,0.0,0.0,0.0,0.0,0.0,0.0,0.0,0.0,0.0,0.0,0.0,0.0,0.0,0.0,0.0,0.0,0.0,0.0,0.0,0.0,0.005405405405405406,0.9092500823385575,0.7385157674782036,0.8790775422866528
Michelle Ziudith,0.5796460176991151,0.008849557522123894,0.0,0.0,0.008849557522123894,0.004424778761061947,0.0,0.0,0.0,0.0,0.0,0.0,0.0,0.0,0.0,0.0,0.0,0.0,0.0,0.0,0.0,0.0,0.0,0.0,0.0,0.008849557522123894,0.0,0.0,0.10176991150442478,0.0,0.0,0.0,0.0,0.0,0.0,0.0,0.0,0.0,0.0,0.0,0.0,0.0,0.004424778761061947,0.0,0.0,0.0,0.0,0.0,0.0,0.0,0.0,0.0,0.0,0.0,0.0,0.0,0.0,0.0,0.0,0.9276649594306946,0.9271435331967142,0.918899548149878
Chelsea Olivia,0.06756756756756757,0.6396396396396397,0.0,0.0,0.0,0.0,0.009009009009009009,0.06756756756756757,0.0,0.0,0.0,0.0,0.0,0.0045045045045045045,0.0045045045045045045,0.07207207207207207,0.0,0.0,0.0,0.0,0.0,0.0,0.0,0.0,0.0,0.0,0.0,0.0,0.0,0.0,0.0,0.0,0.0,0.0,0.0,0.0,0.0,0.0,0.0,0.0,0.0,0.0,0.0,0.0,0.0,0.0,0.0,0.0,0.0,0.0,0.0,0.0,0.0,0.0,0.0,0.0,0.0,0.0,0.0,0.8461869287749996,0.7173102847461043,0.8791095242741402
Dinda Hauw,0.06542056074766354,0.014018691588785047,0.40654205607476634,0.0,0.004672897196261682,0.009345794392523364,0.08411214953271028,0.0,0.0,0.0,0.0,0.0,0.0,0.0,0.0,0.0,0.0,0.0,0.0,0.0,0.0,0.004672897196261682,0.0,0.0,0.0,0.0,0.004672897196261682,0.0,0.0,0.0,0.0,0.0,0.0,0.0,0.0,0.0,0.0,0.0,0.0,0.0,0.0,0.0,0.0,0.0,0.0,0.0,0.0,0.0,0.0,0.0,0.0,0.0,0.0,0.0,0.0,0.0,0.0,0.0,0.0,0.8962128555521052,0.9300748698021236,0.9091983831153726
Lyodra Ginting,0.004608294930875576,0.02304147465437788,0.16129032258064516,0.0,0.027649769585253458,0.009216589861751152,0.0,0.0,0.0,0.004608294930875576,0.0,0.0,0.0,0.0,0.0,0.0,0.0,0.0,0.0,0.0,0.0,0.0,0.0,0.0,0.0,0.0,0.4470046082949309,0.0,0.0,0.0,0.0,0.0,0.0,0.0,0.0,0.0,0.0,0.0,0.0,0.0,0.0,0.0,0.0,0.0,0.0,0.0,0.0,0.0,0.0,0.0,0.0,0.0,0.0,0.0,0.0,0.0,0.0,0.0,0.0,0.8394440971314907,0.9057932242504141,0.8360169242535319
Gisella Anastasia,0.023809523809523808,0.0380952380952381,0.0,0.01904761904761905,0.009523809523809525,0.01904761904761905,0.0,0.004761904761904762,0.0,0.0,0.6523809523809524,0.0,0.0,0.0,0.009523809523809525,0.004761904761904762,0.0,0.0,0.0,0.0,0.0,0.0,0.0,0.0,0.0,0.0,0.0,0.0,0.0,0.0,0.0,0.0,0.0,0.0,0.0,0.0,0.0,0.0,0.0,0.0,0.0,0.0,0.0,0.0,0.0,0.0,0.0,0.0,0.0,0.0,0.0,0.0,0.0,0.0,0.0,0.0,0.0,0.0,0.0,0.7901821335156759,0.8664349443132773,0.8847781064964476
Natasha Wilona,0.13157894736842105,0.04824561403508772,0.4605263157894737,0.0,0.008771929824561403,0.0,0.03508771929824561,0.0,0.0,0.0,0.03508771929824561,0.0,0.0,0.0,0.0,0.0,0.0,0.0,0.0,0.0,0.0,0.0,0.0,0.0,0.0,0.0043859649122807015,0.0,0.0,0.0,0.0,0.0,0.0,0.0,0.0,0.0,0.0,0.0,0.0,0.0,0.0,0.0,0.0,0.0,0.0,0.0,0.0,0.0,0.0,0.0,0.0,0.0,0.0,0.0,0.0,0.0,0.0,0.0,0.0,0.0,0.9477287221413392,0.9339786539244097,0.8785141459170808
Ariel Noah,0.45701357466063347,0.06334841628959276,0.0,0.0,0.0,0.01809954751131222,0.027149321266968326,0.027149321266968326,0.0,0.0,0.0,0.0,0.0,0.0,0.0,0.004524886877828055,0.0,0.0,0.0,0.0,0.0,0.0,0.0,0.0,0.00904977375565611,0.004524886877828055,0.0,0.0,0.0,0.0,0.0,0.0,0.0,0.0,0.0,0.0,0.0,0.0,0.0,0.0,0.0,0.0,0.0,0.0,0.0,0.0,0.0,0.0,0.0,0.0,0.0,0.0,0.0,0.0,0.0,0.0,0.0,0.0,0.004524886877828055,0.9158223776494042,0.9282269512498101,0.8590835287715449
Cinta Laura,0.06696428571428571,0.04017857142857143,0.12946428571428573,0.004464285714285714,0.004464285714285714,0.004464285714285714,0.08035714285714286,0.022321428571428572,0.0,0.0,0.08482142857142858,0.0,0.0,0.0,0.0,0.0,0.0,0.0,0.0,0.0,0.0,0.0,0.0,0.0,0.004464285714285714,0.0,0.0,0.0,0.0,0.0,0.0,0.013392857142857142,0.013392857142857142,0.0,0.0,0.0,0.16071428571428573,0.0,0.0,0.004464285714285714,0.0,0.0,0.0,0.0,0.0,0.0,0.0,0.0,0.0,0.0,0.0,0.0,0.0,0.0,0.0,0.0,0.0,0.0,0.0,0.9354395985603332,0.9447268514256728,0.9482569777303271
Felicya Angelista,0.05188679245283019,0.014150943396226415,0.0,0.2688679245283019,0.0,0.0047169811320754715,0.0,0.0047169811320754715,0.0,0.0,0.46226415094339623,0.0,0.0,0.0,0.0,0.0,0.0,0.0,0.0,0.0,0.0,0.0,0.0,0.0,0.0,0.0,0.0,0.0,0.0,0.0,0.0,0.0,0.0,0.0,0.0,0.0,0.0,0.0,0.0,0.0,0.0,0.0,0.0,0.0,0.0,0.0,0.0,0.0,0.0,0.0,0.0,0.0,0.0,0.0,0.0,0.0,0.0,0.0,0.0,0.0,0.9591132124950146,0.9117068475798557
Indra Bekti,0.1774891774891775,0.008658008658008658,0.008658008658008658,0.0,0.004329004329004329,0.008658008658008658,0.021645021645021644,0.0,0.0,0.0,0.017316017316017316,0.0,0.0,0.0,0.008658008658008658,0.0,0.0,0.0,0.004329004329004329,0.0,0.0,0.0,0.0,0.0,0.0,0.0,0.0,0.0,0.0,0.0,0.0,0.0,0.004329004329004329,0.0,0.0,0.0,0.0,0.0,0.0,0.0,0.0,0.0,0.0,0.0,0.11255411255411256,0.0,0.0,0.0,0.0,0.0,0.0,0.0,0.09956709956709957,0.0,0.0,0.0,0.0,0.0,0.0,0.9344068454070524,0.8171044204097527,0.8887849738520961
Rizky Febian,0.06751054852320675,0.016877637130801686,0.39662447257383965,0.02531645569620253,0.0,0.016877637130801686,0.029535864978902954,0.0,0.0,0.0,0.004219409282700422,0.0,0.0,0.016877637130801686,0.004219409282700422,0.004219409282700422,0.0,0.004219409282700422,0.0,0.0,0.0,0.0,0.0,0.0,0.0,0.0,0.0,0.0,0.0,0.0,0.0,0.0,0.0,0.004219409282700422,0.0,0.0,0.0,0.0,0.0,0.0,0.0,0.0,0.0,0.0,0.0,0.0,0.0,0.0,0.0,0.0,0.0,0.0,0.0,0.0,0.0,0.0,0.0,0.0,0.0,0.9104047439716481,0.802593765138578,0.9136902002187876
Tasya Kamila,0.047619047619047616,0.021164021164021163,0.36507936507936506,0.0,0.0,0.026455026455026454,0.037037037037037035,0.0,0.0,0.0,0.005291005291005291,0.0,0.0,0.0,0.005291005291005291,0.005291005291005291,0.0,0.0,0.0,0.0,0.0,0.0,0.0,0.0,0.0,0.0,0.0,0.0,0.0,0.0,0.0,0.0,0.0,0.0,0.0,0.0,0.0,0.0,0.0,0.0,0.0,0.0,0.0,0.0,0.0,0.0,0.0,0.0,0.0,0.0,0.0,0.0,0.0,0.0,0.0,0.0,0.0,0.0,0.0,0.8488807399426738,0.8020754816857252,0.8953683668126663
Alexa Belvana,0.1,0.0,0.0,0.0,0.0,0.0,0.0,0.0,0.0,0.0,0.0,0.0,0.0,0.0,0.0,0.0,0.0,0.0,0.0,0.0,0.0,0.0,0.0,0.0,0.0,0.0,0.0,0.0,0.0,0.0,0.0,0.0,0.0,0.0,0.0,0.0,0.0,0.0,0.0,0.0,0.0,0.0,0.0,0.0,0.0,0.0,0.0,0.0,0.0,0.0,0.0,0.0,0.0,0.0,0.0,0.0,0.0,0.0,0.0,0.0,0.9852649148772744,0.9325646162033081
Ayla Dimitri,0.23529411764705882,0.14027149321266968,0.004524886877828055,0.013574660633484163,0.00904977375565611,0.0,0.01809954751131222,0.05429864253393665,0.0,0.0,0.013574660633484163,0.004524886877828055,0.0,0.0,0.00904977375565611,0.0,0.0,0.0,0.0,0.0,0.0,0.0,0.0,0.0,0.0,0.0,0.0,0.0,0.0,0.0,0.0,0.0,0.0,0.0,0.0,0.0,0.0,0.0,0.0,0.0,0.0,0.0,0.0,0.0,0.0,0.0,0.0,0.0,0.0,0.0,0.0,0.0,0.0,0.0,0.0,0.0,0.0,0.0,0.0,0.9551914177442852,0.7954969867583244,0.9040686954290439
Valerie Pola,0.1111111111111111,0.26666666666666666,0.0044444444444444444,0.022222222222222223,0.0044444444444444444,0.008888888888888889,0.05333333333333334,0.07555555555555556,0.0044444444444444444,0.0,0.0,0.0,0.0,0.0,0.0044444444444444444,0.013333333333333334,0.0,0.0,0.0,0.0,0.0,0.0,0.0,0.0,0.0044444444444444444,0.0,0.0,0.0,0.0,0.0,0.0,0.0044444444444444444,0.0,0.0,0.0,0.0,0.0,0.0,0.0,0.0,0.0,0.0,0.0,0.0,0.0,0.0,0.0,0.0,0.0,0.0,0.0,0.0,0.0,0.0,0.0,0.0,0.0,0.0,0.0,0.899665042757988,0.728685281018621,0.8603537037320759
Sarah Gabriella Tumiwa,0.0,0.16666666666666666,0.0,0.0,0.0,0.0,0.0,0.0,0.0,0.0,0.0,0.0,0.0,0.0,0.0,0.0,0.0,0.0,0.0,0.0,0.0,0.0,0.0,0.0,0.0,0.0,0.0,0.0,0.0,0.0,0.0,0.0,0.0,0.0,0.0,0.0,0.0,0.0,0.0,0.0,0.0,0.0,0.0,0.0,0.0,0.0,0.0,0.0,0.0,0.0,0.0,0.0,0.0,0.0,0.0,0.0,0.0,0.0,0.0,0.0,0.9975422471761703,0.9241085052490234
Tiffany Regina,0.07692307692307693,0.6923076923076923,0.0,0.0,0.0,0.0,0.0,0.09401709401709402,0.0,0.0,0.004273504273504274,0.0,0.0,0.0,0.0,0.01282051282051282,0.0,0.0,0.0,0.0,0.0,0.0,0.0,0.0,0.0,0.0,0.0,0.0,0.0,0.0,0.0,0.0,0.0,0.0,0.0,0.0,0.0,0.0,0.0,0.0,0.0,0.0,0.0,0.0,0.0,0.0,0.0,0.0,0.0,0.0,0.0,0.0,0.0,0.0,0.0,0.0,0.0,0.0,0.0,0.8357602044939995,0.8692653780100775,0.8818019440640574
Vili Su,0.00423728813559322,0.0211864406779661,0.0,0.0,0.0,0.0,0.0,0.8559322033898306,0.0,0.0,0.0,0.0,0.0,0.0,0.00423728813559322,0.0,0.0,0.0,0.0,0.0,0.0,0.0,0.0,0.0,0.0,0.00423728813559322,0.0,0.0,0.0,0.0,0.0,0.0,0.0,0.0,0.0,0.0,0.0,0.0,0.0,0.0,0.0,0.0,0.0,0.0,0.0,0.0,0.0,0.0,0.0,0.0,0.0,0.0,0.0,0.0,0.0,0.0,0.0,0.0,0.0,0.7490185499191284,0.744419481754303,0.9032216141714113
Claradevi,0.03225806451612903,0.2626728110599078,0.17050691244239632,0.0,0.0,0.018433179723502304,0.013824884792626729,0.0,0.004608294930875576,0.0,0.0,0.004608294930875576,0.0,0.0,0.009216589861751152,0.0,0.0,0.0,0.0,0.0,0.0,0.0,0.0,0.0,0.0,0.0,0.0,0.0,0.0,0.0,0.0,0.0,0.0,0.0,0.0,0.0,0.0,0.0,0.0,0.0,0.0,0.0,0.0,0.0,0.0,0.0,0.0,0.0,0.0,0.0,0.0,0.0,0.0,0.0,0.0,0.0,0.0,0.0,0.0,0.8699998129159212,0.7177488885142587,0.929657879095633
Yumi Kwandy,0.5873015873015873,0.07407407407407407,0.0,0.0,0.0,0.0,0.010582010582010581,0.005291005291005291,0.005291005291005291,0.0,0.0,0.0,0.0,0.0,0.0,0.0,0.0,0.0,0.0,0.0,0.0,0.0,0.0,0.0,0.0,0.0,0.0,0.0,0.0,0.0,0.0,0.0,0.0,0.0,0.0,0.0,0.0,0.0,0.0,0.0,0.0,0.0,0.0,0.0,0.0,0.0,0.0,0.0,0.0,0.0,0.0,0.0,0.0,0.0,0.0,0.0,0.0,0.0,0.0,0.9580316916108131,0.9493569092784854,0.921040898277646
Fadhilah Razak,0.18584070796460178,0.05309734513274336,0.004424778761061947,0.0,0.004424778761061947,0.02654867256637168,0.1415929203539823,0.004424778761061947,0.02654867256637168,0.0,0.0,0.0,0.0,0.0,0.017699115044247787,0.0,0.0,0.17699115044247787,0.0,0.0,0.0,0.0,0.0,0.0,0.008849557522123894,0.0,0.0,0.0,0.0,0.0,0.0,0.017699115044247787,0.0,0.0,0.0,0.004424778761061947,0.0,0.0,0.0,0.0,0.0,0.0,0.0,0.0,0.0,0.0,0.0,0.0,0.0,0.0,0.0,0.0,0.0,0.0,0.0,0.0,0.0,0.0,0.0,0.9199950673231264,0.5108234554097273,0.884150080224301
Jessica Charis,0.27586206896551724,0.3103448275862069,0.0,0.0,0.0,0.0,0.0,0.0,0.0,0.0,0.0,0.0,0.0,0.034482758620689655,0.0,0.034482758620689655,0.0,0.0,0.0,0.0,0.0,0.0,0.0,0.0,0.0,0.0,0.0,0.0,0.0,0.0,0.0,0.0,0.0,0.0,0.0,0.0,0.0,0.0,0.0,0.0,0.0,0.0,0.034482758620689655,0.0,0.0,0.0,0.0,0.0,0.0,0.0,0.0,0.0,0.0,0.0,0.0,0.0,0.0,0.0,0.0,0.7118533452351888,0.7700431287288666,0.8093182686716318
Evelyn Ramli,0.0,1.0,0.0,0.0,0.0,0.0,0.0,0.0,0.0,0.0,0.0,0.0,0.0,0.0,0.0,0.0,0.0,0.0,0.0,0.0,0.0,0.0,0.0,0.0,0.0,0.0,0.0,0.0,0.0,0.0,0.0,0.0,0.0,0.0,0.0,0.0,0.0,0.0,0.0,0.0,0.0,0.0,0.0,0.0,0.0,0.0,0.0,0.0,0.0,0.0,0.0,0.0,0.0,0.0,0.0,0.0,0.0,0.0,0.0,0.0,0.9973025321960449,0.9436253905296326
Aurel Oriana,0.0,0.0,0.0,0.0,0.0,0.0,0.0,0.18181818181818182,0.0,0.0,0.0,0.0,0.0,0.0,0.0,0.0,0.0,0.0,0.0,0.0,0.0,0.0,0.0,0.0,0.0,0.0,0.0,0.0,0.0,0.0,0.0,0.0,0.0,0.0,0.0,0.0,0.0,0.0,0.0,0.0,0.0,0.0,0.0,0.0,0.0,0.0,0.0,0.0,0.0,0.0,0.0,0.0,0.0,0.0,0.0,0.0,0.0,0.0,0.0,0.0,0.476405268907547,0.9940361976623535
Angel Tamara,0.04201680672268908,0.4495798319327731,0.0,0.004201680672268907,0.0,0.0,0.0,0.14285714285714285,0.0,0.0,0.0,0.0,0.0,0.0,0.008403361344537815,0.0,0.0,0.0,0.0,0.0,0.0,0.0,0.0,0.0,0.0,0.0,0.0,0.0,0.008403361344537815,0.0,0.0,0.0,0.0,0.0,0.0,0.0,0.0,0.0,0.0,0.0,0.0,0.0,0.0,0.0,0.0,0.0,0.0,0.0,0.0,0.0,0.0,0.0,0.0,0.0,0.0,0.0,0.0,0.0,0.0,0.8623772859573364,0.6665390610137832,0.8832888457120633
Calista Cherrie,0.0,0.0,0.0,0.0,0.0,0.0,0.0,0.0,0.0,0.0,0.0,0.0,0.0,0.0,0.0,0.0,0.0,0.0,0.0,0.0,0.0,0.0,0.0,0.0,0.0,0.0,0.0,0.0,0.0,0.0,0.0,0.0,0.0,0.0,0.0,0.0,0.0,0.0,0.0,0.0,0.0,0.0,0.0,0.0,0.0,0.0,0.0,0.0,0.0,0.0,0.0,0.0,0.0,0.0,0.0,0.0,0.0,0.0,0.0,0.0,0.9293805956840515,0.9926057457923889
Shalfa Putri Raihan,0.0,0.0,0.0,0.0,0.0,0.0,0.0,0.0,0.0,0.0,0.0,0.0,0.0,0.0,0.0,0.9,0.0,0.0,0.0,0.0,0.0,0.0,0.0,0.0,0.0,0.0,0.0,0.0,0.0,0.0,0.0,0.0,0.0,0.0,0.0,0.0,0.0,0.0,0.0,0.0,0.0,0.0,0.0,0.0,0.0,0.0,0.0,0.0,0.0,0.0,0.0,0.0,0.0,0.0,0.0,0.0,0.0,0.0,0.0,0.993058443069458,0.0,0.9325937165154351
Sarah Ayu,0.052132701421800945,0.06635071090047394,0.0,0.004739336492890996,0.0,0.009478672985781991,0.061611374407582936,0.009478672985781991,0.0,0.0,0.0,0.004739336492890996,0.0,0.0,0.052132701421800945,0.14218009478672985,0.0,0.014218009478672985,0.0,0.0,0.0,0.0,0.0,0.0,0.0,0.004739336492890996,0.0,0.0,0.0,0.0,0.0,0.023696682464454975,0.0,0.0,0.0,0.0,0.0,0.0,0.0,0.0,0.0,0.0,0.0,0.0,0.0,0.0,0.0,0.0,0.0,0.0,0.0,0.0,0.0,0.0,0.0,0.0,0.0,0.0,0.0,0.9195160965124766,0.3099994088041371,0.8664991120497386
Agustina Hermanto,0.12206572769953052,0.03286384976525822,0.0,0.0,0.4413145539906103,0.051643192488262914,0.004694835680751174,0.004694835680751174,0.0,0.0,0.0,0.0,0.0,0.0,0.004694835680751174,0.0,0.0,0.0,0.0,0.0,0.0,0.0,0.0,0.0,0.0,0.0,0.0,0.0,0.0,0.0,0.0,0.004694835680751174,0.0,0.0,0.0,0.0,0.0,0.0,0.0,0.0,0.0,0.0,0.0,0.0,0.0,0.0,0.0,0.0,0.0,0.0,0.0,0.0,0.0,0.0,0.0,0.0,0.0,0.0,0.0,0.9696444272994995,0.898675650030702,0.9054093360900879
Najwa Shihab,0.09465020576131687,0.053497942386831275,0.0,0.00823045267489712,0.012345679012345678,0.12345679012345678,0.04938271604938271,0.0,0.053497942386831275,0.0,0.06172839506172839,0.0,0.0,0.0,0.0,0.0,0.0,0.0,0.0,0.0,0.0,0.00411522633744856,0.0,0.0,0.0,0.0,0.0,0.0,0.0,0.0,0.0,0.0,0.0,0.0,0.0,0.0,0.0,0.0,0.0,0.0,0.0,0.0,0.0,0.0,0.0,0.0,0.0,0.0,0.0,0.0,0.0,0.0,0.0,0.0,0.0,0.0,0.0,0.0,0.0,0.9245672955324775,0.9396447944277115,0.890323539574941
Dewi Lestari,0.0,0.0,0.0,0.1,0.1,0.0,0.1,0.0,0.0,0.0,0.0,0.0,0.0,0.0,0.0,0.0,0.0,0.0,0.0,0.0,0.0,0.0,0.0,0.0,0.0,0.0,0.0,0.0,0.1,0.0,0.0,0.0,0.0,0.0,0.0,0.0,0.0,0.0,0.0,0.0,0.0,0.0,0.0,0.0,0.0,0.0,0.0,0.0,0.0,0.0,0.0,0.0,0.0,0.0,0.0,0.0,0.0,0.0,0.0,0.9896502494812012,0.9736859401067098,0.8904317617416382
Brian Febrian,0.11693548387096774,0.08064516129032258,0.004032258064516129,0.008064516129032258,0.008064516129032258,0.06854838709677419,0.012096774193548387,0.0,0.0,0.0,0.0,0.0,0.0,0.028225806451612902,0.0967741935483871,0.0,0.0,0.0,0.0,0.0,0.0,0.0,0.0,0.0,0.0,0.008064516129032258,0.0,0.0,0.016129032258064516,0.0,0.0,0.020161290322580645,0.0,0.0,0.0,0.0,0.0,0.0,0.0,0.008064516129032258,0.0,0.0,0.0,0.0,0.0,0.0,0.0,0.0,0.0,0.0,0.0,0.0,0.0,0.0,0.0,0.0,0.0,0.0,0.0,0.9474248647689819,0.0979348190233741,0.9023797959089279
Najelaa Shihab,0.02358490566037736,0.06132075471698113,0.0,0.0047169811320754715,0.02830188679245283,0.16981132075471697,0.014150943396226415,0.0,0.0047169811320754715,0.0,0.29245283018867924,0.0,0.0,0.0,0.0047169811320754715,0.0,0.0,0.0,0.0047169811320754715,0.0,0.0,0.0,0.0,0.0,0.0,0.0,0.0,0.0,0.0,0.0,0.0,0.0,0.0,0.0,0.0,0.0,0.0,0.0,0.0,0.0,0.0,0.0,0.0,0.0,0.0,0.0,0.0,0.0,0.0,0.0,0.0,0.0,0.0,0.0,0.0,0.0,0.0,0.0,0.0,0.834758308800784,0.8207350462041003,0.9291291822989781
Gede Prama,0.0,0.24519230769230768,0.004807692307692308,0.0,0.004807692307692308,0.0,0.0,0.0,0.0,0.0,0.0,0.0,0.0,0.0,0.0,0.0,0.0,0.0,0.0,0.7307692307692307,0.0,0.0,0.0,0.0,0.0,0.0,0.0,0.0,0.0,0.0,0.0,0.0,0.0,0.0,0.0,0.0,0.0,0.0,0.0,0.0,0.0,0.0,0.0,0.0,0.0,0.0,0.0,0.0,0.0,0.0,0.0,0.0,0.0,0.0,0.0,0.0,0.0,0.0,0.0,0.8707761135366228,0.8250425242715411,0.9504695001036622
Gitasav,0.04583333333333333,0.075,0.0,0.0125,0.008333333333333333,0.0375,0.20416666666666666,0.0,0.0,0.0,0.0,0.0,0.0,0.0,0.008333333333333333,0.0,0.0,0.008333333333333333,0.0,0.0,0.0,0.0,0.0,0.0,0.0,0.0,0.0,0.0,0.0,0.0,0.0,0.0,0.0,0.0,0.0,0.0,0.0,0.0,0.0,0.0,0.0,0.0,0.0,0.0,0.0,0.0,0.0,0.0,0.0,0.0,0.0,0.0,0.0,0.0,0.0,0.0,0.0,0.0,0.0,0.931820574194886,0.5684304806921218,0.8928034105338156
Alya Nurshabrina,0.33495145631067963,0.05339805825242718,0.0,0.0,0.009708737864077669,0.0,0.0048543689320388345,0.0,0.0,0.0,0.0,0.0,0.0,0.0,0.0,0.0,0.0,0.0,0.0,0.0,0.0,0.0,0.0,0.0,0.0,0.0,0.0,0.0,0.0,0.0,0.0,0.0,0.0,0.0,0.0,0.0,0.0,0.0,0.0,0.0048543689320388345,0.0,0.0,0.0,0.0,0.0,0.0,0.0,0.0,0.0,0.0,0.0,0.0,0.0,0.0,0.0,0.0,0.0,0.0,0.0,0.9591732770204544,0.9448073282837868,0.8135287377395128
Reza Aditya,0.1036036036036036,0.23873873873873874,0.0,0.009009009009009009,0.02702702702702703,0.04054054054054054,0.013513513513513514,0.0045045045045045045,0.0,0.0045045045045045045,0.0,0.0,0.0,0.08558558558558559,0.036036036036036036,0.0,0.0,0.0,0.0045045045045045045,0.0,0.0045045045045045045,0.0,0.0,0.0,0.0,0.009009009009009009,0.0,0.0,0.013513513513513514,0.0,0.0,0.0045045045045045045,0.009009009009009009,0.0,0.0,0.0,0.0,0.0,0.0,0.0,0.0,0.0,0.0045045045045045045,0.0,0.0,0.0,0.0,0.0,0.0,0.0,0.0,0.0,0.0,0.0,0.0,0.0,0.0,0.0,0.0,0.8686039809669767,0.37959484669609345,0.8638017103075981
Felix Siauw,0.06465517241379311,0.02586206896551724,0.0,0.0,0.0,0.04310344827586207,0.03879310344827586,0.0,0.10344827586206896,0.0,0.0,0.004310344827586207,0.0,0.0,0.0,0.0,0.0,0.008620689655172414,0.0,0.0,0.0,0.0,0.0,0.0,0.0,0.004310344827586207,0.0,0.004310344827586207,0.0,0.0,0.0,0.0,0.0,0.0,0.0,0.0,0.0,0.0,0.0,0.004310344827586207,0.0,0.0,0.008620689655172414,0.0,0.0,0.0,0.0,0.0,0.0,0.10344827586206896,0.0,0.0,0.0,0.0,0.0,0.0,0.0,0.0,0.0,0.9489582595178636,0.9414121455221034,0.8921598519416566
Nadia Mulya,0.0730593607305936,0.0136986301369863,0.0045662100456621,0.0045662100456621,0.0502283105022831,0.0365296803652968,0.0045662100456621,0.0,0.0,0.0045662100456621,0.3744292237442922,0.0,0.0,0.0,0.0091324200913242,0.0,0.0,0.0,0.0,0.0,0.0,0.0,0.0,0.0,0.0,0.0,0.0,0.0,0.0,0.0,0.0,0.0,0.0,0.0,0.0,0.0,0.0,0.0,0.0,0.0,0.0,0.0,0.0,0.0,0.0,0.0,0.0,0.0,0.0,0.0,0.0,0.0,0.0,0.0,0.0,0.0,0.0,0.0,0.0,0.8353689014911652,0.8088394385117751,0.9492319710552692
Luna Vidya,0.0,0.3076923076923077,0.0,0.0,0.0,0.0,0.0,0.0,0.0,0.0,0.0,0.0,0.0,0.0,0.0,0.0,0.0,0.0,0.0,0.0,0.0,0.0,0.0,0.0,0.0,0.0,0.0,0.0,0.0,0.0,0.0,0.0,0.0,0.0,0.0,0.0,0.0,0.0,0.0,0.0,0.0,0.0,0.0,0.0,0.0,0.0,0.0,0.0,0.0,0.0,0.0,0.0,0.0,0.0,0.0,0.0,0.0,0.0,0.0,0.9891018271446228,0.8054018454118208,0.9257867932319641
Agustinus Wibowo,0.10810810810810811,0.018018018018018018,0.0,0.0,0.05855855855855856,0.06756756756756757,0.0045045045045045045,0.0045045045045045045,0.0045045045045045045,0.0,0.0,0.013513513513513514,0.0,0.0,0.0,0.0,0.0,0.018018018018018018,0.0,0.0,0.0,0.0,0.0,0.0,0.0045045045045045045,0.0045045045045045045,0.0,0.0,0.0,0.0,0.0,0.0,0.0,0.0,0.0,0.0,0.0,0.14864864864864866,0.0,0.0,0.0,0.0,0.0,0.0,0.0,0.0,0.0,0.0,0.0,0.0,0.0,0.0,0.0,0.0,0.0,0.0,0.0,0.0,0.0,0.8388945609331131,0.9568162331214318,0.9134840737370884
Rara Sekar,0.04017857142857143,0.0625,0.013392857142857142,0.0,0.013392857142857142,0.25892857142857145,0.05803571428571429,0.0,0.004464285714285714,0.0,0.0,0.008928571428571428,0.0,0.0,0.0,0.0,0.0,0.0,0.004464285714285714,0.0,0.0,0.0,0.0,0.0,0.004464285714285714,0.008928571428571428,0.0,0.0,0.0,0.0,0.0,0.0,0.0,0.0,0.0,0.0,0.0,0.0,0.0,0.0,0.0,0.0,0.0,0.0,0.0,0.0,0.0,0.0,0.0,0.0,0.0,0.0,0.0,0.0,0.0,0.0,0.0,0.0,0.0,0.9414588838088803,0.9207811606103096,0.935955614374395
Isyana Sarasvati,0.07407407407407407,0.05761316872427984,0.02880658436213992,0.0,0.00411522633744856,0.00411522633744856,0.0205761316872428,0.0,0.0,0.0,0.00411522633744856,0.4773662551440329,0.0,0.0,0.0,0.00411522633744856,0.0,0.0,0.0,0.0,0.0,0.0,0.0,0.0,0.00823045267489712,0.0,0.0,0.0,0.0,0.0,0.0,0.0,0.0,0.0,0.0,0.0,0.0,0.0,0.0,0.0,0.0,0.0,0.0,0.0,0.0,0.0,0.0,0.0,0.0,0.0,0.0,0.0,0.0,0.0,0.0,0.0,0.0,0.0,0.0,0.8269397546263302,0.9299080977579216,0.8983398444122739
Vidi Aldiano,0.03111111111111111,0.04,0.0044444444444444444,0.0,0.47555555555555556,0.08888888888888889,0.022222222222222223,0.0,0.0,0.0,0.0044444444444444444,0.0,0.0,0.0,0.0,0.008888888888888889,0.0,0.0,0.0,0.0,0.0,0.0,0.0,0.0,0.0,0.0,0.0,0.0,0.0,0.0,0.0,0.0,0.0,0.0,0.0,0.0,0.0,0.0,0.0,0.0,0.0,0.0,0.0,0.0,0.0,0.0,0.0,0.0,0.0,0.0,0.0,0.0,0.0,0.0,0.0,0.0,0.0,0.0,0.0044444444444444444,0.8866710559181545,0.980978285503942,0.9005505522092183
Helga Angelina,0.037037037037037035,0.4074074074074074,0.0,0.0,0.0,0.037037037037037035,0.0,0.2222222222222222,0.0,0.0,0.0,0.0,0.0,0.0,0.0,0.0,0.0,0.0,0.0,0.0,0.0,0.0,0.0,0.0,0.0,0.0,0.0,0.0,0.0,0.0,0.0,0.0,0.0,0.0,0.0,0.0,0.0,0.0,0.0,0.0,0.0,0.0,0.0,0.0,0.0,0.0,0.0,0.0,0.0,0.0,0.0,0.0,0.0,0.0,0.0,0.0,0.0,0.0,0.0,0.7413962880770365,0.9036370200269362,0.8383652823311942
Melati Wijsen,0.1822429906542056,0.40654205607476634,0.0,0.004672897196261682,0.014018691588785047,0.004672897196261682,0.0,0.14953271028037382,0.0,0.0,0.0,0.0,0.0,0.0,0.0,0.004672897196261682,0.0,0.0,0.0,0.0,0.0,0.0,0.0,0.0,0.0,0.0,0.0,0.0,0.0,0.0,0.0,0.0,0.0,0.0,0.0,0.0,0.0,0.0,0.0,0.0,0.0,0.0,0.004672897196261682,0.0,0.0,0.0,0.0,0.0,0.0,0.0,0.0,0.0,0.0,0.0,0.0,0.0,0.0,0.0,0.0,0.6368408699830373,0.90841821075856,0.9064995817119076
Anindya Kusuma,0.091324200913242,0.0319634703196347,0.0,0.0091324200913242,0.0045662100456621,0.0182648401826484,0.0547945205479452,0.0,0.0091324200913242,0.0,0.0,0.0,0.0,0.0,0.0228310502283105,0.0,0.0,0.0,0.0,0.0,0.0,0.0,0.0,0.0,0.0,0.0182648401826484,0.0045662100456621,0.0,0.0,0.0,0.0,0.0,0.0,0.0,0.0,0.0,0.0,0.0,0.0,0.0,0.0,0.0,0.0,0.0,0.0,0.0,0.0,0.0,0.0,0.0,0.0,0.0,0.0,0.0091324200913242,0.1004566210045662,0.0,0.0,0.0,0.0,0.9570384915445892,0.6424073493824556,0.919848307967186
Eva Bande,0.012295081967213115,0.040983606557377046,0.0,0.0,0.0,0.0,0.0,0.7459016393442623,0.0,0.0,0.0,0.0,0.0,0.0,0.0,0.0,0.0,0.004098360655737705,0.0,0.0,0.0,0.0,0.0,0.0,0.0,0.0,0.0,0.0,0.0,0.0,0.0,0.0,0.0,0.0,0.0,0.0,0.0,0.0,0.0,0.0,0.0,0.0,0.0,0.0,0.0,0.0,0.0,0.0,0.0,0.0,0.0,0.0,0.0,0.0,0.0,0.0,0.0,0.0,0.0,0.7586909830570221,0.8624446315150107,0.9373910258798038
Zahra Muzdalifah,0.0319634703196347,0.1050228310502283,0.0,0.0045662100456621,0.634703196347032,0.0182648401826484,0.0,0.0,0.0,0.0,0.0045662100456621,0.0,0.0,0.0,0.0,0.0365296803652968,0.0,0.0,0.0,0.0,0.0,0.0,0.0,0.0,0.0045662100456621,0.0,0.0,0.0,0.0,0.0,0.0,0.0,0.0,0.0,0.0,0.0,0.0,0.0,0.0,0.0,0.0,0.0,0.0045662100456621,0.0,0.0,0.0,0.0,0.0,0.0,0.0,0.0,0.0,0.0,0.0,0.0,0.0,0.0,0.0,0.0,0.9311601860182626,0.9735824570551024,0.8633133828639984
Sarwendah,0.07488986784140969,0.02643171806167401,0.0,0.022026431718061675,0.45374449339207046,0.004405286343612335,0.03524229074889868,0.0,0.0,0.0,0.0,0.0,0.0,0.0,0.004405286343612335,0.0,0.0,0.0,0.0,0.0,0.0,0.0,0.0,0.0,0.004405286343612335,0.03524229074889868,0.0,0.0,0.0,0.0,0.0,0.0,0.0,0.0,0.0,0.0,0.0,0.0,0.0,0.0,0.0,0.0,0.0,0.0,0.0,0.0,0.0,0.0,0.0,0.0,0.0,0.0,0.0,0.0,0.0,0.0,0.0,0.0,0.0,0.8955102991312742,0.8953315831328693,0.9006309114223303
Cut Meyriska,0.046610169491525424,0.01694915254237288,0.4449152542372881,0.029661016949152543,0.00423728813559322,0.00423728813559322,0.038135593220338986,0.0,0.00423728813559322,0.0,0.0,0.0,0.0,0.0,0.0,0.0,0.0,0.0,0.0,0.0,0.0,0.0,0.0,0.0,0.0,0.0,0.0,0.00423728813559322,0.0,0.0,0.0,0.0,0.0,0.0,0.0,0.0,0.0,0.0,0.0,0.0,0.0,0.0,0.0,0.0,0.0,0.0,0.0,0.0,0.0,0.0,0.0,0.0,0.0,0.0,0.0,0.0,0.0,0.0,0.0,0.9190627065224525,0.8378582750521009,0.9392116516828537
Danu Alqamara,0.0,0.0,0.0,0.0,0.0,0.0,0.2,0.0,0.0,0.0,0.0,0.0,0.0,0.0,0.2,0.0,0.0,0.0,0.0,0.0,0.0,0.0,0.0,0.2,0.0,0.0,0.0,0.0,0.0,0.0,0.0,0.0,0.0,0.0,0.0,0.0,0.0,0.0,0.0,0.0,0.0,0.0,0.0,0.0,0.0,0.0,0.0,0.0,0.0,0.0,0.0,0.0,0.0,0.0,0.0,0.0,0.0,0.0,0.0,0.0,0.0,0.0
Donna Harun,0.046511627906976744,0.13023255813953488,0.0,0.0,0.018604651162790697,0.004651162790697674,0.04186046511627907,0.004651162790697674,0.0,0.0,0.2930232558139535,0.004651162790697674,0.0,0.0,0.0,0.0,0.0,0.004651162790697674,0.0,0.0,0.0,0.0,0.0,0.0,0.004651162790697674,0.0,0.0,0.0,0.0,0.0,0.0,0.0,0.0,0.0,0.0,0.0,0.0,0.0,0.0,0.0,0.0,0.004651162790697674,0.0,0.0,0.0,0.0,0.0,0.0,0.0,0.0,0.0,0.0,0.0,0.0,0.0,0.0,0.0,0.0,0.0,0.7974251478910446,0.879327784816758,0.8902963725359816
Rian Fahardhi,0.05405405405405406,0.018018018018018018,0.0,0.018018018018018018,0.02702702702702703,0.036036036036036036,0.0,0.0,0.018018018018018018,0.0,0.0,0.0,0.0,0.0,0.0,0.0,0.0,0.0,0.0,0.0,0.0,0.0,0.0,0.0,0.0,0.0,0.0,0.0,0.0,0.0,0.0,0.0,0.0,0.0,0.0,0.38738738738738737,0.0,0.0,0.0,0.0,0.0,0.0,0.0,0.0,0.0,0.0,0.0,0.0,0.0,0.0,0.0,0.0,0.0,0.0,0.0,0.0,0.0,0.0,0.0,0.883055065359388,0.9755638617536296,0.816587483882904
Nona Berlian Sakina,0.0,0.0,0.0,0.0,0.0,0.0,0.0,0.0,0.0,0.0,0.0,0.0,0.0,0.0,0.0,0.0,0.0,0.0,0.0,0.0,0.0,0.0,0.0,0.0,0.0,0.0,0.0,0.0,0.0,0.0,0.0,0.0,0.0,0.0,0.0,0.0,0.0,0.0,0.0,0.0,0.0,0.0,0.0,0.0,0.0,0.0,0.0,0.0,0.0,0.0,0.0,0.0,0.0,0.0,0.0,0.0,0.0,0.0,0.0,0.5276423692703247,0.9322030288832528,0.49742281436920166
Henjiwong,0.14130434782608695,0.22826086956521738,0.0,0.010869565217391304,0.0,0.0,0.0,0.0,0.0,0.0,0.0,0.005434782608695652,0.0,0.0,0.0,0.005434782608695652,0.0,0.0,0.0,0.0,0.0,0.11413043478260869,0.0,0.0,0.0,0.0,0.0,0.0,0.0,0.0,0.0,0.0,0.0,0.0,0.0,0.0,0.0,0.0,0.0,0.0,0.0,0.0,0.0,0.0,0.0,0.0,0.0,0.0,0.0,0.0,0.0,0.0,0.0,0.0,0.0,0.0,0.0,0.0,0.0,0.7519814462765403,0.877404773099856,0.938119930589301
Anakjajan,0.14285714285714285,0.1693121693121693,0.0,0.005291005291005291,0.005291005291005291,0.037037037037037035,0.031746031746031744,0.0,0.0,0.0,0.0,0.0,0.0,0.021164021164021163,0.010582010582010581,0.0,0.0,0.0,0.0,0.0,0.0,0.0,0.0,0.0,0.0,0.0,0.0,0.0,0.0,0.0,0.0,0.0,0.0,0.0,0.0,0.0,0.0,0.0,0.0,0.0,0.0,0.0,0.0,0.0,0.0,0.0,0.0,0.0,0.0,0.0,0.0,0.0,0.0,0.0,0.0,0.0,0.0,0.0,0.0,0.8873578026181176,0.6163330397879084,0.9227911246319612
Kuliner Koko,0.12442396313364056,0.018433179723502304,0.027649769585253458,0.004608294930875576,0.0,0.05069124423963134,0.041474654377880185,0.0,0.0,0.0,0.0,0.004608294930875576,0.004608294930875576,0.0,0.004608294930875576,0.0,0.0,0.004608294930875576,0.0,0.0,0.0,0.0,0.0,0.0,0.004608294930875576,0.009216589861751152,0.0,0.0,0.0,0.0,0.0,0.0,0.0,0.009216589861751152,0.0,0.0,0.0,0.0,0.0,0.0,0.0,0.004608294930875576,0.004608294930875576,0.0,0.0,0.0,0.0,0.0,0.0,0.0,0.0,0.0,0.0,0.0,0.0,0.0,0.0,0.0,0.0,0.9252878945806752,0.8748023228825264,0.9350947957512334
Susan Theresia,0.25,0.125,0.0,0.0,0.0,0.0,0.0,0.0,0.0,0.0,0.0,0.0,0.0,0.0,0.0,0.0,0.0,0.0,0.0,0.0,0.0,0.0,0.0,0.0,0.0,0.0,0.0,0.0,0.0,0.0,0.0,0.0,0.0,0.0,0.0,0.0,0.0,0.0,0.0,0.125,0.0,0.0,0.0,0.0,0.0,0.0,0.0,0.0,0.0,0.0,0.0,0.0,0.0,0.0,0.0,0.0,0.0,0.0,0.0,0.8329239636659622,0.0,0.969806119799614
Agakenyang,0.04807692307692308,0.009615384615384616,0.004807692307692308,0.009615384615384616,0.0,0.009615384615384616,0.15865384615384615,0.0,0.0,0.0,0.0,0.0,0.0,0.004807692307692308,0.004807692307692308,0.0,0.0,0.0,0.0,0.0,0.0,0.0,0.0,0.36538461538461536,0.0,0.0,0.0,0.0,0.0,0.0,0.0,0.004807692307692308,0.0,0.0,0.0,0.0,0.0,0.0,0.0,0.009615384615384616,0.0,0.02403846153846154,0.0,0.0,0.0,0.0,0.0,0.0,0.0,0.0,0.0,0.0,0.0,0.0,0.0,0.0,0.0,0.0,0.0,0.9460721124302257,0.6033645319003685,0.9279531076550483
Ayoe Widya,0.8525345622119815,0.0,0.0,0.004608294930875576,0.0,0.0,0.0,0.0,0.0,0.0,0.0,0.0,0.0,0.0,0.0,0.0,0.0,0.0,0.0,0.0,0.0,0.0,0.0,0.0,0.0,0.0,0.0,0.0,0.0,0.0,0.0,0.0,0.0,0.0,0.0,0.0,0.0,0.0,0.0,0.0,0.0,0.0,0.0,0.0,0.0,0.0,0.0,0.0,0.0,0.0,0.0,0.0,0.0,0.0,0.0,0.0,0.0,0.0,0.0,0.9925336390733719,0.9564729170954746,0.8366278697704447
Syifa Hadju,0.029914529914529916,0.021367521367521368,0.2905982905982906,0.0,0.0,0.004273504273504274,0.06837606837606838,0.0,0.0,0.0,0.2094017094017094,0.0,0.0,0.0,0.0,0.0,0.0,0.0,0.0,0.0,0.0,0.0,0.0,0.0,0.0,0.008547008547008548,0.0,0.004273504273504274,0.0,0.0,0.0,0.0,0.0,0.0,0.0,0.0,0.0,0.0,0.0,0.008547008547008548,0.0,0.0,0.0,0.0,0.0,0.0,0.0,0.0,0.0,0.0,0.0,0.0,0.0,0.0,0.0,0.0,0.0,0.0,0.0,0.9455655942792478,0.9475816820575073,0.9455939865112305
Greysia Polii,0.10344827586206896,0.07758620689655173,0.004310344827586207,0.004310344827586207,0.03879310344827586,0.008620689655172414,0.0,0.004310344827586207,0.0,0.004310344827586207,0.004310344827586207,0.0,0.0,0.0,0.004310344827586207,0.004310344827586207,0.0,0.0,0.0,0.0,0.0,0.0,0.0,0.0,0.0,0.004310344827586207,0.0,0.0,0.0,0.0,0.0,0.0,0.0,0.0,0.034482758620689655,0.0,0.0,0.0,0.0,0.0,0.0,0.0,0.0,0.0,0.0,0.0,0.0,0.0,0.0,0.0,0.0,0.0,0.0,0.0,0.0,0.0,0.0,0.0,0.0,0.8579665071824017,0.892454234717404,0.8682863414287567
Apriyani Rahayu,0.7307692307692307,0.03365384615384615,0.0,0.0,0.0,0.0,0.0,0.0,0.0,0.0,0.0,0.0,0.0,0.0,0.0,0.0,0.0,0.004807692307692308,0.0,0.0,0.0,0.0,0.0,0.0,0.0,0.0,0.0,0.0,0.0,0.0,0.0,0.0,0.0,0.0,0.0,0.0,0.0,0.0,0.0,0.0,0.0,0.0,0.0,0.0,0.0,0.0,0.0,0.0,0.0,0.0,0.0,0.0,0.0,0.0,0.0,0.0,0.0,0.0,0.0,0.0,0.9957980645053527,0.8794737905263901
Liliyana Natsir,0.39436619718309857,0.03286384976525822,0.0,0.004694835680751174,0.004694835680751174,0.0,0.004694835680751174,0.0,0.0,0.0,0.0,0.004694835680751174,0.0,0.0,0.0,0.0,0.0,0.0,0.0,0.0,0.0,0.0,0.0,0.056338028169014086,0.0,0.0,0.0,0.0,0.0,0.0,0.0,0.0,0.0,0.0,0.20187793427230047,0.0,0.0,0.0,0.0,0.0,0.0,0.0,0.0,0.0,0.0,0.0,0.0,0.0,0.0,0.0,0.0,0.0,0.0,0.0,0.0,0.0,0.0,0.0,0.0,0.9012394746144613,0.9757458313917502,0.8817230512698492
Rio Haryanto,0.05504587155963303,0.09174311926605505,0.0,0.0,0.08256880733944955,0.20642201834862386,0.027522935779816515,0.0,0.0,0.0045871559633027525,0.0,0.0,0.0045871559633027525,0.0,0.0,0.0,0.0,0.0,0.0,0.0,0.0,0.0,0.0,0.0,0.0,0.009174311926605505,0.0,0.0,0.0,0.0,0.0,0.0,0.0,0.0,0.0,0.0,0.0,0.0,0.0,0.0,0.0,0.0,0.0,0.0,0.0,0.0,0.0,0.0,0.0045871559633027525,0.0,0.0,0.0,0.0,0.0,0.0,0.0,0.0,0.0,0.0,0.8912528389030032,0.9384644434258744,0.9087243664723176
Anthony Ginting,0.10619469026548672,0.11504424778761062,0.0,0.0,0.3938053097345133,0.0,0.01327433628318584,0.004424778761061947,0.0,0.0,0.0,0.0,0.0,0.0,0.004424778761061947,0.008849557522123894,0.0,0.004424778761061947,0.0,0.0,0.0,0.0,0.0,0.004424778761061947,0.0,0.0,0.0,0.0,0.0,0.0,0.0,0.0,0.0,0.0,0.0,0.0,0.0,0.0,0.0,0.004424778761061947,0.0,0.0,0.0,0.0,0.0,0.0,0.0,0.0,0.0,0.0,0.0,0.0,0.0,0.0,0.0,0.0,0.0,0.0,0.0,0.8798323802409633,0.8746844551392964,0.8677822804009473
Jonatan Christie,0.2904761904761905,0.05238095238095238,0.0,0.0,0.2857142857142857,0.0,0.0,0.0,0.0,0.0,0.0,0.0,0.0,0.0,0.0,0.0,0.0,0.009523809523809525,0.0,0.0,0.0,0.0,0.0,0.0,0.0,0.0,0.0,0.0,0.0,0.0,0.0,0.0,0.0,0.0,0.0,0.0,0.0,0.0,0.0,0.0,0.0,0.0,0.0,0.0,0.0,0.0,0.0,0.0,0.0,0.0,0.0,0.0,0.0,0.0,0.0,0.0,0.0,0.0,0.0,0.9548991695046425,0.9731088410666648,0.8631064934389931
Kevin Sanjaya,0.19642857142857142,0.10119047619047619,0.11904761904761904,0.017857142857142856,0.017857142857142856,0.017857142857142856,0.017857142857142856,0.0,0.0,0.0,0.0,0.0,0.0,0.005952380952380952,0.0,0.0,0.0,0.0,0.0,0.0,0.0,0.0,0.0,0.0,0.0,0.005952380952380952,0.0,0.0,0.0,0.0,0.0,0.0,0.0,0.0,0.0,0.0,0.0,0.0,0.0,0.005952380952380952,0.0,0.0,0.0,0.0,0.0,0.0,0.0,0.0,0.0,0.0,0.0,0.0,0.0,0.0,0.0,0.0,0.0,0.0,0.0,0.9141318295150995,0.9660451380155419,0.9117199556772099
Marcus Gideon,0.11403508771929824,0.41228070175438597,0.0,0.0,0.03070175438596491,0.0,0.0043859649122807015,0.039473684210526314,0.008771929824561403,0.0,0.0,0.0,0.0,0.0,0.008771929824561403,0.0,0.0,0.013157894736842105,0.0,0.0,0.0,0.0,0.0,0.0,0.0,0.0,0.0,0.0,0.0,0.0,0.0,0.0,0.0043859649122807015,0.0,0.0,0.0,0.0,0.0,0.0,0.0,0.0,0.0,0.0,0.0,0.0,0.0,0.0,0.0,0.0,0.0,0.0,0.0,0.0,0.0,0.0,0.0,0.0,0.0,0.0,0.8723068833351135,0.6172812448607551,0.8960326347552555
Rizki Amelia,0.1330049261083744,0.20689655172413793,0.0,0.0,0.0,0.009852216748768473,0.024630541871921183,0.0049261083743842365,0.0049261083743842365,0.0049261083743842365,0.0,0.0,0.0,0.054187192118226604,0.034482758620689655,0.0,0.0,0.0049261083743842365,0.0,0.0,0.0,0.0,0.0,0.0,0.0,0.0049261083743842365,0.0,0.0,0.0,0.0,0.0,0.0049261083743842365,0.0,0.0,0.0,0.0,0.0,0.0,0.0,0.0,0.0,0.0,0.0,0.0,0.0,0.0,0.0,0.0,0.0,0.0,0.0,0.0,0.0,0.0,0.0,0.10344827586206896,0.0,0.0,0.0,0.8534352438790458,0.840476392114416,0.90701584638776
Eko Yuli Irawan,0.1232876712328767,0.0273972602739726,0.0,0.0,0.0684931506849315,0.0136986301369863,0.0,0.0,0.0,0.0,0.0,0.0,0.0,0.0,0.0,0.0,0.0,0.0,0.0,0.0,0.0,0.0,0.0,0.0,0.0,0.0,0.0,0.0,0.0,0.0,0.0,0.0,0.0,0.0,0.0,0.0,0.0,0.0,0.0,0.0,0.0,0.0,0.0,0.0,0.0,0.0,0.0,0.0,0.0,0.0,0.0,0.0,0.0,0.0,0.0,0.0,0.0,0.0,0.0,0.0,0.9683099146932364,0.8873486253950331
Diananda Choirunisa,0.1346153846153846,0.09615384615384616,0.0,0.0,0.3605769230769231,0.014423076923076924,0.0,0.04326923076923077,0.0,0.0,0.0,0.0,0.0,0.0,0.0,0.0,0.0,0.0,0.0,0.0,0.0,0.0,0.0,0.0,0.0,0.0,0.0,0.0,0.0,0.0,0.0,0.0,0.0,0.0,0.0,0.0,0.0,0.0,0.0,0.0,0.0,0.0,0.0,0.0,0.0,0.0,0.0,0.0,0.0,0.0,0.0,0.0,0.0,0.0,0.0,0.0,0.0,0.0,0.0,0.9931812435388565,0.9698284648358821,0.9347182810306549
Indra Sjafri,0.7123287671232876,0.0319634703196347,0.0,0.0,0.0136986301369863,0.0182648401826484,0.0045662100456621,0.0,0.0,0.0,0.0,0.0,0.0,0.0,0.0045662100456621,0.0,0.0,0.0,0.0,0.0,0.0,0.0,0.0,0.0,0.0045662100456621,0.0045662100456621,0.0,0.0,0.0,0.0,0.0,0.0,0.0,0.0,0.0,0.0,0.0,0.0,0.0,0.0,0.0,0.0045662100456621,0.0045662100456621,0.0,0.0,0.0,0.0,0.0,0.0,0.0,0.0,0.0,0.0,0.0,0.0,0.0,0.0,0.0,0.0,0.9126218228504576,0.8645344754757239,0.8532460206433347
Wahyu Nayaka,0.4507042253521127,0.009389671361502348,0.0,0.0,0.018779342723004695,0.0,0.018779342723004695,0.0,0.0,0.0,0.0,0.0,0.0,0.0,0.0,0.0,0.0,0.0,0.0,0.0,0.0,0.0,0.0,0.0,0.0,0.009389671361502348,0.0,0.0,0.0,0.0,0.0,0.0,0.0,0.0,0.0,0.0,0.0,0.0,0.0,0.0,0.0,0.0,0.0,0.0,0.0,0.0,0.0,0.0,0.0,0.0,0.0,0.0,0.0,0.0,0.0,0.0,0.0,0.0,0.0,0.921949544778237,0.9632281985401449,0.8588201764382815
Ahsan Hendra,0.1940928270042194,0.0759493670886076,0.004219409282700422,0.0,0.0759493670886076,0.004219409282700422,0.0379746835443038,0.0,0.008438818565400843,0.0,0.0,0.02109704641350211,0.0,0.0,0.0,0.004219409282700422,0.0,0.029535864978902954,0.0,0.0,0.0,0.0,0.0,0.0,0.0,0.004219409282700422,0.0,0.0,0.0,0.0,0.0,0.0,0.0,0.0,0.0,0.0,0.0,0.0,0.0,0.0,0.0,0.0,0.0,0.0,0.0,0.0,0.0,0.0,0.0,0.0,0.0,0.0,0.0,0.0,0.0,0.0,0.0,0.0,0.0,0.8985554056289868,0.9239256840061258,0.9302021470334795
Aprilia Manganang,0.05426356589147287,0.2248062015503876,0.0,0.0,0.0,0.031007751937984496,0.031007751937984496,0.031007751937984496,0.0,0.0,0.0,0.0,0.0,0.0,0.0,0.0,0.0,0.0,0.0,0.0,0.0,0.0,0.0,0.0,0.0,0.007751937984496124,0.0,0.0,0.0,0.0,0.0,0.0,0.0,0.0,0.0,0.0,0.0,0.0,0.0,0.0,0.0,0.007751937984496124,0.0,0.0,0.0,0.0,0.0,0.0,0.0,0.0,0.0,0.0,0.0,0.0,0.0,0.0,0.0,0.0,0.0,0.8887271532198278,0.9365603946375124,0.8783655274998058
Zohri Lalu,0.11682242990654206,0.018691588785046728,0.0,0.0,0.4392523364485981,0.018691588785046728,0.004672897196261682,0.02336448598130841,0.0,0.0,0.004672897196261682,0.0,0.0,0.0,0.0,0.004672897196261682,0.0,0.009345794392523364,0.0,0.0,0.0,0.0,0.0,0.0,0.0,0.014018691588785047,0.0,0.0,0.0,0.0,0.0,0.0,0.0,0.0,0.0,0.0,0.0,0.0,0.0,0.0,0.0,0.0,0.0,0.0,0.0,0.0,0.0,0.0,0.0,0.0,0.0,0.0,0.0,0.0,0.0,0.0,0.0,0.0,0.0,0.8147359034594368,0.9837079369619991,0.8506974860241538
Bryan Domani,0.3022222222222222,0.057777777777777775,0.0044444444444444444,0.0,0.04,0.0044444444444444444,0.06222222222222222,0.02666666666666667,0.0,0.0,0.0,0.0,0.0,0.0,0.008888888888888889,0.0,0.0,0.0,0.0,0.0,0.0,0.0,0.0,0.0,0.0,0.0,0.0,0.0044444444444444444,0.0,0.0,0.0,0.0,0.0,0.0,0.0,0.0,0.0,0.0,0.0,0.0,0.0,0.0,0.0,0.0,0.0,0.0,0.0,0.0,0.0,0.0,0.0,0.0,0.0,0.0,0.0,0.0,0.0,0.0,0.0,0.8620324529880701,0.6596146868456394,0.9279708004977605
Yasa Singgih,0.11682242990654206,0.037383177570093455,0.18691588785046728,0.018691588785046728,0.0,0.07476635514018691,0.014018691588785047,0.0,0.0,0.009345794392523364,0.0,0.0,0.004672897196261682,0.0,0.0,0.0,0.0,0.009345794392523364,0.0,0.0,0.0,0.0,0.0,0.0,0.0,0.0,0.0,0.0,0.0,0.0,0.0,0.0,0.0,0.0,0.0,0.0,0.0,0.0,0.0,0.0,0.0,0.0,0.004672897196261682,0.0,0.0,0.0,0.0,0.0,0.0,0.0,0.0,0.0,0.0,0.0,0.0,0.0,0.0,0.0,0.0,0.9255520059512212,0.9438394738846466,0.9304597153179888
Andhika Diskartes,0.06756756756756757,0.3108108108108108,0.0045045045045045045,0.0,0.0045045045045045045,0.009009009009009009,0.04504504504504504,0.0045045045045045045,0.0,0.02252252252252252,0.0,0.0045045045045045045,0.0,0.0045045045045045045,0.0045045045045045045,0.0,0.0,0.0,0.0,0.0,0.0,0.0,0.0,0.0,0.0045045045045045045,0.0045045045045045045,0.0,0.0,0.0,0.0,0.0,0.0045045045045045045,0.0045045045045045045,0.0,0.0,0.0,0.0,0.0,0.0,0.0045045045045045045,0.0,0.0,0.0,0.0,0.0,0.0,0.0,0.0,0.0,0.0,0.0,0.0,0.0,0.0,0.0,0.0,0.0,0.0,0.0,0.8317490627891139,0.7908739882000422,0.8728459644498248
Raden Rauf,0.04310344827586207,0.05603448275862069,0.004310344827586207,0.021551724137931036,0.004310344827586207,0.0603448275862069,0.10344827586206896,0.0,0.004310344827586207,0.008620689655172414,0.004310344827586207,0.0,0.0,0.0,0.008620689655172414,0.0,0.0,0.0,0.0,0.0,0.0,0.0,0.0,0.08189655172413793,0.0,0.01293103448275862,0.0,0.0,0.0,0.0,0.0,0.004310344827586207,0.0,0.0,0.0,0.0,0.0,0.0,0.0,0.0,0.0,0.0,0.0,0.0,0.0,0.0,0.0,0.11206896551724138,0.0,0.0,0.0,0.0,0.0,0.0,0.0,0.0,0.0,0.0,0.0,0.9348890214574104,0.6909597866675433,0.9394723733266195
Sandy Firmansyah,0.1320754716981132,0.018867924528301886,0.0,0.0,0.018867924528301886,0.0,0.0,0.0,0.0,0.0,0.0,0.0,0.0,0.018867924528301886,0.0,0.0,0.0,0.0,0.0,0.0,0.0,0.0,0.0,0.0,0.0,0.018867924528301886,0.0,0.0,0.0,0.0,0.0,0.0,0.0,0.0,0.0,0.0,0.0,0.0,0.0,0.0,0.0,0.018867924528301886,0.0,0.0,0.0,0.0,0.0,0.0,0.0,0.0,0.0,0.0,0.0,0.0,0.0,0.018867924528301886,0.0,0.0,0.0,0.9569697976112366,0.9610279260143157,0.9639292142607949
Jouska,0.0502283105022831,0.1506849315068493,0.0,0.0,0.0,0.0,0.0045662100456621,0.3926940639269406,0.0,0.0,0.0,0.0,0.0,0.0410958904109589,0.0091324200913242,0.0091324200913242,0.0,0.0,0.0,0.0,0.0,0.0,0.0,0.0,0.0,0.0,0.0,0.0,0.0045662100456621,0.0,0.0,0.0,0.0,0.0,0.0,0.0,0.0,0.0,0.0,0.0,0.0,0.0,0.0,0.0,0.0,0.0,0.0,0.0,0.0,0.0,0.0,0.0,0.0,0.0,0.0,0.0,0.0,0.0,0.0,0.9186751773724189,0.7447180579776412,0.8180316746234894
Fellexandro Ruby,0.11467889908256881,0.09174311926605505,0.0045871559633027525,0.04128440366972477,0.0,0.03669724770642202,0.05504587155963303,0.0,0.009174311926605505,0.0,0.0,0.0,0.0,0.0,0.0045871559633027525,0.0,0.0,0.0,0.0,0.0,0.0,0.0,0.0,0.0,0.009174311926605505,0.0,0.0,0.0,0.0,0.0,0.0,0.0,0.0,0.0,0.0,0.0,0.0,0.0,0.0,0.0,0.0,0.0,0.0,0.0,0.0,0.0,0.0,0.0,0.0,0.0,0.0,0.0,0.0,0.0,0.0,0.0,0.0,0.0,0.0,0.863484034484083,0.7268027893521569,0.8966533964456513
Denny Santoso,0.0196078431372549,0.31862745098039214,0.0,0.029411764705882353,0.00980392156862745,0.46078431372549017,0.0,0.0,0.004901960784313725,0.004901960784313725,0.0,0.0,0.0,0.0,0.0196078431372549,0.0,0.0,0.0,0.0,0.0,0.0,0.0,0.0,0.0,0.0,0.0,0.0,0.0,0.0,0.0,0.0,0.0,0.0,0.0,0.0,0.0,0.0,0.0,0.0,0.0,0.0,0.0,0.0,0.0,0.0,0.0,0.0,0.0,0.0,0.0,0.0,0.0,0.0,0.0,0.0,0.0,0.0,0.0,0.0,0.8649584007050309,0.3967843137938401,0.9031796631265859
Vincent Raditya,0.05405405405405406,0.10810810810810811,0.05405405405405406,0.0,0.0,0.02702702702702703,0.05405405405405406,0.0,0.0,0.0,0.0,0.0,0.0,0.0,0.0,0.0,0.0,0.0,0.0,0.0,0.0,0.0,0.0,0.0,0.0,0.0,0.0,0.0,0.0,0.0,0.0,0.02702702702702703,0.0,0.0,0.0,0.0,0.0,0.0,0.0,0.0,0.0,0.0,0.0,0.0,0.0,0.0,0.0,0.0,0.0,0.0,0.0,0.0,0.0,0.0,0.0,0.0,0.0,0.0,0.0,0.9141379833221436,0.9457131170091175,0.8599195371974598
Christian Sugiono,0.07929515418502203,0.07048458149779736,0.1762114537444934,0.00881057268722467,0.039647577092511016,0.00881057268722467,0.039647577092511016,0.0,0.004405286343612335,0.0,0.0,0.0,0.0,0.0,0.0,0.0,0.0,0.00881057268722467,0.0,0.0,0.0,0.0,0.0,0.0,0.0,0.00881057268722467,0.0,0.0,0.0,0.0,0.0,0.0,0.0,0.0,0.0,0.0,0.0,0.0,0.0,0.004405286343612335,0.0,0.0,0.0,0.0,0.0,0.0,0.0,0.0,0.0,0.0,0.0,0.0,0.0,0.0,0.0,0.0,0.0,0.0,0.0,0.9057457993427912,0.8989262176656175,0.9127079127139823
Hanifa Ambadar,0.0,0.043478260869565216,0.0,0.043478260869565216,0.0,0.0,0.0,0.0,0.0,0.0,0.0,0.043478260869565216,0.0,0.0,0.0,0.0,0.0,0.0,0.0,0.0,0.0,0.0,0.0,0.0,0.0,0.0,0.0,0.0,0.0,0.0,0.0,0.0,0.0,0.0,0.0,0.0,0.0,0.0,0.0,0.0,0.0,0.0,0.0,0.0,0.0,0.0,0.0,0.0,0.0,0.0,0.0,0.0,0.0,0.0,0.0,0.0,0.0,0.0,0.0,0.9569488763809204,0.9774887596859652,0.9396523475646973
Rendy Saputra,0.11702127659574468,0.02127659574468085,0.0,0.010638297872340425,0.0,0.0425531914893617,0.02127659574468085,0.0,0.0,0.0,0.0,0.0,0.0,0.0,0.02127659574468085,0.0,0.0,0.0,0.0,0.0,0.010638297872340425,0.0,0.0,0.0,0.0,0.06382978723404255,0.0,0.0,0.0,0.0,0.0,0.010638297872340425,0.0,0.0,0.0,0.0,0.0,0.0,0.0,0.0,0.0,0.0,0.0,0.0,0.0,0.0,0.0,0.0,0.0,0.0,0.0,0.0,0.0,0.0,0.0,0.0,0.0,0.0,0.0,0.9254411535878335,0.47626376936310216,0.8296643269062042
Agung Hapsah,0.16071428571428573,0.09375,0.004464285714285714,0.0,0.004464285714285714,0.017857142857142856,0.06696428571428571,0.0,0.004464285714285714,0.0,0.0,0.0,0.0,0.004464285714285714,0.008928571428571428,0.0,0.0,0.004464285714285714,0.0,0.0,0.0,0.0,0.0,0.0,0.004464285714285714,0.008928571428571428,0.0,0.0,0.0,0.0,0.0,0.017857142857142856,0.0,0.0,0.0,0.0,0.0,0.0,0.0,0.0,0.0,0.0,0.0,0.0,0.0,0.0,0.0,0.0,0.0,0.0,0.0,0.0,0.0,0.0,0.0,0.0,0.0,0.0,0.004464285714285714,0.8681039058643839,0.6952863703755772,0.9006966099900714
Irfan Amalee,0.05339805825242718,0.07766990291262135,0.0,0.0,0.3786407766990291,0.03398058252427184,0.0048543689320388345,0.0,0.0,0.014563106796116505,0.0,0.0,0.0,0.0,0.0,0.0,0.0,0.0,0.0048543689320388345,0.0,0.0,0.0,0.0,0.0,0.0,0.0,0.0,0.0,0.0,0.0,0.0,0.0,0.0,0.0,0.0,0.0,0.0,0.0,0.0,0.0,0.0,0.009708737864077669,0.0,0.0,0.0,0.0,0.0,0.0,0.0,0.0,0.0,0.0,0.0,0.0,0.0,0.0,0.0,0.0,0.0,0.9252687493960062,0.9600383419957426,0.913763741850853
Sibungbung,0.37719298245614036,0.017543859649122806,0.0,0.0,0.0,0.0043859649122807015,0.06140350877192982,0.0,0.0,0.0,0.0,0.0,0.0,0.0,0.0043859649122807015,0.0,0.0,0.0,0.0,0.0,0.0,0.0,0.0,0.0,0.0,0.0,0.0,0.0,0.0,0.0,0.0,0.0,0.0,0.0,0.0,0.0,0.0,0.0,0.0,0.008771929824561403,0.0,0.0,0.0,0.0,0.0,0.0,0.0,0.0,0.0,0.0,0.0,0.0,0.0,0.0,0.0,0.0,0.0,0.0,0.0,0.92010620312813,0.7254186765647229,0.915623324504797
Nana Koot,0.09009009009009009,0.14414414414414414,0.0,0.0,0.0,0.0,0.02252252252252252,0.09009009009009009,0.0,0.0,0.0,0.0,0.0,0.0,0.0045045045045045045,0.04054054054054054,0.0,0.0045045045045045045,0.0,0.0,0.0,0.0,0.0,0.0,0.0,0.0045045045045045045,0.0,0.0,0.013513513513513514,0.0,0.0,0.0,0.0,0.0,0.0,0.0,0.0,0.0,0.0,0.0,0.0,0.0,0.0,0.0,0.0,0.0,0.0,0.0,0.0,0.0,0.0,0.0,0.0,0.0,0.0,0.0,0.0,0.0,0.0,0.9087436164988846,0.7165533290820175,0.8829165332847171
Vindy Lee,0.4155844155844156,0.24675324675324675,0.0,0.0,0.004329004329004329,0.004329004329004329,0.008658008658008658,0.0,0.0,0.0,0.0,0.0,0.0,0.0,0.004329004329004329,0.017316017316017316,0.0,0.0,0.0,0.0,0.0,0.0,0.0,0.0,0.0,0.004329004329004329,0.0,0.0,0.0,0.0,0.0,0.004329004329004329,0.004329004329004329,0.0,0.0,0.0,0.0,0.0,0.0,0.0,0.0,0.0,0.0,0.0,0.0,0.0,0.0,0.0,0.0,0.0,0.0,0.0,0.0,0.0,0.0,0.0,0.0,0.0,0.0,0.8909526441959624,0.6952918617164388,0.9199630434464927
Chef Arnold,0.11013215859030837,0.28634361233480177,0.22466960352422907,0.0,0.0,0.0,0.01762114537444934,0.05726872246696035,0.0,0.0,0.0,0.0,0.0,0.0,0.004405286343612335,0.0,0.0,0.0,0.0,0.0,0.0,0.0,0.0,0.0,0.0,0.00881057268722467,0.0,0.0,0.0,0.0,0.0,0.0,0.0,0.0,0.0,0.0,0.0,0.0,0.0,0.0,0.0,0.004405286343612335,0.0,0.0,0.0,0.0,0.0,0.0,0.0,0.0,0.0,0.0,0.0,0.0,0.0,0.0,0.0,0.0,0.0,0.8545460735048567,0.7507887038419832,0.8946995925764705
Farah Quinn,0.3333333333333333,0.16666666666666666,0.0,0.0,0.0,0.0,0.0,0.0,0.0,0.0,0.0,0.0,0.0,0.0,0.0,0.0,0.0,0.0,0.0,0.0,0.0,0.0,0.0,0.0,0.0,0.0,0.0,0.0,0.0,0.0,0.0,0.0,0.0,0.0,0.0,0.0,0.0,0.0,0.0,0.0,0.0,0.0,0.0,0.0,0.0,0.0,0.0,0.0,0.0,0.0,0.0,0.0,0.0,0.0,0.0,0.0,0.0,0.0,0.0,0.0,0.8523668249448141,0.9885186950365702
William Gozali,0.04739336492890995,0.07109004739336493,0.6350710900473934,0.0,0.004739336492890996,0.004739336492890996,0.018957345971563982,0.0,0.0,0.004739336492890996,0.0,0.0,0.0,0.0,0.0,0.0,0.0,0.004739336492890996,0.0,0.0,0.0,0.0,0.0,0.0,0.0,0.0,0.0,0.0,0.0,0.0,0.0,0.004739336492890996,0.0,0.0,0.0,0.0,0.0,0.0,0.0,0.0,0.0,0.0,0.0,0.0,0.0,0.0,0.0,0.0,0.0,0.0,0.0,0.0,0.0,0.0,0.0,0.0,0.0,0.0,0.0,0.8721853705013499,0.96892103155454,0.9052434617822821
Chandra Yudasswara,0.019704433497536946,0.15270935960591134,0.3645320197044335,0.0,0.0,0.024630541871921183,0.04433497536945813,0.034482758620689655,0.0,0.0,0.0,0.0,0.0,0.0,0.0,0.0049261083743842365,0.0,0.0,0.0,0.0,0.0,0.0,0.0,0.0,0.0,0.0,0.0,0.0,0.0,0.0,0.0,0.0,0.0,0.0,0.0,0.0,0.0,0.0,0.0,0.0,0.0,0.0049261083743842365,0.0,0.0,0.0,0.0,0.0,0.0,0.0,0.0,0.0,0.0,0.0,0.04433497536945813,0.0,0.0,0.0,0.0,0.0,0.8783479865108218,0.9172041380507314,0.9320150713125864
Devina Hermawan,0.11004784688995216,0.03349282296650718,0.11961722488038277,0.03827751196172249,0.0,0.004784688995215311,0.009569377990430622,0.0,0.0,0.0,0.0,0.0,0.009569377990430622,0.004784688995215311,0.004784688995215311,0.0,0.0,0.0,0.0,0.0,0.0,0.0,0.0,0.0,0.0,0.0,0.0,0.0,0.0,0.0,0.0,0.0,0.0,0.215311004784689,0.0,0.0,0.0,0.0,0.0,0.0,0.0,0.014354066985645933,0.0,0.0,0.0,0.0,0.0,0.0,0.0,0.0,0.0,0.0,0.0,0.0,0.0,0.0,0.0,0.0,0.0,0.9269647342818124,0.8165347075555474,0.9457934490732245
Yuda Bustara,0.08558558558558559,0.18018018018018017,0.2972972972972973,0.0045045045045045045,0.0,0.0045045045045045045,0.009009009009009009,0.0,0.0,0.0,0.0,0.0045045045045045045,0.0,0.0,0.009009009009009009,0.0045045045045045045,0.0,0.0,0.0,0.0045045045045045045,0.0,0.0,0.0,0.0,0.0,0.0,0.0,0.0,0.0,0.0,0.0,0.0045045045045045045,0.0,0.0,0.0,0.0,0.0,0.0,0.0,0.0,0.0,0.0,0.0,0.0,0.0,0.0,0.0,0.0,0.0,0.0,0.0,0.0,0.0,0.04954954954954955,0.0,0.0,0.0,0.0,0.0,0.8160539435015784,0.6906339545880468,0.907551643965037
Tasya Farasya,0.03167420814479638,0.04524886877828054,0.2398190045248869,0.1583710407239819,0.0,0.0,0.0,0.0,0.0,0.0,0.0,0.0,0.0,0.004524886877828055,0.0,0.004524886877828055,0.0,0.0,0.0,0.0,0.0,0.0,0.0,0.0,0.0,0.0,0.0,0.0,0.0,0.0,0.0,0.0,0.0,0.0,0.0,0.0,0.0,0.0,0.0,0.0,0.0,0.0,0.0,0.0,0.0,0.0,0.0,0.0,0.0,0.0,0.0,0.0,0.0,0.0,0.0,0.0,0.0,0.0,0.004524886877828055,0.8975616660383012,0.9333653159565845,0.923563636447254
Bara Pattiradjawane,0.04932735426008968,0.15246636771300448,0.017937219730941704,0.013452914798206279,0.008968609865470852,0.02242152466367713,0.03139013452914798,0.0,0.0,0.0,0.0,0.13901345291479822,0.0,0.0,0.013452914798206279,0.0,0.0,0.0,0.0,0.0,0.0,0.0,0.0,0.0,0.0,0.0,0.0,0.0,0.0,0.0,0.0,0.0,0.0,0.004484304932735426,0.0,0.0,0.0,0.0,0.0,0.0,0.0,0.0,0.0,0.0,0.0,0.0,0.0,0.0,0.0,0.0,0.0,0.0,0.0,0.0,0.0,0.0,0.0,0.0,0.0,0.8810439595469722,0.6911296198765436,0.9096126770600677
My Fun FooDiary,0.0,1.0,0.0,0.0,0.0,0.0,0.0,0.0,0.0,0.0,0.0,0.0,0.0,0.0,0.0,0.0,0.0,0.0,0.0,0.0,0.0,0.0,0.0,0.0,0.0,0.0,0.0,0.0,0.0,0.0,0.0,0.0,0.0,0.0,0.0,0.0,0.0,0.0,0.0,0.0,0.0,0.0,0.0,0.0,0.0,0.0,0.0,0.0,0.0,0.0,0.0,0.0,0.0,0.0,0.0,0.0,0.0,0.0,0.0,0.0,0.0,0.9982986152172089
Kadek Arini,0.036036036036036036,0.08108108108108109,0.0045045045045045045,0.18018018018018017,0.018018018018018018,0.036036036036036036,0.07207207207207207,0.0,0.0,0.0,0.0,0.0,0.0,0.0,0.03153153153153153,0.0045045045045045045,0.0,0.0045045045045045045,0.0,0.0,0.0,0.0,0.0,0.0,0.0,0.0,0.0045045045045045045,0.0,0.0,0.0,0.0,0.0,0.0,0.0,0.0,0.0,0.0,0.0,0.0,0.0,0.0,0.0045045045045045045,0.0,0.0,0.0,0.0,0.0,0.0,0.0,0.0,0.0,0.0,0.0,0.0,0.0,0.0,0.0,0.0,0.0,0.8899617556369666,0.602571755196109,0.8957529967291313
Vina Muliana,0.2694063926940639,0.0228310502283105,0.0091324200913242,0.0182648401826484,0.0045662100456621,0.0273972602739726,0.0593607305936073,0.0,0.0,0.0045662100456621,0.0,0.0,0.0,0.0,0.0,0.0045662100456621,0.0,0.0,0.0,0.0,0.0,0.0,0.0,0.0,0.0,0.0045662100456621,0.0,0.0,0.0,0.0,0.0,0.0,0.0,0.0,0.0,0.0,0.0,0.0,0.0,0.0,0.0,0.0,0.0,0.0,0.0,0.0,0.0,0.0,0.0,0.0,0.0,0.0,0.0,0.0,0.0,0.0,0.0,0.0,0.0,0.9472978386011991,0.940323979623856,0.8869195758335052
Marischka Prudence,0.0,0.5,0.0,0.0,0.0,0.0,0.0,0.0,0.0,0.0,0.0,0.0,0.0,0.0,0.0,0.0,0.0,0.0,0.0,0.0,0.0,0.0,0.0,0.0,0.0,0.0,0.0,0.0,0.0,0.0,0.0,0.0,0.0,0.0,0.0,0.0,0.0,0.0,0.0,0.0,0.0,0.0,0.0,0.0,0.0,0.0,0.0,0.0,0.0,0.0,0.0,0.0,0.0,0.0,0.0,0.0,0.0,0.0,0.0,0.9141532182693481,0.9914594888687134,0.9580655694007874
Trinity Traveler,0.07964601769911504,0.2743362831858407,0.01327433628318584,0.004424778761061947,0.008849557522123894,0.048672566371681415,0.061946902654867256,0.008849557522123894,0.0,0.017699115044247787,0.0,0.004424778761061947,0.0,0.008849557522123894,0.017699115044247787,0.0,0.0,0.0,0.0,0.0,0.004424778761061947,0.0,0.0,0.0,0.0,0.0,0.0,0.0,0.0,0.0,0.0,0.01327433628318584,0.0,0.004424778761061947,0.0,0.0,0.0,0.0,0.0,0.0,0.0,0.0,0.0,0.0,0.0,0.0,0.0,0.0,0.0,0.0,0.0,0.0,0.0,0.0,0.0,0.0,0.0,0.0,0.0,0.8914145628611246,0.4692359932578436,0.9223539631768881
Adrian Maulana,0.02358490566037736,0.09433962264150944,0.0,0.0,0.02830188679245283,0.0330188679245283,0.0,0.0,0.0,0.0,0.0,0.0,0.0,0.7075471698113207,0.0,0.0,0.0,0.0,0.0,0.0,0.0,0.0,0.0,0.0,0.0,0.0,0.0,0.0,0.0,0.0,0.0,0.0,0.0,0.0,0.0,0.0,0.0,0.0,0.0,0.0,0.0,0.0,0.0,0.0,0.0,0.0,0.0,0.0,0.0,0.0,0.0,0.0,0.0,0.0,0.0,0.0,0.0,0.0,0.0,0.9100277349352837,0.9103393010471178,0.9754800023157385
Backpacker Tampan,0.03902439024390244,0.08292682926829269,0.0,0.004878048780487805,0.0,0.004878048780487805,0.02926829268292683,0.004878048780487805,0.0,0.004878048780487805,0.0,0.0,0.0,0.0,0.0,0.004878048780487805,0.0,0.0,0.0,0.0,0.0,0.0,0.0,0.0,0.0,0.004878048780487805,0.0,0.0,0.0,0.3951219512195122,0.0,0.0,0.0,0.0,0.0,0.0,0.0,0.0,0.0,0.004878048780487805,0.0,0.0,0.0,0.0,0.0,0.0,0.0,0.0,0.0,0.0,0.0,0.0,0.0,0.0,0.0,0.0,0.0,0.0,0.0,0.8643892132318937,0.8743872423382366,0.9400098280560586
Mira Lesmana,0.16872427983539096,0.11934156378600823,0.0,0.0,0.1111111111111111,0.00823045267489712,0.012345679012345678,0.0,0.0,0.0,0.0,0.0,0.00411522633744856,0.0,0.0,0.0,0.0,0.0,0.0,0.0,0.0,0.0,0.0,0.0,0.0,0.0205761316872428,0.0,0.0,0.0,0.0,0.0,0.0,0.0,0.0,0.0,0.0,0.0,0.0,0.0,0.0,0.0,0.0,0.0,0.0,0.0,0.0,0.0,0.0,0.0,0.0,0.0,0.0,0.0,0.0,0.0,0.0,0.0,0.0,0.0,0.8722439190516105,0.9207169615305387,0.9247256818859056
Oki Setiana Dewi,0.07547169811320754,0.0,0.0,0.33962264150943394,0.018867924528301886,0.05660377358490566,0.018867924528301886,0.0,0.0,0.0,0.0,0.018867924528301886,0.0,0.0,0.0,0.0,0.0,0.0,0.0,0.0,0.0,0.0,0.0,0.0,0.0,0.0,0.0,0.0,0.0,0.0,0.0,0.018867924528301886,0.0,0.0,0.0,0.0,0.0,0.0,0.0,0.0,0.0,0.0,0.0,0.0,0.0,0.0,0.0,0.0,0.0,0.0,0.0,0.0,0.0,0.0,0.0,0.0,0.0,0.0,0.0,0.9971528649330139,0.9726641788715269,0.8759261548519135
Jess no Limit,0.09502262443438914,0.11312217194570136,0.0,0.004524886877828055,0.0,0.00904977375565611,0.04524886877828054,0.0,0.0,0.00904977375565611,0.0,0.0,0.0,0.004524886877828055,0.03167420814479638,0.004524886877828055,0.0,0.0,0.0,0.0,0.0,0.25339366515837103,0.0,0.0,0.0,0.0,0.0,0.0,0.013574660633484163,0.0,0.0,0.004524886877828055,0.0,0.0,0.0,0.0,0.0,0.0,0.0,0.004524886877828055,0.0,0.004524886877828055,0.0,0.0,0.0,0.0,0.0,0.0,0.0,0.0,0.0,0.0,0.0,0.0,0.0,0.0,0.0,0.0,0.0,0.8918412237295082,0.37766906204430956,0.8330158644914627
Frost Diamond,0.16666666666666666,0.5630630630630631,0.0045045045045045045,0.0,0.0,0.0045045045045045045,0.0,0.018018018018018018,0.0,0.0,0.0,0.0,0.0,0.0,0.0045045045045045045,0.02252252252252252,0.0,0.0,0.0,0.0,0.0,0.0,0.0,0.0,0.0,0.0,0.0,0.0,0.0,0.0,0.0,0.0,0.0,0.0,0.0,0.0,0.0,0.0,0.0,0.0,0.0,0.0,0.0,0.0,0.0,0.0,0.0,0.0,0.0,0.0,0.0,0.0,0.0,0.0,0.0,0.0,0.0,0.0,0.013513513513513514,0.7316390573978424,0.6601205495026734,0.8786369671103775
MiawAug,0.5714285714285714,0.012605042016806723,0.0,0.0,0.0,0.0,0.03361344537815126,0.004201680672268907,0.0,0.0,0.0,0.0,0.0,0.0,0.008403361344537815,0.0,0.0,0.004201680672268907,0.0,0.0,0.0,0.0,0.0,0.0,0.0,0.0,0.0,0.0,0.0,0.0,0.0,0.0,0.0,0.0,0.0,0.0,0.0,0.0,0.0,0.004201680672268907,0.0,0.0,0.0,0.0,0.0,0.0,0.0,0.0,0.0,0.0,0.0,0.0,0.0,0.0,0.0,0.0,0.0,0.0,0.037815126050420166,0.8232414903848068,0.7022184242664928,0.8847605615854264
Windah Basudara,0.06859205776173286,0.20577617328519857,0.0,0.0036101083032490976,0.0,0.039711191335740074,0.04693140794223827,0.0,0.0036101083032490976,0.0,0.0,0.19494584837545126,0.0,0.0036101083032490976,0.04693140794223827,0.0,0.0,0.0,0.0,0.0,0.0,0.0,0.0,0.0,0.0,0.0036101083032490976,0.0,0.0,0.0,0.0,0.0,0.0,0.0036101083032490976,0.0,0.0,0.0,0.0,0.0,0.0,0.0036101083032490976,0.0,0.0,0.0036101083032490976,0.0,0.0,0.0,0.0,0.0,0.0,0.0,0.0,0.0,0.0,0.0,0.0,0.0,0.0,0.0,0.0,0.9208939723670483,0.2412176236663897,0.9202141456825789
Jonathan Liandi,0.39732142857142855,0.17857142857142858,0.004464285714285714,0.008928571428571428,0.0,0.013392857142857142,0.017857142857142856,0.004464285714285714,0.0,0.0,0.0,0.0,0.0,0.0,0.0,0.0,0.0,0.004464285714285714,0.0,0.0,0.0,0.008928571428571428,0.0,0.0,0.0,0.0,0.004464285714285714,0.0,0.0,0.0,0.0,0.0,0.004464285714285714,0.0,0.0,0.0,0.0,0.0,0.0,0.0,0.0,0.0,0.0,0.0,0.0,0.0,0.0,0.0,0.0,0.0,0.0,0.0,0.0,0.0,0.0,0.0,0.0,0.0,0.0,0.8931074483054025,0.945059507233756,0.8388431491900463
BTR Zuxxy,0.5309734513274337,0.08849557522123894,0.0,0.0,0.004424778761061947,0.0,0.0,0.008849557522123894,0.0,0.0,0.0,0.0,0.0,0.0,0.0,0.017699115044247787,0.0,0.0,0.0,0.0,0.0,0.0,0.0,0.0,0.0,0.008849557522123894,0.0,0.0,0.0,0.0,0.0,0.0,0.0,0.0,0.0,0.0,0.0,0.0,0.0,0.0,0.0,0.0,0.0,0.0,0.0,0.0,0.0,0.0,0.0,0.0,0.0,0.0,0.0,0.0,0.0,0.0,0.0,0.0,0.0,0.8712914928476861,0.9273216084015271,0.8969746319384411
EVOS Reza,0.1278538812785388,0.0365296803652968,0.0,0.0,0.0045662100456621,0.0045662100456621,0.0182648401826484,0.0136986301369863,0.0,0.0045662100456621,0.0,0.0,0.0,0.0,0.0,0.0,0.0,0.0,0.0,0.0,0.0,0.0091324200913242,0.0,0.0,0.0,0.0045662100456621,0.0,0.0,0.0,0.0,0.0,0.0,0.1415525114155251,0.0,0.0,0.0,0.0,0.0,0.0,0.0,0.0,0.0,0.0,0.0,0.0,0.0,0.0,0.0,0.0,0.0,0.0,0.0,0.0,0.0,0.0,0.0,0.0,0.0,0.0,0.9424186867216359,0.9177366612955581,0.8681329677744609
Donkey,0.03524229074889868,0.5859030837004405,0.0,0.0,0.0,0.0,0.0,0.05726872246696035,0.0,0.0,0.0,0.0,0.0,0.0,0.00881057268722467,0.1762114537444934,0.0,0.0,0.0,0.0,0.0,0.0,0.0,0.0,0.0,0.0,0.0,0.0,0.01762114537444934,0.0,0.0,0.0,0.0,0.0,0.0,0.0,0.0,0.0,0.0,0.0,0.0,0.0,0.0,0.0,0.0,0.0,0.0,0.0,0.0,0.0,0.0,0.0,0.0,0.0,0.0,0.0,0.0,0.0,0.0,0.8346063682566518,0.6137847318270496,0.8636493964775188
Kayes,0.336322869955157,0.21973094170403587,0.0,0.008968609865470852,0.0,0.0,0.03587443946188341,0.017937219730941704,0.0,0.004484304932735426,0.0,0.0,0.0,0.0,0.017937219730941704,0.026905829596412557,0.0,0.0,0.0,0.0,0.0,0.004484304932735426,0.0,0.0,0.0,0.0,0.0,0.0,0.0,0.0,0.0,0.0,0.0,0.0,0.0,0.0,0.0,0.0,0.0,0.0,0.0,0.0,0.0,0.0,0.0,0.0,0.0,0.0,0.0,0.0,0.0,0.0,0.0,0.0,0.0,0.0,0.0,0.0,0.0,0.8646984706664907,0.5027515962191508,0.8800136548168255
Xinn,0.06666666666666667,0.0,0.0,0.0,0.0,0.0,0.0,0.0,0.0,0.0,0.0,0.0,0.0,0.0,0.0,0.7,0.0,0.0,0.0,0.0,0.0,0.0,0.0,0.0,0.0,0.0,0.0,0.0,0.1,0.0,0.0,0.0,0.0,0.0,0.0,0.0,0.0,0.0,0.0,0.0,0.0,0.0,0.0,0.0,0.0,0.0,0.0,0.0,0.0,0.0,0.0,0.0,0.0,0.0,0.0,0.0,0.0,0.0,0.0,0.9338653013110161,0.9801608920097351,0.8516616786227507
Oura Gaming,0.0625,0.4375,0.0,0.0,0.0,0.0,0.0,0.125,0.0,0.0,0.0,0.0,0.0,0.0,0.0,0.0625,0.0,0.0,0.0,0.0,0.0,0.0,0.0,0.0,0.0,0.0,0.0,0.0,0.0,0.0,0.0,0.0,0.0,0.0,0.0,0.0,0.0,0.0,0.0,0.0,0.0,0.0,0.0,0.0,0.0,0.0,0.0,0.0,0.0,0.0,0.0,0.0,0.0,0.0,0.0,0.0,0.0,0.0,0.0,0.9466297924518585,0.8898638248443603,0.8963916632864211
BTR Luxxy,0.5069124423963134,0.059907834101382486,0.0,0.004608294930875576,0.0,0.004608294930875576,0.0,0.013824884792626729,0.0,0.0,0.0,0.0,0.0,0.0,0.004608294930875576,0.013824884792626729,0.0,0.0,0.0,0.0,0.0,0.0,0.0,0.0,0.0,0.013824884792626729,0.0,0.0,0.0,0.0,0.0,0.0,0.0,0.0,0.0,0.0,0.0,0.0,0.0,0.0,0.0,0.0,0.0,0.0,0.0,0.0,0.0,0.0,0.0,0.0,0.0,0.0,0.0,0.0,0.0,0.0,0.0,0.0,0.0,0.8829578542047076,0.7963618801421478,0.8771766409758599
Leokoce,0.13392857142857142,0.013392857142857142,0.0,0.004464285714285714,0.0,0.0,0.017857142857142856,0.0,0.0,0.004464285714285714,0.0,0.0,0.0,0.008928571428571428,0.0,0.0,0.0,0.0,0.0,0.0,0.0,0.14732142857142858,0.0,0.0,0.0,0.0,0.0,0.0,0.0,0.0,0.0,0.0,0.0,0.0,0.0,0.0,0.0,0.0,0.0,0.0,0.0,0.0,0.0,0.0,0.0,0.0,0.0,0.0,0.0,0.0,0.0,0.0,0.0,0.0,0.0,0.0,0.0,0.0,0.0,0.8781115671650308,0.8674963003113156,0.9172179290652275
Sarah Viloid,0.06907894736842106,0.05592105263157895,0.0,0.003289473684210526,0.003289473684210526,0.06578947368421052,0.26973684210526316,0.0,0.0,0.0,0.0,0.0,0.0,0.013157894736842105,0.006578947368421052,0.003289473684210526,0.0,0.003289473684210526,0.0,0.0,0.0,0.0,0.0,0.0,0.003289473684210526,0.003289473684210526,0.0,0.0,0.0,0.0,0.0,0.009868421052631578,0.02631578947368421,0.0,0.0,0.0,0.0,0.0,0.0,0.0,0.0,0.0,0.0,0.0,0.0,0.0,0.0,0.0,0.0,0.0,0.0,0.0,0.0,0.0,0.0,0.0,0.0,0.0,0.0,0.9436515107021465,0.5550308017568155,0.8990090685347988
Rekt,0.06074766355140187,0.7009345794392523,0.0,0.0,0.0,0.0,0.0,0.0,0.0,0.0,0.0,0.0,0.0,0.009345794392523364,0.0,0.004672897196261682,0.0,0.0,0.0,0.0,0.0,0.0,0.0,0.0,0.0,0.0,0.0,0.0,0.0,0.0,0.0,0.0,0.0,0.0,0.0,0.0,0.0,0.0,0.0,0.0,0.0,0.0,0.0,0.0,0.0,0.0,0.0,0.0,0.11214953271028037,0.0,0.0,0.0,0.0,0.0,0.0,0.0,0.0,0.0,0.0,0.8490515479987318,0.8859744477138091,0.8688715390953017
Hanan Attaki,0.007633587786259542,0.0,0.007633587786259542,0.007633587786259542,0.0,0.0,0.0,0.0,0.4961832061068702,0.0,0.0,0.0,0.0,0.0,0.0,0.0,0.0,0.0,0.007633587786259542,0.0,0.0,0.0,0.0,0.0,0.0,0.007633587786259542,0.0,0.0,0.0,0.0,0.0,0.0,0.0,0.0,0.0,0.0,0.0,0.0,0.0,0.0,0.022900763358778626,0.0,0.0,0.0,0.0,0.0,0.0,0.0,0.0,0.0,0.0,0.0,0.0,0.0,0.0,0.0,0.0,0.0,0.0,0.8044159105595421,0.9124620717305404,0.8972636638209224
Adi Hidayat,0.004464285714285714,0.0,0.0,0.0,0.008928571428571428,0.022321428571428572,0.0,0.0,0.5714285714285714,0.0,0.0,0.0,0.0,0.0,0.0,0.0,0.0,0.0,0.0,0.0,0.0,0.0,0.0,0.0,0.0,0.0,0.0,0.0,0.0,0.0,0.0,0.0,0.0,0.0,0.0,0.0,0.0,0.0,0.0,0.0,0.05357142857142857,0.0,0.0,0.0,0.0,0.0,0.0,0.0,0.0,0.0,0.0,0.0,0.0,0.0,0.0,0.0,0.0,0.0,0.0,0.8424914066608136,0.975732011283004,0.8747314310842945
Abdul Somad,0.053811659192825115,0.06278026905829596,0.0,0.0,0.013452914798206279,0.06278026905829596,0.017937219730941704,0.0,0.23766816143497757,0.0,0.0,0.0,0.0,0.013452914798206279,0.017937219730941704,0.0,0.0,0.008968609865470852,0.004484304932735426,0.0,0.0,0.0,0.0,0.0,0.004484304932735426,0.004484304932735426,0.004484304932735426,0.0,0.008968609865470852,0.0,0.0,0.0,0.0,0.0,0.0,0.0,0.0,0.0,0.0,0.0,0.004484304932735426,0.0,0.0,0.0,0.0,0.0,0.0,0.0,0.0,0.0,0.0,0.0,0.0,0.0,0.0,0.0,0.0,0.0,0.0,0.9492981411792614,0.6390471454266902,0.9244028536173013
Gus Baha,0.004545454545454545,0.0,0.0,0.0,0.0,0.004545454545454545,0.0,0.0,0.32272727272727275,0.0,0.0,0.0,0.0,0.0,0.0,0.0,0.004545454545454545,0.0,0.0,0.0,0.0,0.0,0.0,0.0,0.0,0.00909090909090909,0.0,0.0,0.0,0.0,0.30454545454545456,0.0,0.0,0.0,0.0,0.0,0.0,0.0,0.0,0.0,0.04090909090909091,0.0,0.0,0.0,0.0,0.0,0.0,0.0,0.0,0.0,0.0,0.0,0.0,0.0,0.0,0.0,0.0,0.0,0.0,0.8763130865991116,0.910123696964648,0.8686732664704323
Yusuf Mansur,0.08482142857142858,0.10267857142857142,0.0,0.0,0.0,0.004464285714285714,0.004464285714285714,0.3794642857142857,0.11607142857142858,0.0,0.0,0.0,0.0,0.013392857142857142,0.03125,0.0,0.0,0.0,0.0,0.0,0.0,0.0,0.0,0.0,0.0,0.0,0.0,0.008928571428571428,0.022321428571428572,0.0,0.0,0.0,0.0,0.0,0.0,0.0,0.0,0.0,0.0,0.0,0.0,0.0,0.0,0.0,0.0,0.0,0.0,0.0,0.0,0.0,0.0,0.0,0.0,0.0,0.0,0.0,0.0,0.0,0.0,0.9295741459902596,0.5424397352241701,0.8026573998587472
Salim A. Fillah,0.017857142857142856,0.022321428571428572,0.0,0.0,0.008928571428571428,0.03125,0.004464285714285714,0.004464285714285714,0.2857142857142857,0.0,0.004464285714285714,0.004464285714285714,0.0,0.0,0.0,0.0,0.0,0.0,0.004464285714285714,0.0,0.0,0.0,0.0,0.0,0.013392857142857142,0.03571428571428571,0.0,0.008928571428571428,0.013392857142857142,0.0,0.0,0.004464285714285714,0.0,0.0,0.0,0.0,0.0,0.0,0.0,0.008928571428571428,0.0,0.0,0.0,0.0,0.0,0.0,0.0,0.0,0.0,0.0,0.0,0.0,0.0,0.0,0.0,0.0,0.0,0.0,0.0,0.8828633360142978,0.9431569732800879,0.9057071825696362
Habib Jindan,0.04484304932735426,0.0,0.0,0.0,0.004484304932735426,0.04932735426008968,0.008968609865470852,0.004484304932735426,0.3632286995515695,0.0,0.0,0.0,0.0,0.004484304932735426,0.008968609865470852,0.0,0.0,0.0,0.0,0.0,0.0,0.0,0.0,0.0,0.0,0.004484304932735426,0.0,0.0,0.013452914798206279,0.0,0.0,0.0,0.0,0.0,0.0,0.0,0.0,0.0,0.0,0.0,0.004484304932735426,0.004484304932735426,0.0,0.0,0.0,0.0,0.0,0.0,0.0,0.0,0.0,0.0,0.0,0.0,0.0,0.0,0.0,0.0,0.0,0.95805618799094,0.6815714925527573,0.9194964331549567
Habib Novel Alaydrus,0.0,0.004901960784313725,0.0,0.0,0.0,0.0784313725490196,0.0,0.0,0.1323529411764706,0.0,0.0,0.0,0.0,0.0,0.0,0.0,0.553921568627451,0.0,0.004901960784313725,0.0,0.0,0.0,0.0,0.0,0.0,0.0,0.0,0.00980392156862745,0.014705882352941176,0.0,0.0,0.0,0.0,0.0,0.0,0.0,0.0,0.0,0.0,0.0,0.0,0.0,0.0,0.0,0.0,0.0,0.0,0.0,0.0,0.0,0.0,0.0,0.0,0.0,0.0,0.0,0.0,0.0,0.0,0.9141646544138591,0.9673842677048274,0.9181745578260982
Buya Yahya,0.017467248908296942,0.008733624454148471,0.0,0.0,0.0,0.07860262008733625,0.008733624454148471,0.0,0.33624454148471616,0.0,0.0,0.0,0.0,0.0,0.0,0.0,0.008733624454148471,0.0,0.004366812227074236,0.0,0.0,0.0,0.0,0.0,0.0,0.004366812227074236,0.0,0.0,0.008733624454148471,0.0,0.004366812227074236,0.0,0.0,0.0,0.0,0.0,0.0,0.0,0.0,0.004366812227074236,0.017467248908296942,0.0,0.0,0.0,0.0,0.0,0.0,0.0,0.0,0.0,0.0,0.0,0.0,0.0,0.0,0.0,0.0,0.0,0.0,0.9093751412327007,0.9111261489321885,0.8701035584976424
Habib Rizieq,0.1308411214953271,0.04672897196261682,0.0,0.0,0.0,0.06542056074766354,0.004672897196261682,0.0,0.08878504672897196,0.0,0.02336448598130841,0.0,0.0,0.0,0.0,0.0,0.0,0.0,0.0,0.0,0.0,0.0,0.0,0.0,0.0,0.0,0.0,0.0,0.0,0.0,0.0,0.0,0.004672897196261682,0.0,0.0,0.0,0.0,0.0,0.0,0.009345794392523364,0.0,0.0,0.0,0.0,0.0,0.0,0.0,0.0,0.0,0.0,0.0,0.0,0.0,0.0,0.0,0.0,0.0,0.0,0.0,0.94733386496975,0.958654381831487,0.8080591076896304
KH. Cholil Nafis,0.0,0.004784688995215311,0.0,0.0,0.004784688995215311,0.1291866028708134,0.0,0.0,0.05741626794258373,0.0,0.0,0.0,0.0,0.0,0.004784688995215311,0.0,0.004784688995215311,0.0,0.5885167464114832,0.0,0.0,0.0,0.0,0.0,0.0,0.0,0.0,0.0,0.004784688995215311,0.0,0.0,0.0,0.0,0.0,0.0,0.0,0.0,0.0,0.0,0.0,0.0,0.0,0.0,0.0,0.0,0.0,0.0,0.0,0.0,0.0,0.0,0.0,0.0,0.0,0.0,0.0,0.0,0.0,0.0,0.8910433053970337,0.9594161841240558,0.8924515023827553
Hilman Fauzi,0.05045871559633028,0.013761467889908258,0.0,0.0,0.0,0.03669724770642202,0.009174311926605505,0.0045871559633027525,0.1834862385321101,0.03669724770642202,0.0,0.0045871559633027525,0.0,0.013761467889908258,0.027522935779816515,0.0045871559633027525,0.0,0.0045871559633027525,0.11926605504587157,0.0,0.0,0.0,0.0,0.0,0.0,0.0045871559633027525,0.0,0.0,0.0,0.0,0.0,0.009174311926605505,0.0,0.0,0.0,0.0,0.0,0.0,0.0,0.0045871559633027525,0.0,0.013761467889908258,0.0,0.0,0.0,0.0,0.0,0.0,0.0,0.0,0.0,0.0,0.0,0.0,0.0,0.0,0.0,0.0,0.0,0.8810140565037727,0.4490208855846472,0.9261299612060669
Syafiq Riza Basalamah,0.0136986301369863,0.0,0.0,0.0,0.0,0.0319634703196347,0.0,0.0,0.182648401826484,0.0,0.0,0.0,0.0,0.0,0.0319634703196347,0.0,0.365296803652968,0.0045662100456621,0.0045662100456621,0.0,0.0,0.0,0.0,0.0,0.0,0.0,0.0,0.0,0.091324200913242,0.0,0.0,0.0,0.0,0.0,0.0,0.0,0.0,0.0,0.0,0.0,0.0045662100456621,0.0,0.0,0.0,0.0,0.0,0.0,0.0,0.0,0.0,0.0,0.0,0.0,0.0,0.0,0.0,0.0,0.0,0.0,0.9372181381498065,0.3633321512420222,0.9699756029324654
Ernest Prakasa,0.084070796460177,0.07079646017699115,0.0,0.004424778761061947,0.2168141592920354,0.061946902654867256,0.004424778761061947,0.0,0.0,0.0,0.0,0.0,0.0,0.0,0.0,0.0,0.0,0.0,0.0,0.0,0.0,0.0,0.0,0.0,0.0,0.0,0.004424778761061947,0.0,0.0,0.0,0.0,0.0,0.0,0.0,0.0,0.0,0.0,0.0,0.0,0.0,0.0,0.0,0.0,0.0,0.0,0.0,0.0,0.0,0.0,0.0,0.0,0.0,0.0,0.0,0.0,0.0,0.09734513274336283,0.0,0.0,0.9196302978003897,0.9520463706882856,0.921617250751566
Joko Anwar,0.11618257261410789,0.1078838174273859,0.0,0.0,0.012448132780082987,0.012448132780082987,0.12863070539419086,0.008298755186721992,0.0,0.0,0.0,0.0,0.0,0.004149377593360996,0.0,0.0,0.0,0.0,0.0,0.0,0.0,0.0,0.0,0.0,0.0,0.0,0.0,0.0,0.0,0.0,0.0,0.0,0.0,0.0,0.0,0.0,0.0,0.0,0.0,0.0,0.0,0.0,0.004149377593360996,0.0,0.0,0.0,0.0,0.0,0.0,0.0,0.0,0.0,0.0,0.0,0.0,0.0,0.0,0.0,0.0,0.9531650145848592,0.942461009286031,0.9075213756412268
Dandhy Laksono,0.01951219512195122,0.00975609756097561,0.0,0.0,0.0,0.004878048780487805,0.00975609756097561,0.0,0.0,0.0,0.0,0.0,0.0,0.0,0.004878048780487805,0.0,0.0,0.0,0.0,0.0,0.6829268292682927,0.0,0.0,0.0,0.0,0.00975609756097561,0.0,0.0,0.0,0.0,0.0,0.0,0.0,0.0,0.0,0.0,0.0,0.0,0.0,0.0,0.0,0.0,0.0,0.0,0.0,0.0,0.0,0.0,0.0,0.0,0.0,0.0,0.0,0.0,0.0,0.0,0.0,0.0,0.0,0.9406660592556,0.8140694701065452,0.849702042502326
Gina S. Noer,0.3389830508474576,0.1228813559322034,0.00423728813559322,0.0,0.00847457627118644,0.025423728813559324,0.012711864406779662,0.0,0.0,0.0,0.0,0.0,0.0,0.0,0.0,0.0,0.0,0.0,0.0,0.0,0.0,0.0,0.0,0.0,0.0,0.0,0.0,0.0,0.0,0.0,0.0,0.00423728813559322,0.0,0.0,0.0,0.0,0.0,0.0,0.0,0.0,0.0,0.0,0.0,0.0,0.0,0.0,0.0,0.0,0.0,0.0,0.0,0.0,0.0,0.0,0.0,0.0,0.0,0.0,0.0,0.8848669765626683,0.9352562097889004,0.9136652026857649
Remy Sylado,0.3648068669527897,0.012875536480686695,0.0,0.012875536480686695,0.15879828326180256,0.017167381974248927,0.004291845493562232,0.004291845493562232,0.0,0.0,0.0,0.0,0.0,0.0,0.0,0.0,0.0,0.004291845493562232,0.0,0.0,0.0,0.0,0.0,0.0,0.0,0.0,0.0,0.0,0.0,0.0,0.0,0.0,0.0,0.0,0.0,0.0,0.0,0.0,0.0,0.0,0.0,0.0,0.0,0.0,0.0,0.0,0.0,0.0,0.0,0.0,0.0,0.0,0.0,0.0,0.0,0.0,0.0,0.0,0.0,0.8834282595936845,0.9615274258482625,0.9108718729019165
Andrea Hirata,0.14583333333333334,0.06666666666666667,0.1375,0.029166666666666667,0.008333333333333333,0.020833333333333332,0.025,0.0,0.0,0.0,0.0,0.0,0.0,0.0,0.004166666666666667,0.0,0.0,0.020833333333333332,0.0,0.0,0.0,0.0,0.0,0.0,0.008333333333333333,0.0,0.0,0.0,0.0,0.0,0.0,0.0,0.0,0.0,0.0,0.0,0.0,0.0,0.0,0.0,0.0,0.0,0.0,0.0,0.0,0.0,0.0,0.0,0.0,0.0,0.0,0.0,0.0,0.0,0.0,0.0,0.0,0.0,0.0,0.899634851797207,0.7739103529431405,0.9199974064497237
Leila S. Chudori,0.22272727272727272,0.06363636363636363,0.0,0.31363636363636366,0.1409090909090909,0.004545454545454545,0.004545454545454545,0.004545454545454545,0.0,0.0,0.0,0.0,0.0,0.0,0.004545454545454545,0.0,0.0,0.0,0.0,0.0,0.0,0.0,0.0,0.0,0.013636363636363636,0.0,0.0,0.031818181818181815,0.0,0.0,0.0,0.0,0.0,0.0,0.0,0.0,0.0,0.0,0.0,0.004545454545454545,0.0,0.0,0.004545454545454545,0.0,0.0,0.0,0.0,0.0,0.0,0.0,0.0,0.0,0.0,0.0,0.0,0.0,0.0,0.0,0.0,0.8739521900812784,0.8341390470953753,0.9462919244399437
Seno Gumira Ajidarma,0.0752212389380531,0.048672566371681415,0.0,0.008849557522123894,0.09734513274336283,0.035398230088495575,0.004424778761061947,0.0,0.0,0.0,0.0,0.4557522123893805,0.0,0.0,0.0,0.0,0.0,0.0,0.0,0.0,0.0,0.0,0.0,0.0,0.01327433628318584,0.0,0.0,0.0,0.0,0.0,0.0,0.0,0.0,0.0,0.0,0.0,0.0,0.0,0.0,0.0,0.0,0.0,0.0,0.0,0.0,0.0,0.0,0.0,0.0,0.0,0.0,0.0,0.0,0.0,0.0,0.0,0.0,0.0,0.0,0.8778829032724554,0.959291201371413,0.9310825169086456
Wira Nagara,0.09051724137931035,0.02586206896551724,0.0,0.034482758620689655,0.02586206896551724,0.03879310344827586,0.017241379310344827,0.0,0.008620689655172414,0.0,0.0,0.09051724137931035,0.0,0.0,0.008620689655172414,0.0,0.0,0.0,0.0,0.0,0.0,0.0,0.0,0.0,0.11206896551724138,0.02586206896551724,0.0,0.0,0.0,0.0,0.0,0.01293103448275862,0.0,0.0,0.0,0.0,0.0,0.0,0.0,0.0,0.0,0.017241379310344827,0.004310344827586207,0.0,0.004310344827586207,0.0,0.0,0.0,0.0,0.0,0.0,0.0,0.0,0.0,0.0,0.0,0.0,0.0,0.0,0.9269144707255893,0.7181659510842076,0.914492836365333
Pandji Pragiwaksono,0.040892193308550186,0.1524163568773234,0.0,0.0,0.01486988847583643,0.048327137546468404,0.05947955390334572,0.0,0.0,0.0,0.0,0.2527881040892193,0.0,0.0,0.03717472118959108,0.0,0.0,0.0,0.0,0.0,0.0,0.0,0.0,0.0,0.0,0.0,0.0,0.0,0.0,0.0,0.0,0.011152416356877323,0.0037174721189591076,0.0,0.0,0.0,0.0,0.0,0.0,0.0,0.0,0.0,0.0,0.0,0.0,0.0,0.0,0.0,0.0,0.0,0.0,0.0,0.0,0.0,0.0,0.0,0.0,0.0,0.0,0.9481419523557028,0.3934442916682347,0.84094549916886
Windy Ariestanty,0.06451612903225806,0.07258064516129033,0.008064516129032258,0.004032258064516129,0.020161290322580645,0.1532258064516129,0.028225806451612902,0.004032258064516129,0.004032258064516129,0.004032258064516129,0.0,0.004032258064516129,0.0,0.0,0.008064516129032258,0.0,0.0,0.0,0.0,0.0,0.0,0.0,0.0,0.0,0.012096774193548387,0.0,0.0,0.0,0.0,0.0,0.0,0.012096774193548387,0.0,0.004032258064516129,0.0,0.0,0.0,0.0,0.0,0.0,0.0,0.0,0.0,0.0,0.0,0.0,0.0,0.0,0.0,0.0,0.0,0.0,0.0,0.0,0.0,0.0,0.0,0.0,0.0,0.9317069678771787,0.7605727471803364,0.8940013945102692
Intan Paramaditha,0.09956709956709957,0.09523809523809523,0.0,0.025974025974025976,0.04329004329004329,0.030303030303030304,0.0,0.0,0.0,0.0,0.0,0.3463203463203463,0.0,0.0,0.0,0.0,0.0,0.0,0.0,0.0,0.0,0.0,0.0,0.0,0.0,0.0,0.0,0.0,0.0,0.0,0.0,0.0,0.0,0.0,0.0,0.0,0.0,0.0,0.0,0.0,0.0,0.0,0.017316017316017316,0.0,0.0,0.0,0.0,0.0,0.0,0.0,0.0,0.0,0.0,0.0,0.0,0.0,0.0,0.0,0.0,0.878324693441391,0.9573948729129238,0.9181685111101936
Merry Riana,0.04932735426008968,0.06726457399103139,0.008968609865470852,0.013452914798206279,0.04932735426008968,0.1031390134529148,0.053811659192825115,0.0,0.0,0.004484304932735426,0.0,0.0,0.0,0.0,0.0,0.004484304932735426,0.0,0.0,0.0,0.0,0.0,0.0,0.0,0.0,0.19730941704035873,0.0,0.0,0.0,0.0,0.0,0.0,0.004484304932735426,0.0,0.0,0.0,0.0,0.0,0.0,0.0,0.0,0.0,0.0,0.0,0.0,0.0,0.0,0.0,0.0,0.0,0.0,0.0,0.0,0.0,0.0,0.0,0.0,0.0,0.0,0.0,0.9073938415809111,0.957560607320384,0.9194984173490888
