influencer_name,dim_0,dim_1,dim_2,dim_3,dim_4,dim_5,dim_6,dim_7,dim_8,dim_9,dim_10,dim_11,dim_12,dim_13,dim_14,dim_15
Ayu Tingting,-0.32090178,-0.24550901,0.41733935,-0.010958606,-0.20020021,-0.011881329,0.08156702,-0.2552901,0.3753233,0.48390767,0.40680528,0.42814758,0.23165932,-0.23047166,0.4629184,0.028085703
Atta Halilintar,-0.35650155,-0.20879969,0.3422446,0.15630354,-0.15201558,-0.055140138,0.06424295,-0.26517022,0.2819502,0.34433272,0.40554032,0.41473487,0.21409057,-0.18752931,0.68415433,0.0027733846
Prilly Latuconsina,-0.35324052,-0.2632497,0.45869052,-0.009914568,-0.20719384,-0.031448722,0.09611982,-0.27165958,0.39800924,0.49299696,0.43178287,0.45078498,0.24366267,-0.24736683,0.5094808,0.015617041
Raditya Dika,-0.44847456,-0.26353133,0.42258584,0.18652758,-0.17240281,-0.040020514,0.09689542,-0.32951728,0.36817878,0.48792756,0.49419826,0.5090551,0.20575927,-0.25968394,0.86935407,0.016944347
Iqbaal Ramadhan,-0.45500115,-0.24723494,0.40923628,0.18110313,-0.150617,-0.054075345,0.095930986,-0.31897876,0.3671361,0.46314123,0.47846463,0.48998886,0.17792518,-0.25821945,0.8630403,-0.0064588687
Michelle Ziudith,-0.68393475,-0.13254368,-0.15711482,-0.023997266,0.05185819,-0.31914338,-0.4111868,-0.05913587,0.16632485,0.106592484,0.24774277,0.5100563,-0.6197636,-0.59259117,0.7498476,-0.43988028
Chelsea Olivia,-0.44438592,-0.25002027,0.39988723,0.17842907,-0.1434493,-0.038090296,0.09810429,-0.31203997,0.37331104,0.49951088,0.4694992,0.48973364,0.15197489,-0.26177573,0.8670265,0.014952909
Dinda Hauw,-0.4203985,-0.22968526,0.37454703,0.16368939,-0.13090166,-0.05480311,0.08502124,-0.2874814,0.3454451,0.44223297,0.44135556,0.45773798,0.14996907,-0.23948623,0.8087264,-0.00255794
Lyodra Ginting,-0.30588144,-0.21973926,0.3835205,-0.018662248,-0.17517473,-0.04305318,0.07294993,-0.22645627,0.3414383,0.40348044,0.37172905,0.3827329,0.20984384,-0.20868877,0.42050606,-0.008811943
Gisella Anastasia,-0.2830335,-0.21370186,0.3630965,-0.01958877,-0.16634825,-0.017911483,0.071129106,-0.21678568,0.34031564,0.43275937,0.3530107,0.3731367,0.18521284,-0.20599405,0.40355107,0.018510602
Natasha Wilona,-0.48204023,-0.26962233,0.43549633,0.17244497,-0.15136828,-0.061897486,0.10197181,-0.3266818,0.39238378,0.511534,0.5090613,0.52206796,0.16500771,-0.28395748,0.91723603,-0.012410001
Ariel Noah,-0.41989246,-0.23465627,0.39033356,0.18481933,-0.16748525,-0.0522586,0.08429703,-0.31128308,0.33067223,0.40281093,0.4610979,0.46745324,0.22647496,-0.22447386,0.7954917,-0.00063081196
Cinta Laura,-0.4909552,-0.25829434,0.41572878,0.18449515,-0.12806799,-0.04157152,0.10905202,-0.32783005,0.41048336,0.550668,0.49843085,0.51720804,0.11729116,-0.29469693,0.94791365,-0.0015717011
Felicya Angelista,-0.4354625,-0.2313266,0.36742955,0.173189,-0.108762406,-0.034009613,0.099455394,-0.290129,0.37512392,0.508154,0.4351505,0.4626387,0.08952455,-0.2591728,0.86168885,0.016898904
Indra Bekti,-0.44364092,-0.23598437,0.38620242,0.16989161,-0.12721685,-0.06048968,0.09397249,-0.2964111,0.361836,0.45752376,0.45281854,0.46857354,0.1386103,-0.2510543,0.8488859,-0.0100181475
Rizky Febian,-0.38579732,-0.2039032,0.3503825,0.15349619,-0.13732421,-0.08435069,0.067561276,-0.26551464,0.2905196,0.31962973,0.41097414,0.41297933,0.19903313,-0.19500555,0.7104792,-0.034201656
Tasya Kamila,-0.40762162,-0.22151858,0.36196238,0.1616803,-0.13041109,-0.058717426,0.07900484,-0.27930415,0.3308809,0.41609955,0.43151683,0.44550976,0.15934621,-0.22610788,0.7826626,-0.006002727
Alexa Belvana,-0.66524976,-0.17358908,-0.0912334,-0.034749668,0.08299848,-0.28600988,-0.16570598,-0.027389223,0.17196983,0.004474663,0.18913274,0.34994617,-0.6003072,-0.4950205,0.7528254,-0.46183506
Ayla Dimitri,-0.41576573,-0.46116003,0.42457464,0.03651987,-0.40245184,-0.08467932,0.08684108,-0.35266924,0.3513547,0.6743433,0.5329163,0.5437428,0.117344886,-0.25606483,0.7814982,-0.03148121
Valerie Pola,-0.26312494,-0.12736025,-0.025932476,-0.010876706,-0.016087754,-0.22965156,-0.14499736,-0.009979632,0.16323322,0.03521639,-0.049722333,0.25037044,-0.33250213,-0.18881916,0.35819465,0.0043684035
Sarah Gabriella Tumiwa,-0.38593027,-0.38308397,0.38842288,0.050094977,-0.33415145,-0.103924416,0.09535871,-0.32570603,0.30438438,0.5351489,0.4684016,0.44907013,0.107111536,-0.24566379,0.70306844,-0.06512164
Tiffany Regina,-0.42002535,-0.44409958,0.33667558,0.044697277,-0.3543469,-0.061412506,0.019866195,-0.27307108,0.35767728,0.6774282,0.49730325,0.60631,0.08192943,-0.18538621,0.7930455,-0.0046061086
Vili Su,-0.41508025,-0.42999595,0.4228659,0.044669002,-0.37390456,-0.09543131,0.0989224,-0.35083786,0.3372699,0.6154058,0.51469827,0.5066605,0.11494276,-0.26447636,0.76027685,-0.05683031
Claradevi,-0.38400587,-0.40024617,0.30098337,0.03954546,-0.29908672,-0.06950398,0.017298749,-0.23366712,0.3420426,0.6238496,0.4456532,0.5501502,0.045316722,-0.17078198,0.7395299,-0.0062234974
Yumi Kwandy,-0.43350464,-0.42751312,0.4289793,0.05805715,-0.36222067,-0.086121485,0.11311958,-0.36307532,0.35078365,0.63816416,0.51616126,0.5094087,0.08828806,-0.28454375,0.79642504,-0.059121337
Fadhilah Razak,-0.15801361,-0.08222187,-0.0066772746,-0.023322493,-0.017009417,-0.10344293,-0.03494963,-0.019425375,0.114619195,0.024447177,-0.041313987,0.12467943,-0.19584112,-0.10690417,0.18882607,0.011675359
Jessica Charis,-0.43802986,-0.41688082,0.42524278,0.061897777,-0.33871338,-0.077350564,0.12233397,-0.36079365,0.3607225,0.65412164,0.50544655,0.50111943,0.05352283,-0.29872906,0.81024307,-0.05836249
Evelyn Ramli,-0.3813942,-0.41168842,0.30949113,0.036467448,-0.32717687,-0.07697252,0.010492665,-0.23846424,0.33087948,0.5971845,0.45588195,0.55716664,0.08784604,-0.15621603,0.71787953,-0.0107233105
Aurel Oriana,-0.17182136,-0.11031387,-0.0320437,0.007943571,-0.026150709,-0.24205136,-0.24789236,0.029681267,0.053130385,0.05513115,-0.003026204,0.25169602,-0.259595,-0.15819484,0.31918496,0.0048725484
Angel Tamara,-0.44029963,-0.45757234,0.43382362,0.046223678,-0.3807225,-0.06959062,0.10971917,-0.3664911,0.37643307,0.7166465,0.5334973,0.5449985,0.0672779,-0.28985164,0.82612646,-0.03860003
Calista Cherrie,-0.78659135,-0.11961958,-0.18369159,-0.012662212,0.0884956,-0.3353659,-0.4108495,-0.07021267,0.19916418,0.098170415,0.2577371,0.52690434,-0.7040355,-0.6548108,0.83703065,-0.5152009
Shalfa Putri Raihan,-0.38762733,-0.36017966,0.37601435,0.05646032,-0.29097334,-0.08294552,0.11433207,-0.318302,0.31580994,0.55966145,0.4364326,0.42663103,0.041599926,-0.26155677,0.7170281,-0.05722864
Sarah Ayu,-0.4207487,-0.43176308,0.32776624,0.046010815,-0.32736525,-0.05587327,0.025623811,-0.26659,0.36654052,0.6956666,0.48622173,0.5970993,0.044459224,-0.19686976,0.8069436,-0.0028470403
Agustina Hermanto,-0.4398704,-0.41440964,0.42505446,0.062282037,-0.33370298,-0.0749513,0.12397258,-0.36078992,0.36296937,0.65747666,0.5041204,0.4994956,0.047004092,-0.30286038,0.81310695,-0.05824682
Najwa Shihab,-0.40116647,-0.20999901,0.33911467,0.16276403,-0.10620816,-0.036749575,0.08393459,-0.2704903,0.3438827,0.45333368,0.40833634,0.43150693,0.10486577,-0.23232868,0.78720367,0.010796651
Dewi Lestari,-0.43091398,-0.23624581,0.37707135,0.17208834,-0.13033012,-0.036824726,0.0870708,-0.29831797,0.3631589,0.4917779,0.457733,0.47820678,0.14018433,-0.25526437,0.8451921,0.013114893
Brian Febrian,-0.42216474,-0.2155409,0.35155505,0.17097753,-0.106875785,-0.03844952,0.089247584,-0.28288412,0.35740963,0.46855393,0.42395687,0.4458985,0.1037331,-0.24465111,0.82318974,0.0061887065
Najelaa Shihab,-0.4131577,-0.21261495,0.35103452,0.1625884,-0.11719588,-0.058477767,0.08123881,-0.27606073,0.33730865,0.41651648,0.42428347,0.43713602,0.13878153,-0.22665896,0.7873972,-0.013663833
Gede Prama,-0.3324031,-0.16489784,0.30239728,0.12956536,-0.101093896,-0.07149191,0.0740266,-0.22879194,0.23669733,0.26943836,0.35960168,0.33836818,0.17710292,-0.17111956,0.62600464,-0.033037946
Gitasav,-0.41576275,-0.21044455,0.35951954,0.16681816,-0.12232754,-0.060079195,0.084798604,-0.28381866,0.33061022,0.39936695,0.4288308,0.43396965,0.15742064,-0.22631149,0.7850771,-0.018115416
Alya Nurshabrina,-0.41232097,-0.20895913,0.35747185,0.16677625,-0.12306224,-0.060812455,0.08393337,-0.2822808,0.32676813,0.3924346,0.42574614,0.4306602,0.16020115,-0.22291923,0.77824813,-0.018087417
Reza Aditya,-0.41647768,-0.21133454,0.35157105,0.16630842,-0.11190574,-0.051387638,0.08475182,-0.27884564,0.3437274,0.43093726,0.42033562,0.4367763,0.12325439,-0.2336405,0.79747546,-0.007428676
Felix Siauw,-0.41086316,-0.21686685,0.36247054,0.17275955,-0.13718906,-0.056288257,0.08151105,-0.2883963,0.3285602,0.39785993,0.4323032,0.44188496,0.17685436,-0.22042826,0.77884656,-0.009086323
Nadia Mulya,-0.36925822,-0.18866372,0.31722564,0.15102687,-0.100791514,-0.0513867,0.0741097,-0.24897194,0.30300018,0.3793013,0.37828818,0.39219752,0.12186457,-0.20420817,0.716401,-0.0027772016
Luna Vidya,-0.3723341,-0.18450673,0.32627305,0.15027231,-0.103865184,-0.061681513,0.08045917,-0.25391185,0.2876505,0.3450389,0.38641068,0.38256365,0.15042771,-0.20018755,0.7110713,-0.018236095
Agustinus Wibowo,-0.39876336,-0.21091571,0.33321208,0.15654925,-0.09669602,-0.032674946,0.07947145,-0.26376143,0.34756148,0.47935206,0.4089667,0.4370913,0.084837586,-0.24024685,0.7965536,0.01774109
Rara Sekar,-0.49117336,-0.2799765,0.44722196,0.19945818,-0.17005067,-0.026486622,0.11494968,-0.35559243,0.41184315,0.5584733,0.5256138,0.5421,0.18024363,-0.2944181,0.9510422,0.018979473
Isyana Sarasvati,-0.40140995,-0.2011841,0.33334625,0.16016676,-0.100580916,-0.040629864,0.081407025,-0.26798674,0.33963704,0.43646917,0.40403286,0.4230116,0.10312683,-0.23057294,0.7750457,-0.001102716
Vidi Aldiano,-0.45049846,-0.23795661,0.38856104,0.17771079,-0.13074303,-0.042281546,0.096596286,-0.30872062,0.37569314,0.48787954,0.46448824,0.480538,0.13882045,-0.26114818,0.86486995,-0.00037858536
Helga Angelina,-0.45797282,-0.25240082,0.40895727,0.17556919,-0.16354495,-0.023685817,0.099916294,-0.333735,0.40052867,0.5329567,0.4787415,0.5013334,0.17250781,-0.26066655,0.8653282,0.035029273
Melati Wijsen,-0.43856117,-0.23617537,0.39108607,0.16662647,-0.16048731,-0.04048608,0.088975854,-0.3170843,0.3758094,0.4736283,0.458005,0.4749498,0.18778126,-0.2365861,0.8128954,0.02062784
Anindya Kusuma,-0.4713701,-0.26821092,0.42385375,0.18744439,-0.15503265,-0.02513146,0.10693019,-0.33576727,0.4018475,0.5527346,0.50479144,0.52429724,0.1584867,-0.28554204,0.9205781,0.020929487
Eva Bande,-0.473733,-0.22998175,0.37808922,0.14069714,-0.16537254,0.014261316,0.10759461,-0.34117103,0.42684266,0.5935181,0.4198917,0.47558224,0.116826504,-0.2316524,0.82236534,0.07349705
Zahra Muzdalifah,-0.40766373,-0.20900919,0.3496331,0.17079675,-0.1248167,-0.04335034,0.0803125,-0.28461283,0.33591273,0.41849837,0.4248068,0.43724993,0.15215498,-0.22575538,0.77676535,-0.0036767162
Sarwendah,-0.44895527,-0.2357739,0.38134575,0.17900819,-0.11882014,-0.03383693,0.10227521,-0.3042418,0.38251784,0.5082202,0.45136875,0.4739318,0.10783374,-0.26537013,0.8740899,0.010093503
Cut Meyriska,-0.45082828,-0.24090444,0.3857726,0.17746952,-0.1203994,-0.029091151,0.103069834,-0.30655038,0.38834345,0.5261042,0.45735762,0.48165798,0.10494834,-0.27163896,0.8824184,0.01510455
Danu Alqamara,-0.43216804,-0.23934379,0.37719426,0.17129175,-0.121393345,-0.026444681,0.09763821,-0.29648152,0.3766515,0.5206011,0.44658267,0.4740307,0.106909044,-0.26290756,0.8574208,0.02463039
Donna Harun,-0.4605219,-0.24928701,0.40071678,0.1853415,-0.13402258,-0.029436301,0.106310844,-0.31964093,0.39188623,0.5269066,0.47286806,0.49451765,0.12777542,-0.2746885,0.8972684,0.015395336
Rian Fahardhi,-0.4568407,-0.25725612,0.41512677,0.18216945,-0.15459743,-0.045545693,0.09929834,-0.32266194,0.37599778,0.49311426,0.48672265,0.5022336,0.17449649,-0.26508564,0.88070905,0.0064643114
Nona Berlian Sakina,-0.39967716,-0.22727749,0.3655455,0.1659764,-0.13977504,-0.041239753,0.080702275,-0.28546447,0.33359745,0.43829447,0.43360245,0.45192042,0.16568601,-0.22868487,0.7806465,0.014246282
Henjiwong,-0.5913092,-0.33812386,0.5169248,0.22167586,-0.16563317,0.020915965,0.17174736,-0.4172115,0.5289372,0.7806952,0.60173416,0.63194877,0.08918006,-0.3936666,1.1635711,0.038918663
Anakjajan,-0.5598661,-0.31915364,0.50129443,0.21673486,-0.1801574,-0.0067107654,0.14704071,-0.40195578,0.48051187,0.67500335,0.58708376,0.6053517,0.15649469,-0.35209244,1.0829065,0.022429397
Kuliner Koko,-0.54473364,-0.31188366,0.49185356,0.21605916,-0.18112688,-0.010981038,0.14084023,-0.39397463,0.46410993,0.6469691,0.5739724,0.59218,0.1670352,-0.33815366,1.0555278,0.024477012
Susan Theresia,-0.55811584,-0.3175167,0.49891746,0.21678452,-0.1787104,-0.0068841698,0.14675747,-0.4003575,0.47901288,0.672314,0.584023,0.6026011,0.1547035,-0.35047972,1.0801575,0.022755854
Agakenyang,-0.5501685,-0.30935585,0.48080653,0.20658757,-0.1552046,-1.2356221e-05,0.14789641,-0.38424626,0.4842867,0.6942739,0.562727,0.5884862,0.105088785,-0.35507652,1.0757613,0.027576433
Ayoe Widya,-0.55159175,-0.30875215,0.48102716,0.20696694,-0.15553938,-0.0013006032,0.14749849,-0.3849765,0.48419026,0.6913617,0.56411934,0.58878005,0.10746286,-0.35477555,1.0759554,0.0251524
Syifa Hadju,-0.67694885,-0.15874182,-0.12747452,-0.028893469,0.06574318,-0.3093048,-0.32128727,-0.039582755,0.16969433,0.082635954,0.23211654,0.4655429,-0.61871994,-0.55883765,0.7686968,-0.44629163
Greysia Polii,-0.30698368,-0.14130944,0.0019481218,0.019444298,-0.030336501,-0.22709957,-0.11793907,-0.07433452,0.19107553,0.011702507,-0.04454827,0.24265622,-0.340689,-0.2556645,0.4486957,0.06243356
Apriyani Rahayu,-0.3352965,-0.2128377,0.30284387,0.11432073,-0.12649728,-0.067237265,0.07099937,-0.22772484,0.2712522,0.36947063,0.3833562,0.38165143,0.13008158,-0.18193465,0.6679335,-0.02642314
Liliyana Natsir,-0.30434293,-0.13433878,0.0038840093,0.0171362,-0.027974261,-0.20547873,-0.08728721,-0.08383383,0.20140813,0.005845401,-0.048509013,0.22313942,-0.3289256,-0.24914338,0.4290214,0.063710526
Rio Haryanto,-0.36614433,-0.20554644,0.33136934,0.15758921,-0.123026766,-0.03335304,0.072943226,-0.2619545,0.31233236,0.41375998,0.39373195,0.41621482,0.14213751,-0.21024983,0.72404397,0.021737391
Anthony Ginting,-0.33060002,-0.2204591,0.2998083,0.105597004,-0.1263089,-0.06793012,0.075487085,-0.2219257,0.2690987,0.3829496,0.3823603,0.37915403,0.11507947,-0.1825791,0.67021006,-0.028023541
Jonatan Christie,-0.3345321,-0.2148407,0.3032987,0.11346053,-0.12683617,-0.06625456,0.07192973,-0.227292,0.27184883,0.37438437,0.38332847,0.3823662,0.12730896,-0.1827841,0.66973126,-0.024482952
Kevin Sanjaya,-0.37737903,-0.20449887,0.33954027,0.15718777,-0.13351823,-0.052298814,0.06783883,-0.26823333,0.30526504,0.37519738,0.411092,0.42115676,0.1787656,-0.2044144,0.71855915,-0.005370182
Marcus Gideon,-0.34290296,-0.18957429,0.3073988,0.13971433,-0.12055154,-0.05688586,0.061814047,-0.24000704,0.2771192,0.34157673,0.37436128,0.38303095,0.15623148,-0.18236776,0.65984046,-0.010385662
Rizki Amelia,-0.350762,-0.2342529,0.32088587,0.12043327,-0.14015776,-0.056375556,0.07947008,-0.2439999,0.29306942,0.42063576,0.40801403,0.40897596,0.12989482,-0.19732635,0.7118585,-0.013664823
Eko Yuli Irawan,-0.2828818,-0.12967558,0.0010237992,0.02504199,-0.030769497,-0.23355159,-0.1777407,-0.047815233,0.1355611,0.017649394,-0.016507626,0.2460056,-0.30870056,-0.24718344,0.42705345,0.04009843
Diananda Choirunisa,-0.37088874,-0.1939819,0.31852365,0.15347818,-0.106993206,-0.03935388,0.07116771,-0.25466454,0.31490898,0.40514496,0.3861769,0.4058588,0.1216862,-0.21003506,0.7220835,0.0065972856
Indra Sjafri,-0.44158027,-0.24214159,0.3850812,0.18488409,-0.13339865,-0.015864443,0.10119577,-0.313501,0.383977,0.52804136,0.4611367,0.48523852,0.12776911,-0.26627597,0.87128145,0.028725876
Wahyu Nayaka,-0.35033494,-0.23019014,0.31878346,0.1239879,-0.13534014,-0.052924916,0.079604186,-0.243642,0.29480729,0.42244524,0.40226215,0.4064215,0.12381453,-0.19813824,0.71317303,-0.007875821
Ahsan Hendra,-0.34403768,-0.2419951,0.31520203,0.10956278,-0.13975035,-0.05796271,0.082760245,-0.23587959,0.29105347,0.43427244,0.40538654,0.40515837,0.11227746,-0.19610049,0.71067214,-0.015906332
Aprilia Manganang,-0.38326365,-0.21667153,0.3491233,0.16777395,-0.13794158,-0.031546175,0.07691242,-0.27999064,0.3233848,0.42635944,0.41897884,0.43764722,0.1669643,-0.217847,0.75267464,0.021303756
Zohri Lalu,-0.7190468,-0.17909329,-0.104191676,-0.023097845,0.07362534,-0.297094,-0.21206339,-0.049692135,0.18084861,0.016175918,0.22045913,0.39379588,-0.6309483,-0.5434872,0.8105679,-0.48631692
Bryan Domani,-0.3942587,-0.20356977,0.33474088,0.15529679,-0.10742616,-0.051338766,0.07683198,-0.262823,0.3287405,0.4152613,0.40385568,0.4212366,0.12038137,-0.22110476,0.7595074,-0.0053691906
Yasa Singgih,-0.47462302,-0.24808165,0.39525464,0.18820223,-0.11623725,-0.02057512,0.112369776,-0.32047203,0.41104367,0.566859,0.4734843,0.4997773,0.08765411,-0.29057324,0.9333307,0.018729815
Andhika Diskartes,-0.43283945,-0.23757055,0.38677332,0.18798673,-0.14634988,-0.034442548,0.09123833,-0.3123489,0.35689777,0.47105822,0.4607873,0.47871456,0.17056525,-0.2488069,0.8442331,0.01763605
Raden Rauf,-0.46434566,-0.23201872,0.3807169,0.18451878,-0.11190769,-0.034679253,0.10664456,-0.3099275,0.39338124,0.5124052,0.45604795,0.47553304,0.097833216,-0.27121094,0.8938165,3.273873e-05
Sandy Firmansyah,-0.60778517,-0.6587595,0.530005,-1.2627285,0.20704538,-0.7678564,0.7875131,-0.007832648,1.1365837,0.52275145,-0.4090678,-0.6106004,-1.1190107,-0.9641592,1.4207419,1.1431239
Jouska,-0.43692374,-0.23561187,0.38186103,0.18643749,-0.13488957,-0.030586088,0.094242886,-0.30927423,0.3659369,0.48947477,0.45614392,0.477158,0.14501111,-0.2554649,0.8562671,0.019164981
Fellexandro Ruby,-0.45764711,-0.23548897,0.3919538,0.19093774,-0.13800552,-0.0452946,0.10058286,-0.31840187,0.37298506,0.4659771,0.46678424,0.47844923,0.15785773,-0.25480497,0.86964923,-0.0052136797
Denny Santoso,-0.6708382,-0.13456126,-0.15164371,-0.0033647527,0.027699297,-0.32171035,-0.41275325,-0.065751195,0.1657868,0.08880125,0.23588377,0.49847332,-0.587027,-0.5587782,0.7334237,-0.4187305
Vincent Raditya,-0.4621623,-0.23895137,0.39706114,0.19118817,-0.14034149,-0.040571578,0.1011104,-0.32341018,0.37945506,0.4802807,0.47481516,0.4865329,0.15857685,-0.26153043,0.8781387,-0.0032609901
Christian Sugiono,-0.64553946,-0.2363416,0.3465959,0.03545711,-0.01657401,-0.1989027,0.045317736,-0.24670999,0.4799727,0.52269983,0.6590853,0.60550165,0.037450735,-0.35293585,1.0164016,-0.35131118
Hanifa Ambadar,-1.7282146,0.11823142,0.20561832,-1.234652,0.22459343,0.13641442,-1.1297487,0.2544967,0.5164305,0.66403127,0.19514185,0.21257463,-1.2763922,-1.2761422,1.4788173,0.03977645
Rendy Saputra,-0.46320283,-0.23094878,0.37902325,0.18468411,-0.110742524,-0.034675628,0.10677219,-0.30879885,0.39252728,0.51089245,0.45362532,0.47345597,0.095950514,-0.2701245,0.8922972,0.00043171062
Agung Hapsah,-0.6383746,-0.21290113,0.3191229,0.00468725,0.0077135973,-0.2645002,0.019736627,-0.20784745,0.44596058,0.423431,0.6467144,0.5785122,0.040683296,-0.32337317,0.9687809,-0.42034206
Irfan Amalee,-0.52240723,-0.27633604,0.43866768,0.19752026,-0.13277502,-0.014336842,0.12847872,-0.3554073,0.45249218,0.6294936,0.5264935,0.5485394,0.0972402,-0.3270123,1.0137739,0.012239708
Sibungbung,-0.50010127,-0.27307656,0.42800373,0.19505365,-0.13128135,-0.008598024,0.12721546,-0.34404734,0.4399358,0.6227964,0.50451016,0.53309184,0.0901237,-0.31572506,0.9870209,0.029007643
Nana Koot,-0.5085249,-0.27990308,0.4404029,0.19758463,-0.14218672,-0.010916312,0.12798981,-0.35356393,0.44332194,0.62265813,0.5199745,0.544849,0.110073246,-0.31896213,0.9960662,0.024747737
Vindy Lee,-0.48916832,-0.2666442,0.43176734,0.2062171,-0.15859161,-0.021217791,0.11742822,-0.35283285,0.41121513,0.54914206,0.5092591,0.52597743,0.16351895,-0.28917426,0.94483924,0.018362883
Chef Arnold,-0.49042284,-0.2682515,0.43296722,0.20671389,-0.15787268,-0.019473217,0.11872342,-0.35351554,0.41364473,0.55629027,0.5098154,0.5278545,0.15940236,-0.29167303,0.9502674,0.020953791
Farah Quinn,-0.49265528,-0.2687201,0.4344279,0.20598383,-0.15855533,-0.02024954,0.11847977,-0.35468924,0.41515628,0.5566002,0.51293314,0.5297785,0.16134106,-0.29285863,0.9514794,0.0182334
William Gozali,-0.49526185,-0.2700405,0.43431193,0.20577471,-0.15424722,-0.016960781,0.12104252,-0.35444635,0.42076862,0.57054,0.5121168,0.5313341,0.1486175,-0.29781413,0.96096504,0.021428496
Chandra Yudasswara,-0.4919461,-0.27068618,0.436224,0.20861451,-0.16102645,-0.017922293,0.11940289,-0.35657933,0.41488934,0.55998737,0.5134969,0.5316404,0.16361667,-0.29310048,0.9544823,0.023132073
Devina Hermawan,-0.4916716,-0.25913692,0.4121641,0.19565335,-0.123648,-0.007900869,0.12395997,-0.33763975,0.43229213,0.6010221,0.48934796,0.515954,0.08546462,-0.30591318,0.9640009,0.024304098
Yuda Bustara,-0.4993066,-0.26981333,0.43127418,0.20339236,-0.14457346,-0.012374234,0.124446176,-0.35214534,0.4301561,0.5910599,0.50933033,0.53147876,0.12484936,-0.3053982,0.9728623,0.023193689
Tasya Farasya,-0.4680166,-0.2709565,0.4240539,0.18069953,-0.14782648,-0.026404096,0.10870718,-0.3282842,0.4031666,0.5644278,0.49660075,0.5214942,0.13767168,-0.2895436,0.9228856,0.025787216
Bara Pattiradjawane,-0.4933612,-0.26238105,0.41551337,0.19792338,-0.12573469,-0.0047782967,0.12565637,-0.34062582,0.43491113,0.6098917,0.49224466,0.5202519,0.085500486,-0.3088259,0.97149485,0.028956387
My Fun FooDiary,-0.50757104,-0.2789994,0.43902063,0.19768018,-0.14126824,-0.010952299,0.12797876,-0.35264096,0.4425676,0.62132615,0.51809204,0.5432126,0.10872138,-0.3180706,0.9947205,0.025025152
Kadek Arini,-0.4957125,-0.2836453,0.44666046,0.19679849,-0.15592216,-0.017458212,0.123578236,-0.35209358,0.42685917,0.59738916,0.51745385,0.5423924,0.13773972,-0.30797118,0.9738476,0.029685088
Vina Muliana,-0.65244627,-0.14481793,-0.12085057,-0.023692077,0.056762416,-0.31263402,-0.3066934,-0.03867141,0.1842909,0.042754784,0.19703965,0.4318473,-0.5817508,-0.5171909,0.7118505,-0.4199566
Marischka Prudence,-0.49438068,-0.2857032,0.45166168,0.20007926,-0.16555178,-0.020404419,0.1219735,-0.35617864,0.4209295,0.58371896,0.5222431,0.544818,0.15881202,-0.3030934,0.96839476,0.029197488
Trinity Traveler,-0.4914437,-0.27693844,0.43379983,0.19201198,-0.14045164,-0.013802752,0.12440119,-0.34219515,0.42973506,0.6077123,0.5032137,0.5320546,0.10711678,-0.30949512,0.9714197,0.031650357
Adrian Maulana,-0.49088433,-0.28919232,0.4580602,0.20299551,-0.17780364,-0.022837114,0.11972801,-0.3604704,0.41336375,0.569773,0.5276937,0.5482468,0.18394248,-0.2975068,0.9603166,0.030818187
Backpacker Tampan,-0.49377006,-0.28169888,0.4411361,0.19435796,-0.14791894,-0.014067694,0.1250408,-0.34735072,0.42992753,0.6079576,0.51030535,0.5383094,0.11938457,-0.31032136,0.9754912,0.03302782
Mira Lesmana,-0.48076218,-0.26191026,0.41902223,0.19290465,-0.13777703,-0.038120322,0.112228125,-0.32980683,0.40067217,0.54153395,0.48985794,0.51286465,0.12970883,-0.28630632,0.94118875,0.014317943
Oki Setiana Dewi,-0.42196918,-0.24212617,0.39048934,0.17773002,-0.15141419,-0.049697842,0.09085529,-0.30168167,0.34366387,0.44432262,0.4519243,0.469617,0.1798187,-0.23714958,0.821916,0.012663193
Jess no Limit,-0.42395255,-0.23601998,0.37258676,0.16426353,-0.12522121,-0.028535856,0.08862876,-0.29266146,0.36849067,0.5078624,0.45020148,0.47369143,0.1227439,-0.25769794,0.8352325,0.018772276
Frost Diamond,-0.4490623,-0.24085274,0.39373258,0.1695845,-0.13310502,-0.06026891,0.093079634,-0.30202892,0.36581242,0.46436015,0.46492064,0.47873518,0.14890794,-0.25571477,0.85608995,-0.011919043
MiawAug,-0.49326733,-0.27184317,0.4350755,0.17975275,-0.14429224,-0.05003989,0.10948577,-0.33289883,0.4088686,0.5456767,0.512616,0.52921766,0.14280389,-0.29541466,0.94782877,-0.004192446
Windah Basudara,-0.44921333,-0.24510372,0.39753154,0.17022312,-0.13510734,-0.05752274,0.09400106,-0.30363375,0.36774975,0.47502086,0.46749312,0.4836102,0.148009,-0.25899512,0.86277467,-0.005798513
Jonathan Liandi,-0.4235707,-0.23752756,0.37602678,0.16612399,-0.13138711,-0.030741379,0.087845676,-0.29533082,0.3648862,0.49903297,0.4536443,0.47538185,0.13616596,-0.2547608,0.8320855,0.017686386
BTR Zuxxy,-0.2552055,-0.11850307,-0.024066348,-0.014496733,-0.013477293,-0.20587128,-0.11507905,-0.017590553,0.16957049,0.029693682,-0.052348103,0.22812751,-0.31591585,-0.1789283,0.33148503,0.0044433787
EVOS Reza,-0.7013492,-0.15834564,-0.09584313,-0.023479322,0.12014342,-0.27015868,-0.12383636,-0.04300997,0.15409625,-0.015935201,0.20693605,0.31951323,-0.62807584,-0.5207103,0.8183553,-0.49708486
Donkey,-0.48360914,-0.2629709,0.42308813,0.18069212,-0.13935085,-0.044587847,0.10811958,-0.3280576,0.40364045,0.5371527,0.49917042,0.51663524,0.13635768,-0.2888536,0.9301892,-0.0008388282
Kayes,-0.45435092,-0.24760787,0.40320528,0.17311953,-0.14069203,-0.058852136,0.09475572,-0.30927235,0.36934635,0.47243562,0.47517934,0.48883328,0.15936445,-0.25975165,0.8678821,-0.008773797
Xinn,-0.44755515,-0.24365595,0.39366353,0.18077657,-0.14297801,-0.03273034,0.09472519,-0.31621355,0.37657532,0.49896815,0.47589025,0.49134463,0.15849252,-0.26209128,0.8638415,0.00885871
Oura Gaming,-0.42048025,-0.23244673,0.3838975,0.16798419,-0.14810605,-0.061304282,0.081704505,-0.2956695,0.3354181,0.41509783,0.4528791,0.46266463,0.1895841,-0.2319171,0.7975654,-0.009336546
BTR Luxxy,-0.45392972,-0.24567743,0.38743642,0.16996694,-0.11787796,-0.022739094,0.10096106,-0.30647346,0.39879736,0.55560696,0.46789715,0.4932587,0.09526621,-0.2825214,0.8918946,0.016990282
Leokoce,-0.43468478,-0.24157697,0.39569688,0.17085077,-0.14817347,-0.064050116,0.087097056,-0.3017686,0.34675452,0.4347847,0.46366045,0.47538772,0.18277872,-0.24231619,0.8288796,-0.008527364
Sarah Viloid,-0.43638384,-0.24228245,0.3985813,0.17326893,-0.15311158,-0.06559298,0.086999446,-0.30525658,0.3452688,0.42748722,0.46770683,0.4771485,0.19413958,-0.24038579,0.82800263,-0.011036155
Rekt,-0.45271775,-0.24471542,0.3937354,0.17991138,-0.1371503,-0.029648114,0.09735515,-0.31639022,0.38483337,0.5156359,0.47671753,0.494065,0.14325386,-0.26894212,0.8762973,0.010045997
Hanan Attaki,-0.39733502,-0.20896482,0.341871,0.16270956,-0.11374153,-0.0464775,0.0815294,-0.27002826,0.33205736,0.42358792,0.40733066,0.42662507,0.12573653,-0.22309211,0.77128124,0.0032600337
Adi Hidayat,-0.39153013,-0.21130311,0.3485333,0.16577682,-0.13069677,-0.051901706,0.077965446,-0.27492514,0.31828198,0.3945935,0.41347292,0.4276704,0.16361503,-0.21263844,0.75305367,0.0002515953
Abdul Somad,-0.39996204,-0.21165547,0.3454604,0.16494226,-0.11639064,-0.044730105,0.08293677,-0.27344486,0.3346767,0.42892668,0.41116902,0.43071914,0.12842004,-0.22514299,0.77763873,0.005490753
Gus Baha,-0.34667242,-0.19839981,0.32130525,0.15757784,-0.13291618,-0.036870886,0.06673344,-0.2561675,0.28880742,0.3710928,0.383471,0.4011437,0.17178118,-0.18949322,0.6823367,0.019538408
Yusuf Mansur,-0.39112464,-0.21237439,0.34972665,0.16738765,-0.13283904,-0.05044615,0.07856148,-0.27643126,0.31813094,0.39548212,0.41419294,0.4286719,0.16650228,-0.21232365,0.7537458,0.002579026
Salim A. Fillah,-0.3964568,-0.20816973,0.3405703,0.16285004,-0.11284743,-0.046406683,0.08169696,-0.2691771,0.33144414,0.4225385,0.40543348,0.42500648,0.12419349,-0.2222762,0.7701522,0.00361307
Habib Jindan,-0.5214687,-0.2240378,-0.024511827,-0.57875454,-0.107492,-0.086715646,0.13301386,0.19674005,0.16253312,0.15008739,-0.12974715,-0.17755473,-0.5388924,0.12767619,0.49607205,-0.21607526
Habib Novel Alaydrus,-0.8298732,-0.7382386,0.58532506,-1.4371779,0.27908787,-0.8646482,0.93646526,0.009997096,1.4248338,0.51503134,-0.48444176,-0.6371112,-1.2944784,-1.1520718,1.6654557,1.2144527
Buya Yahya,-0.3508031,-0.19231519,0.30837843,0.15279262,-0.10856713,-0.030177772,0.06990301,-0.2468737,0.30423886,0.40426776,0.37094867,0.39559066,0.120277524,-0.20038086,0.69974023,0.023384634
Habib Rizieq,-0.35763356,-0.18173604,0.29755792,0.14922209,-0.09133054,-0.039041203,0.07004383,-0.23926935,0.30730388,0.39439118,0.3616896,0.3843593,0.09626237,-0.20066066,0.7021644,0.0076128067
KH. Cholil Nafis,-0.4171894,-0.22689122,0.3719117,0.17546967,-0.13876723,-0.044135336,0.086767435,-0.2955629,0.34318638,0.437682,0.4408963,0.45620748,0.16521281,-0.2339316,0.8042995,0.00592146
Hilman Fauzi,-0.379843,-0.20874836,0.3465231,0.16464603,-0.13957895,-0.05561711,0.07330096,-0.2725941,0.3028222,0.36672437,0.40974018,0.42072272,0.18670347,-0.20100774,0.7262139,-0.0018208701
Syafiq Riza Basalamah,-0.38652155,-0.21133672,0.3489049,0.16699022,-0.13632394,-0.051942043,0.07670884,-0.27550903,0.312034,0.3844291,0.41268972,0.4259147,0.17561428,-0.20769396,0.74319226,0.0017750004
Ernest Prakasa,-0.40806967,-0.23309541,0.36784047,0.1613104,-0.12537047,-0.036073554,0.087237306,-0.282033,0.35124564,0.48084322,0.431356,0.45778337,0.12441339,-0.24481076,0.8102673,0.022494785
Joko Anwar,-0.4872096,-0.2724759,0.4656944,0.1984172,-0.09524479,-0.0057434426,0.15291516,-0.31272063,0.41035953,0.55748713,0.5166583,0.55423313,0.12812227,-0.3104057,0.9815186,-0.016581219
Dandhy Laksono,-0.46480426,-0.24295367,0.3890664,0.1813692,-0.11569308,-0.027939579,0.10870468,-0.3119305,0.40098795,0.54211605,0.4640017,0.48793438,0.09302352,-0.28003743,0.9072954,0.011624347
Gina S. Noer,-0.49163872,-0.27319565,0.4674755,0.1977707,-0.09261479,-0.005579624,0.15429658,-0.31338146,0.41472143,0.5630621,0.5201331,0.5573139,0.12405737,-0.31402618,0.98856574,-0.019782206
Remy Sylado,-0.3611523,-0.20979251,0.33694544,0.14958023,-0.13617678,-0.050009787,0.06557843,-0.2587761,0.2971578,0.38124144,0.40361345,0.41879812,0.17709057,-0.19954595,0.7038518,0.007630004
Andrea Hirata,-0.37396932,-0.20823887,0.33071196,0.14823462,-0.11315926,-0.04258721,0.07229809,-0.25509593,0.32005364,0.42567483,0.39818814,0.42073515,0.12429418,-0.21621856,0.7386267,0.012262479
Leila S. Chudori,-0.374222,-0.20801283,0.33187097,0.14823152,-0.11600674,-0.04465714,0.07094512,-0.25625777,0.31785157,0.41881475,0.4008623,0.42141688,0.132358,-0.2146212,0.73515517,0.0089911325
Seno Gumira Ajidarma,-0.36676872,-0.21069165,0.33748576,0.1498568,-0.13121268,-0.048228372,0.067668475,-0.2595351,0.30483058,0.39507365,0.40504795,0.42191818,0.1648119,-0.20533885,0.71677226,0.008516322
Wira Nagara,-0.36727467,-0.20003673,0.31664076,0.14246018,-0.09781906,-0.04087962,0.07176614,-0.24360129,0.3192647,0.42904648,0.38203564,0.40778896,0.09628095,-0.21541715,0.73031896,0.01279363
Pandji Pragiwaksono,-0.40824375,-0.23365563,0.36896154,0.16182826,-0.12700379,-0.03652782,0.08713187,-0.28291404,0.35061842,0.47914654,0.43254155,0.45853037,0.12777728,-0.244335,0.8099936,0.02225643
Windy Ariestanty,-0.37290606,-0.20683399,0.3309313,0.14638788,-0.11597241,-0.04687103,0.0693782,-0.25475812,0.3154283,0.4131742,0.40039858,0.41992593,0.13460699,-0.21313138,0.7300432,0.0060875397
Intan Paramaditha,-0.3696828,-0.20084983,0.31937817,0.14284742,-0.101127855,-0.04303275,0.07054462,-0.24603368,0.31932867,0.42500368,0.3869712,0.41084287,0.10452342,-0.21520239,0.7304706,0.00932503
Merry Riana,-0.41401434,-0.21699044,0.36152208,0.16908626,-0.12900622,-0.056774072,0.08295735,-0.28493696,0.33436805,0.41009623,0.42957428,0.4417348,0.15827669,-0.22615106,0.7874011,-0.009397738
