influencer,fused_dim_0,fused_dim_1,fused_dim_2,fused_dim_3,fused_dim_4,fused_dim_5,fused_dim_6,fused_dim_7,fused_dim_8,fused_dim_9,fused_dim_10,fused_dim_11,fused_dim_12,fused_dim_13,fused_dim_14,fused_dim_15,fused_dim_16,fused_dim_17,fused_dim_18,fused_dim_19,fused_dim_20,fused_dim_21,fused_dim_22,fused_dim_23,fused_dim_24,fused_dim_25,fused_dim_26,fused_dim_27,fused_dim_28,fused_dim_29,fused_dim_30,fused_dim_31,fused_dim_32,fused_dim_33,fused_dim_34,fused_dim_35,fused_dim_36,fused_dim_37,fused_dim_38,fused_dim_39,fused_dim_40,fused_dim_41,fused_dim_42,fused_dim_43,fused_dim_44,fused_dim_45,fused_dim_46,fused_dim_47,fused_dim_48,fused_dim_49,fused_dim_50,fused_dim_51,fused_dim_52,fused_dim_53,fused_dim_54,fused_dim_55,fused_dim_56,fused_dim_57,fused_dim_58,fused_dim_59,fused_dim_60,fused_dim_61,fused_dim_62,fused_dim_63,node_type
ayu tingting,-0.029788535,0.015748274,-0.07856566,0.04016962,-0.049452905,-0.10335703,-0.02758687,0.051458396,-0.0033649676,0.03539598,-0.018185982,0.005979205,-0.02892356,-0.011842658,0.10874818,0.0036557121,-0.00046679843,-0.0652004,-0.028380107,-0.13625807,0.10030559,0.08572693,-0.050483122,-0.046968214,0.040087458,0.020294098,-0.07015322,-0.05590053,0.0883893,0.047212258,0.029145394,0.023481108,-0.0047062263,0.17380734,0.029999293,-0.009160478,0.022599371,-0.015099388,0.026425987,-0.04753288,-0.19439527,0.009657994,0.05659219,-0.008040921,-0.037057076,0.047218457,-0.048962694,-0.04529815,0.05843077,-0.0007622346,0.04245754,0.07416665,0.09733708,0.17749009,-0.058454894,0.14061713,0.051660255,0.10554737,-0.077042624,-0.032703932,-0.16154708,-0.00055211945,0.10450055,0.14841607,influencer
atta halilintar,0.2929873,-0.2415056,0.119869664,0.10729027,-0.07424966,0.13198954,-0.3481732,0.22680426,0.486946,-0.27873677,-0.16300896,0.016736016,-0.0268555,0.46320117,-0.17628628,0.03296377,-0.15400505,-0.040820904,-0.10328995,0.118720666,0.078313954,0.12689014,-0.118628025,-0.2963971,0.06002114,0.06764829,0.32217133,-0.46418887,-0.109752476,0.1638431,-0.03226845,0.19283569,-0.18519074,-0.04746113,0.41908926,-0.14128801,-0.12034716,0.045103967,-0.05037806,-0.32745585,-0.21847248,-0.25980777,-0.07673624,0.31087968,0.42720115,0.11292072,0.2860065,-0.26133025,-0.037548285,0.093702875,0.19505864,0.3728057,0.0676207,-0.35128185,-0.03470939,-0.1012536,-0.08133842,-0.617293,-0.17618468,0.16040188,0.19330303,0.09376224,0.282985,0.06209936,influencer
prilly latuconsina,-0.022094395,0.013063595,-0.038633827,0.05578421,-0.061036736,-0.07735449,-0.04487841,0.052636635,0.04148891,0.027621206,-0.08988294,-0.019138157,-0.034202427,0.011206009,0.12397452,-0.04238642,-0.045501173,-0.0833621,-0.058963675,-0.16561513,0.1061087,0.09212816,-0.09009197,-0.056556907,0.03533581,-0.0027300192,-0.07321747,-0.101073325,0.08686,0.037421573,0.06070865,0.032079175,-0.07315219,0.20380896,0.041196622,0.020234503,0.039183557,0.0029684126,0.06075026,-0.053954355,-0.24892478,-0.033223532,0.020074748,-0.008677903,-0.06320271,0.0498728,-0.046914715,-0.113559484,0.10739711,0.0043763574,0.008048528,0.0833294,0.12508675,0.18527308,-0.07304686,0.14238304,0.058085933,0.07621459,-0.062107064,-0.056888387,-0.16263357,-0.008486668,0.16602945,0.1814017,influencer
raditya dika,-0.030609895,0.021937368,-0.07799447,0.0040542646,-0.07051214,-0.08949125,-0.028716285,0.07174576,-0.0053510857,0.023995083,-0.019095384,0.027704574,-0.023453344,0.022707092,0.06597722,0.009848306,-0.03059547,-0.06432995,-0.049894042,-0.124055356,0.0764733,0.099774614,-0.03489057,-0.019391522,0.019673914,0.0467703,-0.048148014,-0.0994677,0.10293068,0.07416645,0.030529797,0.00486855,0.021284392,0.1650901,0.054569367,-0.013341919,0.0055896444,0.012381502,0.028330266,-0.07638164,-0.23127246,-0.025334649,0.026826799,0.015433434,-0.031443167,0.06205175,-0.029052291,-0.010167134,0.097509235,0.002959088,0.042270686,0.08427969,0.13935196,0.15665364,-0.047237784,0.09786527,0.043922633,0.04702709,-0.10446869,-0.025400057,-0.16471107,0.022879208,0.10600953,0.14294878,influencer
iqbaal ramadhan,-0.08758412,0.045441356,-0.04154062,-0.038892426,-0.07568905,-0.08122413,-0.00038543818,0.086572915,-0.01861405,0.0779624,0.05642329,-0.0038170055,-0.020766212,0.04008362,0.017408837,0.045023035,-0.0374237,-0.06731625,-0.01816782,-0.06217132,0.06283168,0.06252528,-0.041785464,0.015294127,0.0146348765,0.050713673,-0.034306042,-0.08000319,0.08548641,0.06570362,-0.039541192,-0.032055996,0.07471004,0.14530206,0.026574234,0.01635711,-0.003916746,-0.019787349,0.0009572442,-0.101610534,-0.20762426,-0.006951182,0.018557865,0.03975094,-0.009139078,0.07647966,-0.015432841,0.04489723,0.10401036,-0.022291958,0.079694375,0.07483278,0.101781406,0.14153156,-0.0353193,0.06654893,0.08897113,0.086056516,-0.044372045,0.013434631,-0.16610092,0.026867727,0.048271798,0.1609287,influencer
michelle ziudith,-0.032663032,0.03404292,-0.051333264,0.02768235,-0.0553051,-0.082812935,-0.020029396,0.044207506,-0.0014535075,0.0647939,-0.03879233,-0.014013628,-0.036955476,-0.015105778,0.10839729,-0.018885111,-0.01318155,-0.065612584,-0.031715248,-0.15066367,0.09506178,0.06342365,-0.09309684,-0.032337494,0.048363507,-0.002572065,-0.081099786,-0.038341925,0.08061454,0.04318571,0.040986907,0.0043759495,-0.023958486,0.18911102,0.01632024,0.014284905,0.0207128,0.0009588587,0.05335845,-0.047655158,-0.21004319,0.005513138,0.030889012,-0.020938631,-0.06675528,0.04416904,-0.05589599,-0.064936556,0.089886524,0.002804637,0.022814453,0.04917237,0.103949465,0.19031589,-0.07058242,0.14233245,0.07487683,0.13104215,-0.05860974,-0.047152184,-0.16605839,-0.009147653,0.10192695,0.16536656,influencer
chelsea olivia,-0.08874588,0.05605468,-0.07806772,-0.059394863,-0.078359835,-0.09716079,0.01090569,0.075081505,-0.068624556,0.10250968,0.09259419,0.021389384,-0.023817189,0.008291572,0.01663544,0.06938824,-0.012577597,-0.04895076,0.003462933,-0.077189825,0.057691414,0.056021594,-0.03636523,0.024534032,0.024270698,0.056199446,-0.04844441,-0.028551897,0.09041077,0.07583891,-0.034111083,-0.039592505,0.11399792,0.13826138,0.014159367,-0.0017519591,-0.035761986,-0.016612766,0.009522621,-0.09701653,-0.18470037,0.024235576,0.029558012,0.015201201,-0.010417845,0.061195504,-0.027411476,0.08702764,0.08554062,-0.01058881,0.10045034,0.048515882,0.10496065,0.14746349,-0.034513786,0.0759376,0.09443778,0.11377109,-0.069266856,0.011561193,-0.17159855,0.04217852,0.0014479671,0.13862738,influencer
dinda hauw,-0.038692433,0.04131117,-0.0642913,0.020134872,-0.0526762,-0.09143335,-0.010566364,0.034733474,-0.027034283,0.08593025,-0.014669756,-0.010671148,-0.039838366,-0.036676746,0.11217135,-0.0063306056,0.0044526723,-0.056839097,-0.013388635,-0.15553159,0.09560706,0.052003298,-0.09721419,-0.029543143,0.057572283,-0.0063479175,-0.09206119,-3.4439377e-05,0.07735892,0.04113312,0.03725943,0.00014913839,-0.005828801,0.18641907,0.0014135856,0.010403178,0.007265527,-0.0055648685,0.056130394,-0.041575067,-0.18871057,0.029946554,0.040661063,-0.036431223,-0.06829461,0.03412704,-0.065095186,-0.047407895,0.07485913,0.0057052756,0.035455354,0.031239066,0.09279326,0.19666417,-0.072093725,0.15294185,0.08463138,0.16280416,-0.05797966,-0.046553038,-0.16779163,-0.0069597624,0.072393075,0.1576725,influencer
lyodra ginting,-0.065121934,0.014854914,-0.08809725,0.04393971,-0.038497373,-0.12917194,-0.014979464,0.04513337,-0.028117284,0.06590794,0.049734905,-0.0075753666,-0.028012902,-0.035183378,0.11508362,0.04256069,0.02659485,-0.06369908,0.01675354,-0.112932906,0.11334693,0.069517836,-0.039407715,-0.05693679,0.048303425,0.019345202,-0.078088194,-0.010380678,0.07514237,0.024933986,-0.014808855,0.031573586,0.028121656,0.16023114,0.0010857988,-0.008081922,0.01484979,-0.0668238,0.0012461281,-0.043597266,-0.14071375,0.056762315,0.090671465,-0.014211113,-0.007719622,0.038017727,-0.05492787,-0.015538852,0.010219209,-0.014695475,0.08886975,0.07071989,0.04669313,0.1763238,-0.052746482,0.15771428,0.07243304,0.15877229,-0.041461922,-0.008633641,-0.15935048,0.0009424201,0.060655996,0.14733858,influencer
gisella anastasia,-0.025183799,0.0414401,-0.12338139,0.0065061795,-0.03997186,-0.12137383,0.0018342122,0.032668166,-0.07878554,0.07560772,0.0444166,0.035846792,-0.034046836,-0.06538585,0.099965446,0.03510405,0.058617044,-0.03247708,0.0066531906,-0.1386483,0.084601656,0.055987466,-0.045704022,-0.019842004,0.06262836,0.02418443,-0.088834964,0.04386235,0.088155955,0.063152924,0.02622895,-0.0075557013,0.06717208,0.1549767,0.0014906699,-0.03723208,-0.012189927,-0.0055290437,0.024920113,-0.028295575,-0.13714749,0.06870036,0.08013366,-0.040324993,-0.048527263,0.031018857,-0.07002402,0.027056746,0.02424262,0.009043319,0.058087446,0.02115704,0.0822546,0.18877895,-0.057298344,0.15184313,0.059326604,0.1790903,-0.10435729,-0.031102495,-0.16836135,0.0034847353,0.013722267,0.11050254,influencer
natasha wilona,-0.057816364,0.025608936,-0.027301956,0.041394286,-0.048182882,-0.08597487,-0.019977268,0.052142166,0.022138901,0.066694215,-0.018890541,-0.041796446,-0.032908473,-0.00011447552,0.10696752,-0.00955282,-0.018971495,-0.079323485,-0.019839842,-0.11785096,0.1057191,0.05888871,-0.08757897,-0.04195375,0.042604685,-0.0042197127,-0.07190039,-0.053779267,0.06871009,0.022452667,0.0034233981,0.013167223,-0.029154753,0.18354073,0.008493884,0.030470692,0.03898333,-0.03526301,0.027624432,-0.05305726,-0.19539095,0.0089461785,0.041632853,-0.0015111396,-0.043111905,0.052891202,-0.04715651,-0.07280539,0.076145366,-0.016680025,0.039915424,0.069507785,0.069706395,0.18152337,-0.06537755,0.14028597,0.08518906,0.13889813,-0.015258264,-0.026773605,-0.16076061,-0.017718842,0.10852794,0.18272531,influencer
ariel noah,-0.072633624,-0.0180726,-0.049149707,0.07291171,-0.054006036,-0.09103103,-0.053303935,0.065726,0.030136026,0.021242158,-0.01590775,-0.018544815,-0.03149414,0.018843627,0.11333986,0.013448849,-0.041548926,-0.08594476,-0.01618252,-0.11713749,0.11117758,0.09537622,-0.035998475,-0.07320267,0.01756381,0.017916583,-0.065075934,-0.11378535,0.07721199,0.011732083,-0.0016042527,0.04179138,-0.045338757,0.1729711,0.041506812,0.016884947,0.039158773,-0.048018325,0.006790243,-0.054010935,-0.19561355,-0.0072310474,0.05822239,0.019977825,-0.001293643,0.068968505,-0.033424735,-0.075646564,0.032444343,-0.011256818,0.06744152,0.12043662,0.06761688,0.15675443,-0.055358384,0.12256147,0.059359383,0.0665524,-0.0328834,-0.0038991203,-0.14905262,-0.01016494,0.14383067,0.1626679,influencer
cinta laura,0.0094235465,0.05163119,-0.04525108,0.025251701,-0.038422905,-0.06373704,-0.007946902,0.03500045,-0.0016387666,0.056322306,-0.07282144,-0.009954516,-0.042218186,-0.030428505,0.10780617,-0.054146856,0.016786609,-0.05168897,-0.05115085,-0.15499122,0.079074234,0.04089646,-0.11255969,-0.007969431,0.06563412,-0.015913758,-0.085132435,-0.0073936675,0.07988316,0.06017612,0.06758513,-0.029178191,-0.027642448,0.19084445,0.01304253,0.00480441,0.03993394,0.047399864,0.05914612,-0.019767378,-0.20198952,0.008257668,0.026151877,-0.028623585,-0.11069207,0.05032818,-0.067770734,-0.07337572,0.10122754,0.00787138,-0.034435377,0.01643478,0.10828321,0.2074362,-0.079834424,0.1437706,0.060010307,0.163816,-0.07791619,-0.06742975,-0.16901231,-0.04063766,0.09086925,0.15169317,influencer
felicya angelista,0.5464423,-0.1413688,-0.56312144,0.13212796,-0.14820765,-0.14098792,-0.42071968,-0.0528436,-0.006267571,-0.19200033,0.08698717,0.327399,-0.0690589,-0.088678084,0.1093806,0.21944284,0.23980993,0.20530494,0.08450956,-0.16022027,-0.07050727,0.20364764,0.15487474,-0.5061724,0.2818724,0.13336974,0.1631394,0.21203643,-0.0552819,0.14320144,0.27692276,0.31060827,0.24603012,-0.17109266,0.4089058,-0.5056649,-0.37274075,0.10233917,-0.051184304,-0.19492733,0.2262703,0.17708181,0.2509587,-0.0474541,0.29393297,-0.241009,0.080883205,0.09216135,-0.53558415,0.27285108,0.3835227,0.08544392,-0.023670211,-0.35565916,-0.08442182,0.15483731,-0.2464723,-0.21276438,-0.78854245,0.032335494,0.16237837,0.33175838,-0.06404057,-0.34070796,influencer
indra bekti,-0.062491305,0.06841012,-0.013805047,-0.028251532,-0.051684007,-0.06133403,0.017032456,0.06400354,-0.0151603045,0.10152998,0.026116077,-0.032088406,-0.03288257,0.0068606157,0.038969036,0.0026582496,-0.0030659402,-0.058726184,-0.018196996,-0.07251087,0.059637953,0.017074397,-0.09259406,0.029743537,0.04450365,0.009554272,-0.05563313,-0.015519536,0.06689961,0.055851746,-0.021845851,-0.062022895,0.048444033,0.1574656,-0.0037233033,0.029345023,0.021896943,0.00358536,0.015554154,-0.06292444,-0.1820562,0.016977895,0.017356375,0.014554279,-0.062167034,0.07277469,-0.03954445,0.009175562,0.106988564,-0.023150045,0.02632416,0.027363453,0.07539233,0.17186248,-0.05581934,0.09115542,0.10053079,0.17014937,-0.020966418,-0.010629885,-0.1682139,-0.018636253,0.031582214,0.16639256,influencer
rizky febian,-0.039921388,0.03052995,-0.06107466,-0.0036248309,-0.06652485,-0.082599565,-0.019071199,0.07416598,-0.0028360868,0.03707391,-0.0065366076,0.013613401,-0.02369602,0.02594749,0.054967277,0.0106626395,-0.027210955,-0.06500529,-0.04450492,-0.10461098,0.07208133,0.08352628,-0.042351365,-0.007856246,0.021912148,0.04239867,-0.04472905,-0.09004014,0.09525585,0.07080534,0.012922983,-0.010249354,0.029718824,0.1605489,0.044456355,-0.003539498,0.012097685,0.008130666,0.019302446,-0.07671416,-0.22153047,-0.019651216,0.02481965,0.022417184,-0.03307109,0.06828882,-0.027400069,-0.0032453786,0.100070104,-0.005847471,0.040473353,0.07760109,0.123921126,0.15610494,-0.04629883,0.09125295,0.05486144,0.06729874,-0.083773956,-0.017471796,-0.16453364,0.014015658,0.091772236,0.14901415,influencer
tasya kamila,-0.055498928,0.041535795,-0.08987302,-0.018681478,-0.066012576,-0.10210371,-0.0045635453,0.05868855,-0.052770503,0.07696089,0.042619526,0.023833118,-0.028281385,-0.012403872,0.061808348,0.04022465,0.00033575366,-0.04969126,-0.009068621,-0.11570665,0.07479885,0.068115085,-0.044945568,-0.005515138,0.035760403,0.039057408,-0.0646335,-0.025139004,0.09202479,0.06758934,0.0053711543,-0.0133295,0.06528103,0.15507011,0.019372832,-0.011658967,-0.017947279,-0.007705218,0.025562782,-0.07020747,-0.18633965,0.024296906,0.042304575,-0.0065171383,-0.029779416,0.048986442,-0.042782374,0.03285468,0.07148662,0.0005548319,0.07272627,0.04941161,0.107841566,0.16543594,-0.04758217,0.11017443,0.073897034,0.116848394,-0.08574022,-0.014848232,-0.16879182,0.025639074,0.038854934,0.13526003,influencer
alexa belvana,0.2741868,0.032796964,-0.7658766,0.03282554,0.029882364,-0.42742896,-0.04223632,-0.19480014,-0.58284175,0.08157644,0.19644336,0.48231906,-0.063114956,-0.54749703,0.3520433,0.177554,0.4835956,0.223979,0.18909618,-0.5334668,0.07385172,0.17714971,0.14946593,-0.17553276,0.22967027,0.055597387,-0.29160386,0.6381066,0.19386989,0.12223113,0.434625,0.15209338,0.33918613,0.10393897,0.010543115,-0.4317038,-0.3138522,0.101464406,0.13928911,0.18811779,0.20165017,0.39859682,0.38286504,-0.46133018,-0.12006101,-0.255426,-0.28644088,0.34929284,-0.37293065,0.25580937,0.1620411,-0.21896447,0.15596323,0.26106474,-0.08794312,0.45404416,-0.15127516,0.43374103,-0.70206904,-0.19172597,-0.17846651,0.13034925,-0.3470526,-0.25321308,influencer
ayla dimitri,-0.055817254,0.029070683,-0.028339202,-0.002778914,-0.069022804,-0.070483506,-0.020842535,0.08604408,0.025856066,0.035930224,-0.011398077,-0.009851926,-0.021018963,0.052889705,0.042562842,0.0046577533,-0.04988202,-0.0785622,-0.050635476,-0.08176273,0.0720644,0.0806822,-0.047976546,-0.005635911,0.012496047,0.04057377,-0.03202112,-0.12182381,0.08858897,0.06177225,-0.006923223,-0.012793961,0.017058041,0.16135561,0.046703726,0.016790604,0.026856817,-0.0025675476,0.0096703805,-0.08921866,-0.23443949,-0.038036086,0.012887789,0.043925583,-0.025191514,0.0809724,-0.015261034,-0.015994992,0.11683688,-0.018544115,0.03935862,0.093749285,0.11619206,0.14688045,-0.04358316,0.07614112,0.06388173,0.05430024,-0.05322866,-0.006765672,-0.16162255,0.008835159,0.10931252,0.16951269,influencer
valerie pola,-0.10312036,0.067533195,-0.028242722,-0.059791982,-0.0684201,-0.07675513,0.022839654,0.081024535,-0.040460855,0.11728385,0.09179667,-0.019313365,-0.024905138,0.023796193,0.0039875642,0.053220086,-0.01667674,-0.05934541,0.003500045,-0.04290724,0.05354259,0.02652239,-0.060284946,0.038819365,0.02722915,0.039363407,-0.040611707,-0.028676793,0.07210559,0.061672036,-0.06292391,-0.06231925,0.103400424,0.13798788,-0.0016822742,0.026814818,-0.008101505,-0.024817262,-0.0047410172,-0.095213115,-0.17765084,0.02170574,0.020286195,0.033378467,-0.019030053,0.0767677,-0.022840768,0.07135782,0.09967744,-0.030470788,0.082906894,0.04430324,0.07473791,0.1481076,-0.037089124,0.06530213,0.11376836,0.14585805,-0.017544951,0.021593703,-0.16930346,0.01592999,-0.00028948137,0.16247931,influencer
sarah gabriella tumiwa,-0.5829548,-0.20004006,-0.32629192,-0.2280963,-0.028134111,-0.6037233,-0.0015115552,0.08684821,-0.46608546,0.33924347,0.88850605,0.2606734,0.12838472,0.19897465,-0.14039227,0.7004966,0.07421274,-0.040560883,0.38261738,0.17500973,0.16026074,0.24696964,0.38180548,-0.02061712,-0.05365528,0.22169031,-0.15107988,0.23774418,0.006940877,-0.12328688,-0.45958242,-0.0069152266,0.69238126,-0.0560243,-0.19513433,-0.17158328,-0.43342346,-0.5351994,-0.2650907,-0.35200536,0.14704812,0.26174173,0.36310592,0.019082272,0.5653471,0.06709303,-0.01470013,0.73216474,-0.30064455,-0.07500474,0.91283244,0.25404269,-0.19913629,0.1434771,0.2107583,0.108586855,0.213419,0.46195516,0.05300291,0.34488463,-0.18979281,0.25734597,-0.6148764,0.19702663,influencer
tiffany regina,-0.039340608,0.027483966,-0.10064381,0.018612739,-0.0485044,-0.11527705,-0.012402626,0.0458714,-0.043272197,0.06030216,0.027037792,0.019683696,-0.029865177,-0.03358647,0.09833205,0.030075412,0.02348846,-0.05086035,-0.0052095368,-0.13016921,0.09315107,0.07265821,-0.042858817,-0.033385165,0.047188357,0.02707054,-0.07640343,-0.011154746,0.08811249,0.05341436,0.016624682,0.009907136,0.039237097,0.1611084,0.015216628,-0.020659786,0.0002388313,-0.020156564,0.021225981,-0.04581739,-0.16544497,0.039878506,0.068566225,-0.019602124,-0.03210415,0.040014856,-0.055309303,0.00013996358,0.03978,0.0011844031,0.064104766,0.053239565,0.08734831,0.17795593,-0.05424904,0.14157178,0.06066083,0.13722646,-0.08469978,-0.024193283,-0.16472423,0.008501439,0.0551745,0.13176686,influencer
vili su,-0.031441733,0.03874801,-0.16104057,-0.03535131,-0.06651428,-0.12939194,-0.0022971884,0.05379177,-0.107256666,0.06139157,0.07618287,0.08533774,-0.024444139,-0.039501775,0.05608444,0.07346991,0.036682636,-0.023734225,-0.0015139154,-0.12926996,0.064827904,0.08897602,0.0008431313,-0.00012280355,0.037198372,0.070678644,-0.066670775,0.0035993299,0.11347309,0.09820268,0.023092045,-0.011523563,0.121693306,0.13535273,0.03236247,-0.06179464,-0.050972868,0.010069838,0.019151619,-0.06403369,-0.16454735,0.046830118,0.06707962,-0.021218386,-0.0184998,0.038367517,-0.04839719,0.094851166,0.03867536,0.018610884,0.09141062,0.039817385,0.1297023,0.16137145,-0.03709935,0.111300096,0.043782614,0.103422195,-0.15780392,-0.014757803,-0.17258306,0.049829647,-0.0003368688,0.08664596,influencer
claradevi,-0.033345766,0.087432206,-0.060594548,-0.07725346,-0.06184239,-0.06107882,0.030358959,0.067115024,-0.06894122,0.09664647,0.043276027,0.026428573,-0.031217402,-0.0033909741,0.0008695485,0.01873961,0.017215751,-0.030438244,-0.02866498,-0.079535946,0.026210854,0.02070206,-0.06824117,0.070723064,0.04404594,0.039358445,-0.048820037,0.0073118326,0.08918078,0.10463549,0.0018165621,-0.09809755,0.11283791,0.13924173,0.010740856,-0.009436371,-0.012610548,0.057365596,0.022389334,-0.06672491,-0.18514806,0.018343933,0.00771322,0.009745903,-0.07561321,0.07369146,-0.03890302,0.08231206,0.11931555,-0.0039778645,0.017301494,-0.00053281954,0.12067401,0.16640016,-0.04593767,0.064500496,0.078280106,0.15075392,-0.09450475,-0.015342735,-0.17647469,0.002726037,-0.016878309,0.12186405,influencer
yumi kwandy,-0.018886682,0.028578931,-0.034311455,0.044991404,-0.04624983,-0.07390587,-0.025241135,0.047441177,0.027087614,0.04384841,-0.066255204,-0.02498793,-0.03580484,-0.0040359264,0.11368598,-0.03967683,-0.014321344,-0.072329186,-0.047313605,-0.14295879,0.09714328,0.06449713,-0.09537423,-0.036064792,0.04781004,-0.007939632,-0.074599475,-0.058477364,0.07812524,0.040179357,0.04427761,0.005007593,-0.047313355,0.19222915,0.022903712,0.017766116,0.04594528,0.007070285,0.045598764,-0.039730188,-0.21522057,-0.007870864,0.030462233,-0.0095707895,-0.073590115,0.053731333,-0.053244516,-0.09152526,0.094497815,-0.0030120867,-0.0017799693,0.058741406,0.099210694,0.19150296,-0.07271838,0.14169052,0.06362264,0.12493613,-0.051522236,-0.050645497,-0.16321832,-0.027106037,0.12672482,0.17195883,influencer
fadhilah razak,-0.12761024,0.085523695,-0.014473928,-0.1462949,-0.1055015,-0.050392307,0.03499096,0.1308385,-0.047916338,0.10507126,0.13332188,0.009736771,-0.008020669,0.103714645,-0.10903427,0.08704862,-0.07016155,-0.059487995,-0.022894368,0.023630787,0.003064544,0.04065392,-0.02053942,0.10719046,-0.013093984,0.09862892,0.016694536,-0.10988502,0.09325893,0.11371313,-0.10468702,-0.116510406,0.18801078,0.10729943,0.03599331,0.026507674,-0.035743397,0.009545268,-0.031134604,-0.16229407,-0.22940296,-0.03559116,-0.028995153,0.104335934,0.012481681,0.11612849,0.026350584,0.17260179,0.16600366,-0.040443942,0.09934866,0.06658856,0.12858665,0.10052191,-0.0042820983,-0.0338254,0.110441595,0.04870846,-0.042533234,0.06261447,-0.17403084,0.0571352,-0.027769295,0.15492436,influencer
jessica charis,-0.09725745,0.050841495,-0.14300436,-0.035689704,-0.04698561,-0.1546197,0.02704241,0.042631745,-0.13678408,0.13296491,0.1764872,0.037274636,-0.027545702,-0.073568836,0.06242695,0.11873886,0.0745126,-0.025823275,0.06988508,-0.08561298,0.081151545,0.039080516,-0.012221523,-0.003685527,0.055659447,0.05081673,-0.08345502,0.088951506,0.08010615,0.053250525,-0.05271166,-0.017360382,0.16454387,0.121387415,-0.028737845,-0.037486147,-0.05633682,-0.06974186,-0.013996631,-0.055936314,-0.08148713,0.119836845,0.106703386,-0.031960517,0.010160239,0.028615385,-0.061762206,0.12975517,-0.017459378,-0.009099781,0.15058856,0.019397933,0.038770422,0.16586211,-0.035054468,0.13620582,0.09783827,0.2192249,-0.07098494,0.020482365,-0.1710754,0.037861988,-0.07529171,0.10441671,influencer
evelyn ramli,-0.58362144,-0.21061662,-0.33028632,-0.22132623,-0.027778905,-0.60989,-0.0082374215,0.087625265,-0.46604913,0.32608867,0.8815414,0.2663021,0.1329695,0.20657495,-0.14121622,0.7026226,0.06779285,-0.04566163,0.37996507,0.17180884,0.15812089,0.2577739,0.39388984,-0.026911391,-0.056043055,0.22512028,-0.15239553,0.22645697,0.005555732,-0.12713999,-0.45522958,-0.0010243505,0.68788713,-0.059522532,-0.19162242,-0.17847712,-0.4307251,-0.5397317,-0.26404333,-0.3521189,0.14595553,0.25464708,0.36465868,0.021049382,0.5712817,0.06594003,-0.011946639,0.7289498,-0.3047498,-0.07662025,0.91599476,0.26475558,-0.19719598,0.14058924,0.2163696,0.107741535,0.20242848,0.44848847,0.04995709,0.3449498,-0.18453926,0.2614697,-0.6077541,0.19424862,influencer
aurel oriana,0.18054558,0.10034658,-0.68358994,-0.21202071,-0.058555357,-0.3239088,0.03627971,-0.06785333,-0.6136189,0.120817736,0.31397733,0.55523366,-0.032776162,-0.37245893,0.0631124,0.25859207,0.36047447,0.2342107,0.1270583,-0.3446973,-0.04127799,0.1620006,0.2228048,0.05067954,0.11409148,0.18894243,-0.17332661,0.47306454,0.23722449,0.272042,0.28643993,-0.04754007,0.51803243,0.034920074,0.051383205,-0.3879511,-0.37458506,0.18632084,0.09290116,0.065584965,0.049346473,0.28348464,0.23191465,-0.31407082,-0.061944354,-0.10507478,-0.17997944,0.60090154,-0.18347147,0.21150911,0.18796404,-0.19387674,0.28650382,0.16731676,-0.021734394,0.20614102,-0.1177502,0.23229076,-0.6975261,-0.10196674,-0.20426862,0.20390765,-0.43781114,-0.23712392,influencer
angel tamara,-0.07911686,0.06712623,-0.06160415,-0.07775174,-0.07363866,-0.08019245,0.021911293,0.08805117,-0.05934507,0.09123494,0.09357843,0.021545174,-0.019890178,0.02809958,-0.016230617,0.0626566,-0.008447062,-0.046303242,-0.011794729,-0.043440156,0.037366368,0.044806525,-0.02952883,0.053615883,0.020171262,0.06640832,-0.028982956,-0.04055269,0.090462394,0.09247671,-0.047715545,-0.071526,0.13552338,0.12510937,0.020447463,-0.0034271977,-0.021272995,0.0052273716,-0.010142313,-0.09971695,-0.1854483,0.011935685,0.02022353,0.040974557,-0.016841605,0.081523016,-0.016649194,0.10834323,0.10205751,-0.020136947,0.07715167,0.045587435,0.10570124,0.13910937,-0.027502857,0.046921268,0.08592592,0.10917917,-0.070777684,0.021445796,-0.17166385,0.029986253,-0.009875147,0.13332826,influencer
calista cherrie,0.3240272,0.044117913,-0.7852933,-0.0008351384,0.009063118,-0.3964988,-0.04904628,-0.18303114,-0.58785015,0.05333595,0.15036291,0.5278957,-0.057363957,-0.5296053,0.31527698,0.15063676,0.45726728,0.241115,0.14498934,-0.5486111,0.038389675,0.2088513,0.16417529,-0.15359883,0.21832049,0.071722165,-0.27767247,0.5932416,0.21405818,0.16642976,0.4862122,0.13496166,0.3380002,0.10426009,0.06117203,-0.43358016,-0.32229367,0.17038369,0.16174781,0.18785425,0.1375975,0.34650022,0.34806967,-0.45433733,-0.14882055,-0.24549583,-0.27613312,0.36738732,-0.3278139,0.2764634,0.11837922,-0.22644635,0.2194772,0.2521821,-0.092642464,0.41698235,-0.18061337,0.3568843,-0.77678716,-0.21512783,-0.17914958,0.14597167,-0.32622916,-0.2662483,influencer
shalfa putri raihan,-0.19222018,0.18371288,0.0897509,-0.40027297,-0.18325889,0.034263708,0.13766073,0.23032576,-0.10700511,0.12645105,0.26717508,0.051664367,0.040651508,0.2567501,-0.4360509,0.13456249,-0.16798492,-0.055734366,-0.0635151,0.21030143,-0.117355675,-0.025694108,-0.0059396364,0.33773938,-0.07488759,0.18809356,0.13380957,-0.1702931,0.11734956,0.25847876,-0.2537477,-0.3420661,0.42462972,0.070384964,0.04903745,0.06990097,-0.08167608,0.092752814,-0.105903715,-0.28571787,-0.30365103,-0.1382087,-0.1489286,0.26594788,0.050119393,0.2274844,0.11973289,0.46037412,0.33885276,-0.09771907,0.0819633,0.050066452,0.2136195,0.012869479,0.057490584,-0.26153016,0.13826947,-0.037135787,-0.010321178,0.1649848,-0.19262896,0.11168338,-0.20045209,0.1738098,influencer
sarah ayu,-0.1791205,0.12063815,0.011375176,-0.24435936,-0.12684882,-0.03303803,0.07435623,0.16776448,-0.08437845,0.14400716,0.22608817,0.014378449,0.004919022,0.15443772,-0.22409801,0.13698931,-0.09122892,-0.05400456,-0.0092443805,0.109609395,-0.042727318,0.013102038,-0.0039141267,0.1902985,-0.03403253,0.13619189,0.058853194,-0.11399569,0.093469046,0.1482431,-0.18381542,-0.19567826,0.300449,0.07524171,0.026418783,0.040610567,-0.06660874,0.016739506,-0.069027394,-0.21402273,-0.23048222,-0.044702925,-0.059822984,0.16157496,0.043649174,0.15008721,0.060434632,0.30035332,0.20751536,-0.062142015,0.13203144,0.05439767,0.13138673,0.06791873,0.02555626,-0.114986494,0.14004977,0.044199884,-0.018850856,0.11512746,-0.18226933,0.079834245,-0.11751703,0.15487847,influencer
agustina hermanto,-0.037502907,0.058509164,-0.0022906703,0.007545015,-0.041617736,-0.054695666,0.0036901848,0.05292411,0.015289993,0.0821327,-0.028860753,-0.045501024,-0.037356786,0.0006521791,0.074387565,-0.034286622,-0.0037576952,-0.065395705,-0.035021,-0.098906085,0.07440208,0.021957386,-0.11330518,0.008287978,0.05285514,-0.012406821,-0.06644523,-0.024132948,0.064224586,0.044102196,0.008200552,-0.044772144,-0.0075337905,0.17719766,-0.00018146168,0.03489892,0.046886988,0.012545003,0.030590585,-0.043488793,-0.19325289,0.0068445234,0.017869618,0.0030501336,-0.08406443,0.06829159,-0.049317457,-0.052068472,0.109411515,-0.018362332,-0.007444345,0.029867698,0.0759477,0.18809724,-0.0695841,0.11578515,0.08966686,0.17320833,-0.01852445,-0.033834003,-0.1660367,-0.040743526,0.07449878,0.17680097,influencer
najwa shihab,-0.009516118,0.059158802,-0.0206898,0.039458357,-0.042420737,-0.07634761,0.0155251045,0.033142306,0.0033523487,0.041181132,-0.013107187,-0.020805849,-0.025132556,-0.044718705,0.10257641,-0.045120176,0.035639755,-0.05933176,-0.03444341,-0.11880458,0.10638082,0.011715301,-0.1027859,-0.029814301,0.072010145,-0.013370217,-0.08907357,0.014981762,0.07676947,0.061978653,0.013994835,-0.023030126,-0.0011051779,0.1944387,0.0045753936,0.02056146,0.06345413,-0.014069187,0.005897591,-0.021533936,-0.1644414,0.029193496,0.06929202,-0.013527231,-0.08736117,0.061151695,-0.07313576,-0.060865067,0.05619878,-0.03197984,-0.021971814,0.045138814,0.064447135,0.20081872,-0.07948537,0.15246269,0.07232979,0.20228802,-0.029138975,-0.034640066,-0.16306606,-0.038495123,0.06960896,0.17917386,influencer
dewi lestari,-0.024161436,0.009050986,-0.011619869,0.07722859,-0.0340278,-0.0757406,-0.036135204,0.05732094,0.07059903,0.01638772,-0.076024085,-0.04810171,-0.029720621,0.018076904,0.12226855,-0.045973442,-0.021420322,-0.09009995,-0.052650586,-0.11586779,0.11114336,0.073862284,-0.08168439,-0.056454875,0.039324015,-0.008304892,-0.06076018,-0.09761669,0.070417464,0.021896722,0.021556208,0.024524216,-0.073557094,0.19008106,0.029328536,0.02650673,0.08024646,-0.019676298,0.017340474,-0.037812866,-0.21040243,-0.019721303,0.04393162,0.015792996,-0.052883193,0.06629341,-0.042797208,-0.12168028,0.08078041,-0.020738069,-0.0031917954,0.09254875,0.07234335,0.18256396,-0.06822339,0.14181933,0.053973168,0.11058614,-0.020900037,-0.037511684,-0.15506274,-0.04317856,0.16200131,0.18717158,influencer
brian febrian,-0.17892374,0.15509978,0.044747047,-0.33481216,-0.16781005,0.0007306831,0.111732095,0.20788845,-0.0974201,0.10755793,0.26327655,0.05340607,0.033966392,0.21747185,-0.35421997,0.1426473,-0.13173784,-0.05247426,-0.049461946,0.1741704,-0.083654895,0.00055116834,0.016462406,0.2676478,-0.06070742,0.1850256,0.10887605,-0.16252643,0.11937545,0.22802764,-0.22830853,-0.27381492,0.39123425,0.06764908,0.057788983,0.04678631,-0.074781746,0.056608047,-0.1086742,-0.2664559,-0.27573755,-0.10395185,-0.097898625,0.23373139,0.056908086,0.19886187,0.09922696,0.40527976,0.27290526,-0.08805698,0.106384754,0.07024836,0.18705693,0.030111007,0.048995867,-0.206732,0.12706065,-0.02361788,-0.033331856,0.15446936,-0.18758768,0.11073829,-0.16271758,0.16023925,influencer
najelaa shihab,-0.0064180666,0.047774784,-0.10686603,-0.01302561,-0.052782603,-0.09475652,-0.0024530236,0.047997333,-0.058796614,0.05399899,0.0049016466,0.045674063,-0.0317648,-0.031741828,0.07137878,0.012089782,0.029623033,-0.034714386,-0.030263487,-0.13594064,0.06419324,0.064903244,-0.04823839,0.0042335982,0.04936456,0.03434944,-0.070619,-0.003643087,0.09908744,0.08760652,0.044521935,-0.02844105,0.059203997,0.1570219,0.026496088,-0.034743495,-0.006645805,0.037155285,0.0348287,-0.042895887,-0.18300694,0.024935305,0.04493674,-0.019657355,-0.06484303,0.0482641,-0.05527308,0.023988485,0.07257282,0.013202423,0.025166042,0.026929028,0.12381762,0.18024403,-0.05492183,0.118269466,0.046142682,0.12737532,-0.12706614,-0.03854622,-0.17074713,0.0062275687,0.038562655,0.11197765,influencer
gede prama,0.004251224,0.033286866,-0.099270985,0.000778626,-0.060374685,-0.087506644,-0.020885333,0.057707697,-0.027866274,0.021521622,-0.03468532,0.047921307,-0.028476084,-0.0059095947,0.07417734,-0.0049017603,0.0013437405,-0.046566844,-0.055936135,-0.14512406,0.06702544,0.08955529,-0.042021573,-0.007424037,0.036367025,0.040221278,-0.060071684,-0.058677193,0.107303515,0.090527356,0.061023366,-0.012139592,0.028079458,0.16551864,0.050941862,-0.033203103,0.004441076,0.04672355,0.040534616,-0.05227681,-0.21889296,-0.010634285,0.031558663,-0.0056831916,-0.062186405,0.05520936,-0.044491146,-0.0054026665,0.09254001,0.015653895,0.011858092,0.053464655,0.14873569,0.1731559,-0.054411102,0.109578826,0.029729031,0.07386458,-0.13816416,-0.04498913,-0.16849107,0.010680007,0.086634755,0.12009819,influencer
gitasav,-0.10647787,0.07205503,-0.01655602,-0.113903925,-0.09725025,-0.051718555,0.021000441,0.12343606,-0.026123257,0.08169654,0.09478311,0.007499709,-0.010025385,0.097561404,-0.07814447,0.065323666,-0.06727174,-0.06394627,-0.035514437,0.002738718,0.015734324,0.05237317,-0.02314175,0.08343357,-0.009578548,0.088919595,0.009888712,-0.12191273,0.094043985,0.105548635,-0.080456436,-0.094341055,0.14857642,0.11758454,0.044110544,0.022133622,-0.018220527,0.012340781,-0.024072058,-0.1467536,-0.23472288,-0.042360723,-0.02178003,0.09552154,0.0029678065,0.11150916,0.019791674,0.1289438,0.15864882,-0.035795588,0.080168694,0.07605551,0.13010058,0.10839562,-0.012000443,-0.014119249,0.094514444,0.040419888,-0.0499978,0.04704756,-0.17038132,0.045417033,0.008691713,0.15630719,influencer
alya nurshabrina,-0.102708906,0.009136075,-0.00523799,0.06278093,-0.041388888,-0.10157308,-0.022568889,0.061971314,0.045636766,0.073733166,0.023090646,-0.07716881,-0.026890688,0.015042917,0.11017095,0.016907824,-0.028151866,-0.099810064,0.00789231,-0.078094676,0.12662895,0.058482397,-0.073382854,-0.064480364,0.03392332,-0.0037510786,-0.062329993,-0.07228178,0.053175185,-0.010741502,-0.0532775,0.037376765,-0.03210806,0.17540967,-0.0045428183,0.05046882,0.056179777,-0.1000265,-0.007390842,-0.06407029,-0.17041455,0.021506622,0.06353847,0.02092123,0.0018430994,0.05794575,-0.03521428,-0.0784041,0.045457058,-0.043063194,0.083062604,0.10271248,0.019434372,0.16797297,-0.0561497,0.1435304,0.10278843,0.14751738,0.04580945,0.0053618243,-0.15355778,-0.01911475,0.11473713,0.2051745,influencer
reza aditya,-0.15381885,0.11117745,-0.028075408,-0.21098028,-0.11273383,-0.05495137,0.06731653,0.14444752,-0.10088219,0.13861078,0.21735156,0.030395713,-0.0016162643,0.108082086,-0.17321144,0.13453585,-0.053009335,-0.042189933,0.0008522362,0.0720931,-0.025657143,0.019150436,0.0009734465,0.16004159,-0.01721855,0.12686184,0.033258483,-0.07329407,0.09613085,0.14017281,-0.15243739,-0.16743687,0.2848353,0.078784674,0.021277888,0.01716166,-0.067851976,0.012533697,-0.059365213,-0.18364102,-0.20285943,-0.012917071,-0.028782057,0.12388006,0.032073673,0.12809032,0.03675813,0.27778998,0.1658777,-0.048683263,0.13096711,0.043269217,0.122032925,0.086005524,0.015331112,-0.07198031,0.12601328,0.07301006,-0.046627715,0.095388494,-0.18235597,0.0743204,-0.11451474,0.13516478,influencer
felix siauw,-0.041426927,0.0035168603,-0.043928258,0.062948495,-0.052090846,-0.09366007,-0.041378573,0.057956405,0.0404661,0.02620469,-0.048480157,-0.024210813,-0.028244715,0.012810808,0.120165765,-0.01491701,-0.032353904,-0.086119056,-0.03912253,-0.13410819,0.11416405,0.09314448,-0.064512454,-0.06537007,0.031522144,0.008315978,-0.06521774,-0.09940465,0.081447065,0.027265992,0.024055183,0.04185348,-0.05117549,0.18792756,0.035031777,0.016231706,0.044248305,-0.031712607,0.028508365,-0.05573735,-0.21851686,-0.015194245,0.045343976,0.0051246407,-0.031763546,0.053307638,-0.04100891,-0.09330265,0.074270114,-0.009642473,0.03746823,0.09926185,0.09230009,0.17492832,-0.062381625,0.14215544,0.058579367,0.08471219,-0.043000508,-0.032954764,-0.15752812,-0.008106322,0.15127918,0.1781523,influencer
luna vidya,-0.039187215,0.044734616,-0.00443521,-0.009683745,-0.06387718,-0.048057996,-0.013248047,0.08412935,0.036377154,0.040110447,-0.038640242,-0.021233711,-0.025373317,0.0545773,0.035314016,-0.023539208,-0.0478013,-0.07596947,-0.065568715,-0.0806191,0.060082097,0.060797796,-0.07342478,0.014844062,0.02052504,0.026168052,-0.031767435,-0.11332787,0.08407367,0.06785183,0.005220958,-0.039551035,0.0051331995,0.16639075,0.042585984,0.02584898,0.041366562,0.026039574,0.018891677,-0.080056384,-0.24202481,-0.04612208,-0.004708526,0.043952815,-0.055984206,0.08858761,-0.018312383,-0.029980998,0.1413356,-0.019110937,0.00092098047,0.07390189,0.12089653,0.15585333,-0.051102743,0.06976926,0.066086456,0.07213986,-0.04845439,-0.018473076,-0.16387382,-0.011113636,0.10888538,0.1743775,influencer
agustinus wibowo,0.058598027,0.06731174,-0.075956285,0.05825325,-0.039649982,-0.09780458,0.029479012,0.007244949,-0.03679902,-0.015291336,-0.014950272,0.043392666,-0.015689958,-0.10824758,0.1273311,-0.06324438,0.10005938,-0.03228036,-0.049046718,-0.16123018,0.12024206,0.0072036637,-0.08199598,-0.05107317,0.09882393,-0.0041940054,-0.1144467,0.074033275,0.10450787,0.10909262,0.05895496,-0.017878968,0.02550485,0.20618436,0.02101389,-0.026440362,0.067376524,0.00721479,-0.005299941,0.015435244,-0.13641965,0.053340115,0.11946951,-0.04458798,-0.11494923,0.050149933,-0.105323955,-0.04710804,0.0065466347,-0.02539571,-0.06310755,0.036740903,0.0848002,0.22062781,-0.09003353,0.18753654,0.027990125,0.22420304,-0.10046099,-0.054299787,-0.16510622,-0.035520725,0.04871154,0.1472826,influencer
rara sekar,-0.03970407,-0.1800026,-0.051449157,0.07880004,-0.0229338,-0.013064848,-0.25309417,0.14543736,0.18480276,0.022011107,-0.14958468,-0.03478711,-0.082838744,0.24113834,0.05192579,0.07874951,-0.16083887,-0.08094009,-0.0087555535,-0.12165757,0.01601082,0.2309872,-0.05785691,-0.09941523,-0.005626508,0.015794411,0.07901941,-0.3519832,-0.02716278,-0.057493377,0.06861755,0.117912725,-0.1720924,0.05890291,0.16352253,-0.06051034,-0.0991452,0.064343244,0.11528477,-0.1726555,-0.27006078,-0.11022623,-0.09280823,0.089322776,0.17691073,0.060569722,0.11275396,-0.16004246,0.08900225,0.11940084,0.18668208,0.15587221,0.12918259,-0.01881165,-0.031478554,0.043320715,0.021310404,-0.25954062,-0.12533158,0.0007216489,-0.041540135,0.025890779,0.24550295,0.084850945,influencer
isyana sarasvati,0.046832956,0.05605205,-0.084995165,0.059038237,-0.043096446,-0.10764033,0.023232855,0.016742054,-0.034873113,-0.024442695,0.0020790535,0.049559087,-0.0105848685,-0.09579581,0.12058978,-0.043745205,0.09260452,-0.036866765,-0.045368444,-0.14875576,0.12254282,0.022955345,-0.05809035,-0.058311738,0.08775841,0.01126107,-0.104361385,0.051070765,0.107638076,0.107812226,0.044338174,-0.0054399557,0.036730155,0.19669804,0.02931279,-0.032194387,0.06319577,-0.008541092,-0.018939294,0.0041745845,-0.13676694,0.049252953,0.12580456,-0.032048445,-0.09023872,0.053170763,-0.09545578,-0.03332533,-0.0026749172,-0.02905083,-0.0402579,0.056763794,0.08344525,0.20766005,-0.08056149,0.17931029,0.022842254,0.19883266,-0.10243893,-0.040737435,-0.16253932,-0.022821981,0.053273432,0.14433086,influencer
vidi aldiano,0.010421902,0.023567336,-0.07406978,0.06756273,-0.019413449,-0.09734705,-0.019068215,0.030050822,0.0020434097,0.02810003,-0.051383168,-0.004926841,-0.036276188,-0.046707187,0.13930827,-0.033624485,0.04576704,-0.055450603,-0.03325019,-0.14829963,0.10330748,0.060044825,-0.0750187,-0.047625083,0.06785803,-0.008082863,-0.08736612,-0.0045029074,0.07811696,0.04252075,0.052437864,0.0105824545,-0.02861537,0.18158017,0.01343167,-0.01636321,0.054087244,0.005921436,0.02779907,-0.0029081488,-0.16209126,0.03317792,0.07478151,-0.02791083,-0.07765226,0.043017823,-0.07222274,-0.07989541,0.040028106,0.0005073494,-0.009564822,0.042796552,0.07214224,0.20506027,-0.07391073,0.1712676,0.03918445,0.17002569,-0.07644941,-0.055526637,-0.1609714,-0.04527803,0.09931429,0.13983685,influencer
helga angelina,-0.07987976,-0.18457574,-0.15739627,0.066380695,-0.023237774,-0.07893224,-0.24005301,0.114783466,0.07585466,0.084492,0.0041671554,-0.012353977,-0.07731408,0.15846336,0.07552047,0.20379362,-0.083814174,-0.045686074,0.0898724,-0.12164749,0.037078574,0.23817065,0.0015024927,-0.1359697,0.034700748,0.037955068,0.05595859,-0.23786503,-0.035309672,-0.07126689,0.031000854,0.15834533,-0.053802706,0.0027844356,0.12503731,-0.108410254,-0.16927421,-0.015943332,0.0917083,-0.17194688,-0.16976842,0.0027261088,-0.009027195,0.038955282,0.22917852,-0.009276509,0.10316758,-0.060889643,-0.044401616,0.12910438,0.310817,0.12942553,0.051928435,-0.012183682,-0.0064411056,0.08806467,0.050589606,-0.18495136,-0.15397865,0.036848437,-0.022937747,0.08225274,0.13013917,0.018055188,influencer
melati wijsen,-0.00643913,-0.1838606,-0.254347,0.057014134,-0.028115576,-0.09335646,-0.26193404,0.09006582,0.0170771,0.07172644,-0.025948023,0.060039844,-0.08809949,0.10983213,0.10311554,0.2073327,-0.047989152,-0.0058349264,0.08239879,-0.1964181,0.013745413,0.2751627,0.018560506,-0.13711932,0.055687435,0.047510367,0.0392221,-0.18997973,-0.0115196835,-0.034956582,0.12621643,0.17467877,-0.030510474,-0.00783161,0.15396118,-0.18236563,-0.22085804,0.054955266,0.13902351,-0.14976971,-0.16649714,0.018946603,-0.008106159,-0.017045317,0.20024756,-0.05148226,0.08866058,-0.037111435,-0.06537855,0.18506297,0.29952657,0.08797261,0.11192832,-0.006794994,-0.013499176,0.10717438,0.009347066,-0.2102844,-0.28789872,-0.009790077,-0.02042719,0.11345963,0.11553695,-0.055322267,influencer
anindya kusuma,-0.123578206,-0.10044114,0.0038442833,-0.10595317,-0.07913841,0.045996025,-0.18271075,0.21737134,0.13687086,0.097719386,0.007368516,-0.03167402,-0.0604785,0.3400696,-0.1616702,0.16631624,-0.2149999,-0.06649777,-0.0078120492,0.039597183,-0.06970101,0.17681864,-0.030837853,0.04350824,-0.049394697,0.094556674,0.16038421,-0.3980022,-0.023573741,0.01229386,-0.066381484,-0.018690577,0.020654213,-0.015026182,0.17108953,-0.02191739,-0.14971429,0.08724719,0.05022803,-0.29198414,-0.2978921,-0.14198947,-0.16973591,0.20009422,0.21385159,0.12189835,0.17970127,0.045620155,0.19049482,0.07527818,0.23855469,0.13946727,0.14768282,-0.08494259,0.01735061,-0.117048524,0.08206208,-0.29902375,-0.09509167,0.10087234,-0.05501137,0.07810741,0.10625826,0.086729735,influencer
eva bande,-0.0013115172,-0.096316904,-0.14276376,0.0007806197,-0.011615075,-0.036142707,-0.174764,0.092822775,0.012454923,0.09566231,-0.03780417,0.024657713,-0.09114502,0.101009384,0.039749067,0.113852635,-0.03248088,-0.008537566,0.044994157,-0.13913792,-0.020448253,0.15990713,-0.057582147,-0.02903853,0.058814473,0.012474356,0.026891736,-0.12590913,-0.012455578,-0.003468226,0.09027595,0.038343094,-0.015879316,0.031205043,0.10499123,-0.1123085,-0.14785704,0.11331928,0.12073517,-0.10908119,-0.17208758,0.0040717535,-0.043488294,0.0110484455,0.09615523,0.01881176,0.061267287,-0.019985456,0.025577253,0.13435563,0.16543171,0.025128826,0.106137656,0.039063044,-0.041147817,0.062448703,0.0393895,-0.07937033,-0.20081234,-0.012270125,-0.06269841,0.026089773,0.058323264,3.393204e-05,influencer
zahra muzdalifah,-0.035031877,0.012921965,-0.03780102,0.07340802,-0.027274268,-0.09651233,-0.02485042,0.04598417,0.033889398,0.038305037,-0.030512732,-0.040359817,-0.031195115,-0.013246106,0.12956157,-0.018751018,0.009386251,-0.078903586,-0.022074234,-0.11565198,0.11547395,0.06317664,-0.07346803,-0.05916488,0.05068103,-0.0072352877,-0.07344253,-0.04676371,0.0666128,0.017056797,0.0076661455,0.0261102,-0.041241944,0.18071422,0.010009325,0.014547222,0.0637669,-0.039946467,0.009706863,-0.02847593,-0.17046371,0.020365521,0.069160834,-0.0013333964,-0.042968184,0.052894726,-0.054120883,-0.09108434,0.044603094,-0.020386565,0.023995753,0.076077044,0.04870089,0.18762538,-0.06668697,0.15859348,0.06223518,0.15257075,-0.020424254,-0.02992624,-0.15604885,-0.038414888,0.11959432,0.17214543,influencer
sarwendah,-0.025424799,0.07100434,-0.045457475,-0.015837194,-0.04474638,-0.07372755,0.018823791,0.04154709,-0.037069716,0.09483524,0.01123938,-0.010179865,-0.036557853,-0.03448429,0.068588234,-0.009829533,0.031375676,-0.043146156,-0.018056113,-0.11236875,0.069908574,0.014702724,-0.103557706,0.014243835,0.06660299,-0.000793989,-0.07629475,0.03196497,0.072060816,0.06680806,0.014937237,-0.05078212,0.044095673,0.16717514,-0.0061433357,0.007771653,0.013044095,0.017410882,0.03406703,-0.03979358,-0.16783515,0.03790862,0.035724055,-0.019236533,-0.083611414,0.051615298,-0.061227664,-0.0018623164,0.087255836,-0.0071409103,0.010110027,0.0049149496,0.083765335,0.18980017,-0.068657584,0.12576061,0.08706601,0.19720063,-0.055079393,-0.03457681,-0.16856265,-0.019792495,0.022526205,0.15021549,influencer
cut meyriska,-0.02202236,0.07746898,-0.032109253,-0.029731637,-0.050756577,-0.05800332,0.019270819,0.05015717,-0.028628275,0.09162433,-0.0037538658,-0.009969417,-0.036440894,-0.016633611,0.050404496,-0.019714028,0.015863344,-0.04446648,-0.033204712,-0.10648249,0.057247534,0.014024676,-0.107888736,0.031472925,0.060057536,0.0024837456,-0.06694932,0.011340185,0.07538082,0.07680027,0.01924524,-0.06703614,0.04302968,0.16704376,0.0020756514,0.012889691,0.015662428,0.038075633,0.038576856,-0.047913022,-0.18860787,0.018081259,0.015355136,-0.008063758,-0.09263074,0.061867125,-0.053310037,0.00030036154,0.113780014,-0.0067949686,-0.005179337,0.0044802804,0.10100509,0.1857633,-0.06692176,0.106090955,0.085888475,0.17760222,-0.059612885,-0.036035046,-0.17058846,-0.02040663,0.029171925,0.1527175,influencer
danu alqamara,-0.5782712,-0.091359526,-0.2858253,-0.30492842,-0.039016537,-0.5435195,0.068393186,0.0738186,-0.4736468,0.48643076,0.9645299,0.20632535,0.08631449,0.124006525,-0.13569725,0.6863949,0.13693325,0.014455995,0.40896267,0.21000938,0.18825328,0.13715443,0.25585103,0.04095536,-0.027723838,0.18428534,-0.1453223,0.3632919,0.017311526,-0.08529483,-0.5062111,-0.07038982,0.74526894,-0.02204166,-0.23744524,-0.09705847,-0.4718563,-0.49286154,-0.27457765,-0.3620246,0.15889044,0.33361152,0.34640536,-0.0036120228,0.50538075,0.07258871,-0.04822044,0.77041125,-0.25621858,-0.05542425,0.8899144,0.13996206,-0.2255044,0.17712246,0.15918323,0.12199145,0.3345882,0.61147976,0.08552751,0.34521326,-0.24249256,0.21820576,-0.7025815,0.23082595,influencer
donna harun,-0.024900617,0.04268314,-0.117223136,0.017541643,-0.038705528,-0.12005483,8.5398824e-05,0.020791015,-0.077071756,0.08810043,0.028437328,0.023296237,-0.039629556,-0.07902652,0.12087071,0.022150006,0.057670932,-0.034289137,0.011065358,-0.16074392,0.09402998,0.04943434,-0.06938702,-0.030620571,0.07188229,0.0054087928,-0.10368645,0.060497865,0.08239816,0.051085763,0.03938549,0.0002451565,0.042166933,0.16912536,-0.008744592,-0.026986398,-0.011460431,-0.008485553,0.04311894,-0.020214256,-0.13825151,0.07469396,0.07843928,-0.058049694,-0.06210154,0.019792788,-0.08039697,-0.00045199002,0.02535796,0.013843365,0.05248969,0.010757962,0.07804252,0.20181014,-0.06746212,0.17125061,0.06963092,0.19971769,-0.0929355,-0.043941803,-0.1686326,-0.0029040296,0.021356579,0.119768,influencer
rian fahardhi,-0.09952249,0.01868874,-0.05136129,0.056070983,-0.03981104,-0.124683574,-0.01252614,0.0337374,-0.014867089,0.10732305,0.050581433,-0.055142432,-0.035427544,-0.041923422,0.13617545,0.03459743,0.008524068,-0.07791656,0.039260793,-0.122018635,0.13267022,0.048125193,-0.084456146,-0.07056223,0.057276823,-0.013447387,-0.09563984,0.008040824,0.055073403,-0.011229366,-0.029746851,0.041858494,-0.008951419,0.18018448,-0.027913574,0.031818382,0.01883316,-0.10167577,0.01857815,-0.0464143,-0.13811895,0.069076225,0.08355915,-0.028641313,-0.01144129,0.025987338,-0.062168237,-0.055932835,0.014839467,-0.022982787,0.10222559,0.062669575,0.017823625,0.18932098,-0.06503869,0.18043269,0.112558365,0.2017006,0.020848645,-0.010528104,-0.15880641,-0.007913249,0.06717621,0.18239382,influencer
nona berlian sakina,-0.32450438,-0.060066607,-0.19648007,0.085133806,0.0005640667,-0.35736725,0.006094274,0.0005841227,-0.20580778,0.20461674,0.4476151,-0.02999834,-0.0045058914,-0.13335736,0.17793894,0.31334835,0.12825269,-0.072441295,0.30587092,-0.06374845,0.2167128,0.056511696,0.07714597,-0.17225383,0.08264238,0.042947464,-0.14831585,0.19719854,0.024004925,-0.13461205,-0.21967438,0.14913532,0.21101463,0.0946265,-0.1522322,-0.030470338,-0.10110515,-0.4237166,-0.09584938,-0.076412186,0.12580965,0.29722703,0.30246195,-0.08367494,0.22379866,-0.052803833,-0.08121273,0.17100689,-0.28356877,-0.07308671,0.44946474,0.12037398,-0.18805055,0.17058954,0.016884513,0.2810992,0.1708656,0.37796807,0.13228887,0.12788326,-0.13857128,0.088699356,-0.17154689,0.14790773,influencer
henjiwong,0.033201378,0.06762945,-0.15221912,-0.012184069,-0.032670505,-0.112391144,0.018039465,0.009817019,-0.117417604,0.078458086,0.015683394,0.07045199,-0.042151123,-0.10876447,0.10471756,0.006292725,0.1016419,-0.001999447,-0.0074870866,-0.17846385,0.066669285,0.035325795,-0.069975615,0.0035008914,0.08975941,0.012661118,-0.10793142,0.11197351,0.09645772,0.09702067,0.081225805,-0.038381435,0.08104457,0.16084555,-0.0016623174,-0.06312151,-0.024833728,0.056662206,0.0556721,0.0016252048,-0.12946376,0.08379087,0.07656652,-0.07691716,-0.10386102,0.01695196,-0.09449983,0.038475387,0.033558752,0.033394136,0.007292322,-0.034019317,0.110412195,0.21233925,-0.07154171,0.16636664,0.042632587,0.21762963,-0.16189179,-0.066367485,-0.17458141,-0.007876202,-0.02102124,0.07970022,influencer
anakjajan,-0.06692578,0.060692918,-0.06195908,-0.09223351,-0.098279595,-0.06711191,0.0052264975,0.10493797,-0.04207727,0.05813512,0.05930398,0.0426312,-0.0140105905,0.06618061,-0.039408494,0.052863568,-0.052236296,-0.052787602,-0.045865808,-0.054412708,0.026581688,0.07611169,-0.018929668,0.058745414,-0.00057767576,0.08794294,-0.009718753,-0.10856104,0.10949698,0.11564182,-0.025328062,-0.065870814,0.12692523,0.13010567,0.058059018,-0.006828103,-0.031306352,0.032972883,0.004216496,-0.12915912,-0.24191625,-0.03874356,-0.010986756,0.061401635,-0.0130089335,0.08963582,0.0029350326,0.10685722,0.14465742,-0.010938017,0.067894846,0.070133716,0.1609019,0.121582806,-0.022111215,0.017070435,0.06777457,0.025362577,-0.105361946,0.01665822,-0.1719279,0.05508939,0.02869844,0.13453951,influencer
kuliner koko,-0.021169953,0.023902057,-0.06365928,0.021895494,-0.06485129,-0.08301936,-0.03105025,0.059818596,0.0070965975,0.03016624,-0.048506297,0.0104168,-0.029419959,0.009754527,0.090356626,-0.014825068,-0.028815743,-0.06770633,-0.052834816,-0.14508829,0.086358994,0.08973474,-0.0635631,-0.03045563,0.03171037,0.022735279,-0.062138885,-0.08530432,0.09559892,0.062480934,0.04775899,0.009815304,-0.014073124,0.18135989,0.045227744,-0.0014883567,0.017829895,0.014974551,0.045548275,-0.06218584,-0.23414809,-0.022935322,0.024146684,-0.0006614573,-0.05284772,0.054651238,-0.040717658,-0.050343297,0.10151101,0.005565251,0.021991884,0.07366669,0.13371515,0.17262846,-0.06046272,0.11923807,0.050731175,0.071108304,-0.09056681,-0.04238878,-0.16470113,0.0074588135,0.121818066,0.15562704,influencer
susan theresia,-0.14849445,0.14106622,-0.07939421,-0.36918467,-0.19476531,-0.026164236,0.07709415,0.20487043,-0.16637704,0.09656103,0.26476705,0.14392164,0.023701932,0.20825464,-0.34990725,0.19032344,-0.13706322,-0.016815329,-0.050754827,0.11244746,-0.116506055,0.07523987,0.07505314,0.27887452,-0.07833666,0.24349523,0.11130442,-0.18651082,0.16338497,0.260436,-0.15464836,-0.24436116,0.43604505,0.038448375,0.10604078,-0.024946248,-0.15814142,0.116668455,-0.059701163,-0.29716098,-0.30557388,-0.105071835,-0.114982076,0.20644255,0.0662342,0.16115268,0.108093634,0.4680536,0.27611738,-0.027698217,0.1512487,0.054775227,0.2759257,0.016246624,0.06527893,-0.22248058,0.086386696,-0.12469183,-0.18072335,0.13022721,-0.19797084,0.17513397,-0.16786444,0.07559192,influencer
agakenyang,-0.08146213,0.09403323,0.002192659,-0.115633555,-0.08693486,-0.03608349,0.03593424,0.10804173,-0.02759229,0.09839185,0.07281844,-0.0050929748,-0.017208565,0.07274966,-0.06962226,0.03376913,-0.044797342,-0.05536484,-0.039784662,-0.010387469,0.013333108,0.01783524,-0.06468394,0.09511386,0.0142227225,0.061164837,-0.003368638,-0.0738023,0.08441773,0.110324815,-0.062064655,-0.117102966,0.13579723,0.12767193,0.02669853,0.029716203,-0.007611405,0.034293354,-0.0066901892,-0.12513164,-0.22553845,-0.029902918,-0.02816958,0.07493475,-0.036946535,0.10645862,0.0035107108,0.10870093,0.16940546,-0.0342613,0.040524825,0.040183857,0.1249298,0.12718493,-0.028321471,0.0019658639,0.10340303,0.09252009,-0.04157959,0.027305745,-0.17173024,0.023523629,-0.00666416,0.16177103,influencer
ayoe widya,-0.08371419,0.03415523,0.02378546,0.04716286,-0.03849756,-0.076898634,-0.006127908,0.054639637,0.050701518,0.089566976,0.0028854895,-0.091400295,-0.031422198,0.009327032,0.10027135,-0.014479731,-0.020270295,-0.09293396,-0.004344515,-0.07680832,0.11521603,0.026340395,-0.11347596,-0.0402611,0.048483785,-0.023444992,-0.06617244,-0.04262591,0.044964485,-0.0010920351,-0.04318838,0.0054306677,-0.036780063,0.18306631,-0.01456597,0.06473498,0.06386165,-0.072250694,0.005478902,-0.05609762,-0.17380783,0.019614972,0.04523155,0.0149922725,-0.035188556,0.06143157,-0.04252866,-0.08837626,0.07331875,-0.0439702,0.04350494,0.071163476,0.021601751,0.1784811,-0.06883682,0.14069296,0.1140406,0.1843467,0.055167194,-0.008203068,-0.15564792,-0.037331067,0.10075206,0.21513654,influencer
syifa hadju,-0.00316798,0.03868071,-0.04631261,0.033518143,-0.048416227,-0.06981957,-0.020721596,0.04039146,0.00901423,0.049254447,-0.075961374,-0.010900261,-0.03968125,-0.01771453,0.11338189,-0.047125787,-0.0057244813,-0.06180276,-0.052043818,-0.16171359,0.08858091,0.059625775,-0.10460869,-0.025157582,0.055140354,-0.010655811,-0.08239323,-0.03787213,0.083078116,0.0529067,0.06609388,-0.007044274,-0.041309513,0.19551042,0.022413947,0.009577168,0.035436384,0.03150252,0.062163763,-0.03324758,-0.21913493,-0.0047945133,0.023540992,-0.024017412,-0.09342936,0.048056778,-0.0610238,-0.08467055,0.10318297,0.008211244,-0.01584845,0.03849171,0.11616891,0.1999926,-0.07738593,0.1439304,0.060930114,0.13274863,-0.07453905,-0.06397463,-0.16730541,-0.025946077,0.11465626,0.16101396,influencer
greysia polii,-0.036233038,0.011816679,-0.07837102,0.04633271,-0.03938312,-0.11100589,-0.02343178,0.054925382,-0.0010369692,0.031090949,0.004147469,0.0011727262,-0.025402684,-0.011651058,0.105583206,0.01543061,0.013755011,-0.06630152,-0.018859383,-0.11243652,0.10265444,0.082006134,-0.03536797,-0.048834257,0.039902657,0.025619011,-0.06391497,-0.051750407,0.083695844,0.042034782,0.0064422223,0.023932202,0.009435211,0.16271043,0.025411885,-0.013025904,0.032372743,-0.03226039,0.002557877,-0.043524835,-0.17133711,0.021621147,0.0736348,0.0026242374,-0.022345629,0.052651454,-0.046296217,-0.03346198,0.037526045,-0.0115031665,0.051506825,0.08138524,0.073694855,0.17219713,-0.052542366,0.13970599,0.04883458,0.11760254,-0.0646047,-0.018594285,-0.15845898,-0.007295867,0.09393591,0.14536129,influencer
apriyani rahayu,0.22711617,0.026664104,-0.7346344,0.04954779,0.05084335,-0.44193572,-0.022022657,-0.19161156,-0.57454073,0.10005663,0.24697989,0.4442364,-0.06420714,-0.548586,0.35810274,0.20248249,0.50843096,0.20976675,0.21773341,-0.4866441,0.09642544,0.13831356,0.14458711,-0.16936865,0.22947824,0.054612853,-0.29297036,0.66446555,0.1771659,0.09911775,0.36244532,0.14182052,0.3545994,0.09357189,-0.03495973,-0.42413726,-0.29652637,0.047904808,0.10289018,0.18830307,0.25386256,0.43927127,0.4062115,-0.44467938,-0.09044136,-0.23792833,-0.28758726,0.34934598,-0.4030789,0.22435209,0.19007778,-0.20966505,0.09878478,0.26368266,-0.07974529,0.4638123,-0.127574,0.4928648,-0.62639743,-0.16129783,-0.18120776,0.10641859,-0.37358126,-0.24114762,influencer
liliyana natsir,-0.013384092,0.0057716435,-0.0684662,0.07901263,-0.028269712,-0.10583015,-0.032736707,0.04121629,0.021339692,0.019098435,-0.04354877,-0.013267572,-0.030935893,-0.024648644,0.14071172,-0.018852174,0.018761588,-0.07100859,-0.029991584,-0.13984196,0.1163548,0.08065313,-0.059423536,-0.068316765,0.052365176,0.0009998536,-0.07798159,-0.047031224,0.07870965,0.02961446,0.03431653,0.037312865,-0.040399134,0.18188429,0.022910718,-0.007329964,0.05478116,-0.024647087,0.018573288,-0.021783512,-0.17568687,0.019137112,0.07625792,-0.012611724,-0.046474148,0.045328636,-0.05924832,-0.089445844,0.036582842,-0.006793064,0.01963992,0.07677606,0.069483116,0.19114527,-0.067054644,0.1669755,0.04233235,0.13351373,-0.05933382,-0.04144121,-0.15693492,-0.030071251,0.1261988,0.15423119,influencer
rio haryanto,-0.00020302105,0.040379554,-0.06472236,0.037231725,-0.027957324,-0.08620909,-0.0068383925,0.034593526,-0.011881756,0.05056656,-0.035498694,-0.004877339,-0.037467837,-0.040752046,0.11381897,-0.0278634,0.03912212,-0.050359674,-0.03117055,-0.13734451,0.08788201,0.045695364,-0.08420596,-0.021779649,0.06574808,-0.0051404093,-0.0835844,0.005290575,0.0772964,0.051936805,0.043803073,-0.01466595,-0.0052521527,0.17655294,0.007776498,-0.009053076,0.04055202,0.017361235,0.032263547,-0.014149414,-0.16719575,0.031959236,0.057360716,-0.02494783,-0.08387894,0.047850136,-0.06828742,-0.05297496,0.060561024,-2.9672083e-05,-0.0074575567,0.027662136,0.080089115,0.20091774,-0.07166462,0.15239218,0.053598993,0.17641997,-0.07339138,-0.050611436,-0.16477323,-0.038803052,0.07438262,0.14070272,influencer
anthony ginting,-0.027747404,0.072647244,-0.034774907,0.004949255,-0.03378459,-0.08130975,0.03303174,0.03871288,-0.03286528,0.07483034,0.040324062,-0.01626858,-0.027549652,-0.049397446,0.07266739,-0.010513451,0.058852494,-0.04575684,-0.0101329805,-0.08533429,0.08149214,-0.004172638,-0.08768901,0.004489995,0.0724046,-0.0002984415,-0.08048174,0.05075971,0.068961605,0.06425376,-0.014609907,-0.05369018,0.058268223,0.16505276,-0.013394311,0.008958889,0.043054335,-0.012008524,-0.008923467,-0.02278772,-0.12985158,0.057119183,0.071758926,-0.008710063,-0.07737625,0.06385723,-0.06903811,0.0032849305,0.04711104,-0.032917876,0.001966044,0.01887241,0.04538407,0.191554,-0.06735866,0.1327964,0.08237842,0.2333737,-0.02987031,-0.016656155,-0.16555299,-0.036738805,0.009772901,0.1560058,influencer
jonatan christie,-0.0394886,0.049571186,-0.00027271104,0.04461997,-0.017468993,-0.07079989,0.0059223752,0.037127994,0.021742031,0.085189685,-0.01772252,-0.0690486,-0.03922862,-0.0266612,0.10936044,-0.03626222,0.02828582,-0.06867771,-0.0125193475,-0.093539596,0.09468949,0.009107903,-0.11783255,-0.015451433,0.06838463,-0.03178241,-0.081063285,0.013796534,0.04769348,0.015380181,-0.0069792634,-0.027237318,-0.023348132,0.1789207,-0.02277058,0.037022684,0.06920219,-0.021867275,0.013144606,-0.015861671,-0.14646523,0.04162713,0.053367905,-0.008130482,-0.07999056,0.05916912,-0.06399715,-0.076536,0.06396604,-0.029106718,-0.004472964,0.026373796,0.024320556,0.20033982,-0.076270446,0.1501682,0.09206973,0.2304878,0.014049959,-0.032159243,-0.16082901,-0.06621063,0.07008444,0.18044187,influencer
kevin sanjaya,-0.0002031049,0.020347714,-0.063176855,0.06136923,-0.032997027,-0.09041835,-0.02658559,0.039002486,0.014544655,0.026870407,-0.061408646,-0.007951869,-0.034811743,-0.025745988,0.13069107,-0.03444145,0.01633655,-0.06389439,-0.042203184,-0.1502237,0.1028467,0.070931844,-0.07694918,-0.048400015,0.056175813,-0.0038347626,-0.08049398,-0.037921373,0.08160909,0.04303217,0.05279446,0.015724435,-0.039479423,0.18654996,0.023607103,-0.0056023933,0.049311742,0.005867333,0.03587275,-0.020785645,-0.19031751,0.010887422,0.05696679,-0.01900132,-0.07127099,0.046836365,-0.062303424,-0.087010175,0.062032655,0.0010631704,-0.003134875,0.056903962,0.089610025,0.1972308,-0.072018184,0.15880236,0.044307068,0.13679165,-0.07311958,-0.053899333,-0.16133317,-0.03270127,0.11940779,0.15176356,influencer
marcus gideon,-0.03806586,0.058400035,-0.07552044,-0.029495528,-0.048737966,-0.087858796,0.013925957,0.060252987,-0.05233836,0.07578063,0.04627359,0.018975858,-0.028425109,-0.015104039,0.04260131,0.027852442,0.029072817,-0.04066126,-0.015307634,-0.08570227,0.056786105,0.0410485,-0.04832583,0.02369229,0.04508222,0.036714263,-0.056606747,-0.0004622331,0.08528444,0.0786752,-0.0051939595,-0.05089894,0.0867178,0.1423173,0.010880573,-0.016105622,0.0020312383,0.01402753,0.0059224,-0.05395374,-0.1631915,0.03338792,0.04478403,0.0048085423,-0.049224906,0.063962854,-0.04455953,0.050030127,0.07268852,-0.008989422,0.039850995,0.028314967,0.090838656,0.16851723,-0.04660193,0.0973896,0.067780316,0.15250054,-0.08203577,-0.011139048,-0.16923639,-0.0014602091,0.011465713,0.12549254,influencer
rizki amelia,-0.028899878,0.07569563,-0.06548511,-0.049677443,-0.04310623,-0.07418354,0.02916327,0.06315228,-0.059136942,0.08207236,0.051725604,0.019247841,-0.028992176,-0.014191445,0.019791426,0.021512672,0.042637326,-0.032320205,-0.02049429,-0.0665116,0.03845887,0.020754784,-0.05389895,0.05275555,0.04988578,0.03743159,-0.05004635,0.016678274,0.082835265,0.091946766,-0.010804582,-0.08431662,0.10926741,0.13326043,0.0057278974,-0.017518718,0.007107195,0.036071867,-0.001540629,-0.049274027,-0.15472737,0.036067117,0.037342735,0.012306364,-0.065266445,0.07442355,-0.04389967,0.07192187,0.08420196,-0.012998894,0.018640086,0.008745714,0.08882161,0.16906428,-0.04513889,0.081183806,0.067962006,0.17237121,-0.083832145,-0.008842242,-0.1716066,-0.01363324,-0.014117639,0.118241474,influencer
eko yuli irawan,0.22591883,0.022328284,-0.7392968,0.040999673,0.038189612,-0.43870014,-0.03105117,-0.18127371,-0.5716418,0.08694415,0.24422835,0.45543167,-0.058680423,-0.5307023,0.34293538,0.20867065,0.48864877,0.20666893,0.2067596,-0.4838391,0.088162586,0.1579653,0.16183096,-0.16834047,0.21961653,0.06696787,-0.28168464,0.63169754,0.18500188,0.10827614,0.36551616,0.14232475,0.35989234,0.09011343,-0.017429523,-0.42795962,-0.30083895,0.054182738,0.10172048,0.17614332,0.23175088,0.42092204,0.39667106,-0.4327087,-0.08150272,-0.23191947,-0.27692392,0.36011302,-0.39330536,0.22578005,0.19451137,-0.19528055,0.11913493,0.25329244,-0.07532348,0.4484917,-0.13545138,0.4547975,-0.64157283,-0.15786895,-0.17998038,0.122034214,-0.3616596,-0.24080972,influencer
diananda choirunisa,0.014015239,0.057694715,0.003936912,0.04092288,-0.026628584,-0.043735683,-0.0006494768,0.03938114,0.040239107,0.043436944,-0.08985062,-0.04312635,-0.03903174,-0.015549917,0.103737615,-0.084538266,0.016554473,-0.062560104,-0.06419186,-0.12414339,0.08326946,0.018078197,-0.13055024,-0.003343196,0.069044836,-0.030940747,-0.07670816,-0.01925869,0.06910015,0.053095676,0.04878299,-0.043299124,-0.05048173,0.19619346,0.009637247,0.027738236,0.081411995,0.042330243,0.03729613,-0.011975346,-0.19819987,-0.002439394,0.025862504,-0.0076744193,-0.122104645,0.070046686,-0.064430304,-0.104076,0.10853794,-0.014656692,-0.069417134,0.024710268,0.08354458,0.20939025,-0.0849293,0.13825588,0.06330196,0.18401334,-0.036660403,-0.061796166,-0.16544232,-0.07157236,0.10742676,0.1766426,influencer
indra sjafri,-0.08236936,0.03971839,-0.031742852,0.010156972,-0.04625909,-0.09270888,0.0013846431,0.05991295,-0.0076157455,0.09122137,0.04591862,-0.038441774,-0.029194836,-0.0020429357,0.073400095,0.025693916,-0.000512308,-0.07059409,0.004298916,-0.07731864,0.090771794,0.039536677,-0.06993464,-0.016212292,0.041311603,0.0115359165,-0.062471837,-0.0248269,0.063838825,0.028661883,-0.03824226,-0.01243299,0.03220072,0.15917501,-0.0060359966,0.02602117,0.024990369,-0.04987663,0.000607652,-0.061055355,-0.1620598,0.03368229,0.051629964,0.010474887,-0.024466667,0.060162928,-0.041403648,-0.009740295,0.061173294,-0.028744984,0.06784243,0.058951475,0.047229238,0.16897583,-0.052715823,0.12001099,0.09842117,0.16581617,-0.003624387,0.00025982168,-0.16192976,-0.010422755,0.05207108,0.17178491,influencer
wahyu nayaka,-0.033591356,0.047142174,-0.021154962,0.04487305,-0.014482652,-0.081515566,0.006875986,0.034876756,0.0064220238,0.07953325,-0.005396298,-0.053829193,-0.03801414,-0.037774093,0.11158152,-0.025478417,0.043604143,-0.062275715,-0.007496299,-0.096163124,0.09413067,0.013618027,-0.1029588,-0.018180225,0.070592,-0.023841698,-0.08268,0.025562922,0.051829215,0.021035768,-0.0047954256,-0.024165377,-0.0070734713,0.17253667,-0.021495713,0.02159505,0.06276319,-0.02220884,0.0077773035,-0.010548653,-0.1337704,0.05234868,0.066030115,-0.012590877,-0.07497163,0.05534347,-0.0673383,-0.06034275,0.047813356,-0.02574429,0.002172572,0.024747396,0.023903973,0.19972509,-0.0731723,0.15434515,0.0830179,0.23242547,-0.00268022,-0.030747991,-0.16072585,-0.06173513,0.05813406,0.16633716,influencer
ahsan hendra,0.028665897,0.07357675,-0.045625493,0.014703771,-0.017648602,-0.061795123,0.020761214,0.02753561,-0.02335427,0.057964303,-0.042165216,-0.0044269576,-0.04034403,-0.05688569,0.09329678,-0.056916095,0.06986678,-0.033631615,-0.043262854,-0.12552485,0.06614648,0.0034790568,-0.11037643,0.018137887,0.084164746,-0.01692427,-0.08671824,0.052604154,0.074723735,0.07556199,0.05173444,-0.066865206,0.016093919,0.17551509,-0.0034485385,-0.008808983,0.053806745,0.058156766,0.030195363,0.0058890153,-0.1524144,0.040668093,0.04960542,-0.028565463,-0.12826993,0.059474215,-0.0793405,-0.037077077,0.07652747,-0.004302916,-0.060344074,-0.012388996,0.07940027,0.21413086,-0.079934865,0.14236447,0.054006908,0.22679536,-0.078048706,-0.060132675,-0.16959786,-0.065400034,0.03692849,0.13413477,influencer
aprilia manganang,-0.025138097,0.018041532,-0.068519115,0.05481288,-0.03303025,-0.10354902,-0.021092728,0.044087015,0.0028289251,0.038611613,-0.0172632,-0.010027336,-0.030976316,-0.024928499,0.120600894,-0.005114001,0.021036927,-0.06488861,-0.02116992,-0.12711164,0.1052271,0.06913088,-0.05945631,-0.04933925,0.051515613,0.0068019982,-0.07551212,-0.031344227,0.07784362,0.036284164,0.021127608,0.019092023,-0.011460778,0.17342788,0.015778389,-0.0061207125,0.04097317,-0.02269675,0.015971698,-0.02955202,-0.16905689,0.026903326,0.070640504,-0.0110374745,-0.044861622,0.047566004,-0.057031665,-0.057859026,0.041844673,-0.008452296,0.030156339,0.06481648,0.06910299,0.18648706,-0.0629667,0.15408948,0.05341278,0.14454058,-0.057484426,-0.032978173,-0.15955365,-0.022926686,0.09696494,0.15040864,influencer
zohri lalu,-0.035370216,0.0012474179,-0.11815256,0.07878947,-0.02981487,-0.14414454,-0.029424693,0.024113778,-0.03283882,0.04768834,0.01591644,0.0054931687,-0.032842822,-0.06766202,0.16190526,0.026655972,0.04558271,-0.058715202,0.015043553,-0.16178769,0.1320819,0.08433687,-0.043899134,-0.089661665,0.063651994,0.0056345644,-0.100006394,0.008390177,0.08041668,0.01909958,0.02732819,0.061792836,-0.006115442,0.17605379,0.0036541652,-0.025279187,0.017139446,-0.061665416,0.022028044,-0.019161932,-0.13588093,0.06844522,0.10978572,-0.04535205,-0.022517052,0.016373431,-0.074083805,-0.05437752,-0.013751234,0.002129435,0.075660154,0.0657917,0.05244309,0.19671178,-0.06475638,0.19825298,0.054359656,0.16669413,-0.068596125,-0.034713507,-0.15832663,-0.004942392,0.08269708,0.135981,influencer
bryan domani,-0.04296025,0.099401474,-0.054085292,-0.10325955,-0.06287168,-0.055273823,0.04402709,0.07749124,-0.07882944,0.10557241,0.07197561,0.028101087,-0.027902484,0.0075025335,-0.031475414,0.032245107,0.020817563,-0.026194122,-0.02518943,-0.048813052,0.010402311,0.008475458,-0.05984547,0.096536875,0.040076703,0.051217046,-0.035629697,0.010993554,0.08821014,0.11556043,-0.021940853,-0.12410101,0.1491903,0.12445725,0.0077588605,-0.009402442,-0.016276255,0.06146562,0.0055146525,-0.076304674,-0.17704895,0.020354912,0.0030664757,0.026716003,-0.069630384,0.08553681,-0.030182501,0.12076755,0.12585434,-0.012371102,0.021641282,-0.0063213054,0.11604477,0.15658134,-0.03701256,0.04065357,0.08330445,0.15574473,-0.089927495,0.0007908419,-0.17808339,0.0042982367,-0.04616361,0.11700007,influencer
yasa singgih,0.3827443,-0.2504848,0.1942769,0.15724304,0.0057231095,0.19133139,-0.3694241,0.2100805,0.5781028,-0.30079672,-0.2396754,-0.054272085,-0.04968711,0.47479445,-0.16208082,-0.053586483,-0.09688942,-0.017979441,-0.09546076,0.13882206,0.06643484,0.064470306,-0.20882726,-0.32570177,0.13004862,0.0030703787,0.3455801,-0.41205394,-0.18478975,0.14019185,0.0044828337,0.18713354,-0.26377118,-0.062205918,0.42776793,-0.13621327,-0.078197785,0.08456136,-0.046651438,-0.27132797,-0.17849025,-0.2556394,-0.078946486,0.30922803,0.40319458,0.11342685,0.2936061,-0.37387633,-0.06990532,0.10135251,0.11918023,0.3337681,0.006123122,-0.36898744,-0.08089924,-0.08402202,-0.098811865,-0.56733686,-0.14830896,0.13788512,0.252863,0.017836433,0.30355677,0.05840986,influencer
andhika diskartes,0.6941588,-0.2426092,0.07781703,0.14538473,-0.04859453,0.066370234,-0.21848828,0.18445374,0.7267169,-0.52751315,-0.20699397,0.02374325,0.058490224,0.52094364,-0.30399927,0.03969819,-0.032820925,-0.121807516,-0.2841159,0.27763602,0.18328464,0.23402633,-0.22885762,-0.5214826,0.16142121,0.08388223,0.5026961,-0.43922043,-0.14186959,0.3362245,-0.19710091,0.43176493,-0.17985731,-0.14446133,0.4897945,-0.34357825,-0.041268744,-0.085557684,-0.15367547,-0.440247,-0.067413434,-0.22974455,0.09913251,0.44765317,0.63437045,-0.05607186,0.43950656,-0.48820722,-0.117894724,0.032197785,0.22505449,0.46921697,-0.04492059,-0.4343998,-0.025631955,0.022135116,-0.19501652,-0.6457146,-0.2425901,0.21749252,0.34849724,0.11289787,0.3864349,-0.018782444,influencer
raden rauf,-0.044541392,0.038520295,0.21064052,-0.21795149,0.46663046,0.22691146,-0.027826197,0.022346688,0.27048293,0.49985042,-0.14049938,-0.44084382,-0.23273182,0.57671887,-0.35355765,0.044039484,-0.19799705,0.1335111,0.22923957,0.44181392,-0.018020961,-0.09131027,-0.37139758,0.27405185,-0.20396586,0.2050212,0.23921186,0.016912378,-0.42343342,-0.21099316,-0.07477773,-0.07370325,-0.15848885,-0.30484208,-0.11502615,0.31233323,-0.28723818,0.21246336,0.08938298,0.007102874,-0.20489448,-0.20473576,-0.4501649,0.14704637,0.038363498,-0.12968601,0.2497299,-0.047070496,0.40927255,0.2438027,0.3299895,-0.3246114,-0.30194935,-0.29254895,0.008708494,-0.41827038,0.043181434,-0.11467459,0.18664487,-0.010435327,0.1930558,-0.24875304,0.0544865,-0.33491692,influencer
sandy firmansyah,0.41558394,-0.27926308,0.21010956,0.17931703,-0.00033754855,0.20537516,-0.3897398,0.22237286,0.62474716,-0.33927864,-0.310162,-0.038838677,-0.052417923,0.5187214,-0.1605919,-0.07372512,-0.12983406,-0.035422556,-0.13131993,0.11709243,0.07202076,0.08813278,-0.22228944,-0.3431273,0.11076444,-0.0003802888,0.35500818,-0.46556115,-0.1787684,0.1546678,0.0262475,0.20546025,-0.33161116,-0.050073907,0.45178145,-0.15793404,-0.06927836,0.10163072,-0.027462954,-0.2797404,-0.20373653,-0.29086754,-0.10789988,0.31231248,0.42126712,0.12062427,0.30988267,-0.43338072,-0.04747495,0.11237605,0.10841866,0.37198228,0.04123466,-0.38486695,-0.07407585,-0.08500323,-0.12316602,-0.64320135,-0.16383779,0.1272549,0.2697879,0.014173556,0.36512625,0.054340206,influencer
jouska,0.5946723,-0.21010491,0.16567194,0.10814038,-0.049834248,0.089248665,-0.1903716,0.20689517,0.7426955,-0.48583394,-0.14634894,-0.056994826,0.07346814,0.5531287,-0.3484642,0.034703955,-0.067058824,-0.13916926,-0.26688176,0.35052142,0.17472246,0.19751535,-0.23327926,-0.49271792,0.15778974,0.07976796,0.5204747,-0.48204592,-0.16215467,0.29420948,-0.2720036,0.3908242,-0.14216821,-0.14503175,0.46845818,-0.24252978,-0.013887266,-0.13481532,-0.18386793,-0.47052157,-0.1067934,-0.25148576,0.086759865,0.49931306,0.6228531,-0.017846992,0.44493917,-0.4525795,-0.06528382,-0.021300629,0.2192933,0.46802217,-0.0792415,-0.4243337,-0.031139312,-0.013832358,-0.1361344,-0.5963207,-0.12233537,0.250676,0.33388764,0.104910314,0.36269593,0.07383626,influencer
fellexandro ruby,0.32172257,-0.22394133,0.13154826,0.08124655,-0.08021727,0.16064887,-0.36202192,0.24293739,0.50998336,-0.27108634,-0.12816134,0.007945253,-0.028022952,0.4879198,-0.2295813,0.055489324,-0.14693254,-0.02720792,-0.10158627,0.18870391,0.054578163,0.10118336,-0.10804048,-0.28697723,0.06737608,0.08255951,0.3766836,-0.47013533,-0.13626751,0.17838061,-0.070869334,0.16723184,-0.14558683,-0.09924034,0.4351156,-0.14178216,-0.12952209,0.05919531,-0.080464296,-0.35785055,-0.20085883,-0.2605608,-0.0866269,0.35816532,0.4495532,0.11726405,0.3186108,-0.22794157,-0.0434074,0.089922935,0.20916933,0.3636191,0.027675405,-0.40319502,-0.026384326,-0.15022445,-0.07587593,-0.63382035,-0.17536703,0.19263142,0.20989576,0.10096475,0.24757713,0.040193222,influencer
denny santoso,-0.12948528,0.08962569,0.19179899,-0.42204,0.37367812,0.2179821,0.051671363,0.088602826,0.14231366,0.5513458,0.048353635,-0.36605355,-0.1952837,0.6046218,-0.5567775,0.19110364,-0.2277377,0.14834657,0.21885975,0.5491216,-0.08697911,-0.07362486,-0.30533943,0.40384865,-0.23501873,0.32521394,0.34885025,0.0036958307,-0.37063155,-0.11451455,-0.19526696,-0.14500071,0.119049236,-0.3719369,-0.10266025,0.29061225,-0.4286898,0.2072353,0.06614401,-0.118830055,-0.19211,-0.2408369,-0.45505816,0.22337785,0.12895595,-0.1059067,0.32699287,0.24811906,0.5000945,0.24333756,0.4519226,-0.32037196,-0.2539647,-0.3803262,0.080057815,-0.5623859,0.0837702,-0.18708473,0.12953652,0.11107026,0.1634769,-0.115008496,-0.095360994,-0.37360352,influencer
vincent raditya,-0.066344574,0.024179574,-0.04337101,0.045120087,-0.044026207,-0.101167254,-0.016257975,0.04393161,0.0029474015,0.07899495,0.0059997663,-0.039512042,-0.03398367,-0.019848298,0.11777506,0.0065942393,-0.0026451931,-0.074885204,0.00018031948,-0.12211986,0.113226295,0.055539474,-0.0834343,-0.050502468,0.04950085,-0.0056471373,-0.081577405,-0.025584288,0.065923244,0.015040943,-0.0036853696,0.021419529,-0.01687891,0.18075871,-0.003408908,0.024752473,0.029663768,-0.053092845,0.024774063,-0.047201477,-0.17216918,0.03313265,0.058973163,-0.01405589,-0.034691133,0.042266782,-0.054715022,-0.061823294,0.05151081,-0.016110606,0.059444785,0.06319191,0.053924948,0.18561009,-0.06531932,0.15549362,0.09070659,0.16283908,-0.011994444,-0.023182739,-0.16062686,-0.0141858775,0.089173704,0.17636847,influencer
christian sugiono,0.38433748,-0.2753828,0.17720845,0.16305247,-0.029880878,0.18601705,-0.39156726,0.22663647,0.60394895,-0.31938508,-0.23039761,-0.03298788,-0.043601796,0.51693785,-0.1796602,-0.00812931,-0.13409464,-0.03316333,-0.10763067,0.1620678,0.07705357,0.098076075,-0.17388965,-0.35997975,0.09859462,0.03324761,0.37352443,-0.4697811,-0.17865902,0.15197003,-0.034712203,0.21989861,-0.27485025,-0.08175116,0.45083368,-0.15368241,-0.09335043,0.0549454,-0.06269409,-0.31931895,-0.17870039,-0.26610467,-0.082799226,0.3391149,0.4669761,0.10668324,0.32465953,-0.37995374,-0.08297711,0.10240577,0.18198675,0.3882467,-0.0021116436,-0.41068864,-0.051477507,-0.10300866,-0.10452653,-0.6528294,-0.15784678,0.16605628,0.26781547,0.050166387,0.33309266,0.040481605,influencer
hanifa ambadar,0.37153387,-0.30805627,0.20086068,0.202299,-0.014934462,0.17566419,-0.3907803,0.22310175,0.6251579,-0.3465508,-0.30458856,-0.03365869,-0.044188965,0.52792877,-0.13485798,-0.051255494,-0.15757385,-0.058288373,-0.1267214,0.10076916,0.097698204,0.122906595,-0.19932663,-0.3760444,0.084489696,0.007942004,0.33445513,-0.49483714,-0.16486594,0.13749292,0.0073971422,0.24826631,-0.35454777,-0.03053401,0.4478903,-0.15510342,-0.06953278,0.048992105,-0.029289404,-0.28739795,-0.20616981,-0.2922906,-0.09167337,0.3034882,0.45562017,0.11668006,0.3072618,-0.4505695,-0.062219717,0.105508715,0.15415919,0.41924608,0.042177483,-0.37858823,-0.060043722,-0.06592503,-0.119989365,-0.6708408,-0.14604001,0.13407312,0.26902902,0.030676607,0.40036517,0.071415536,influencer
rendy saputra,-0.24623293,0.07980331,0.27178022,-0.36126494,0.33581623,0.19857675,0.037539672,0.117335185,0.18970568,0.56583315,0.1452834,-0.45321774,-0.17841613,0.63748,-0.56156147,0.23275669,-0.3006175,0.08386545,0.2728005,0.66186905,-0.060187068,-0.09639517,-0.2764165,0.37612426,-0.25714496,0.28888232,0.3397857,-0.07286672,-0.37281168,-0.17607719,-0.31875056,-0.12850714,0.09579533,-0.36772603,-0.13138103,0.34035635,-0.33868313,0.072640724,-0.0032453686,-0.15504476,-0.1343726,-0.20886298,-0.44527322,0.28810388,0.21443899,-0.067744635,0.34437707,0.2214854,0.4384549,0.15227011,0.50466543,-0.22759959,-0.3278565,-0.39248616,0.10721895,-0.55385274,0.14723666,-0.19134036,0.30108202,0.16616637,0.15952277,-0.11937226,-0.0864151,-0.27292162,influencer
agung hapsah,-0.04663682,0.042611424,-0.07966627,-0.032819465,-0.06433329,-0.089868635,-0.0011066165,0.07878183,-0.036185365,0.049433567,0.043718155,0.03150388,-0.02024528,0.019225795,0.026169106,0.03999299,-0.003456069,-0.050716765,-0.029491372,-0.077099,0.056492142,0.07246806,-0.020892378,0.01691288,0.022537462,0.061108835,-0.037137374,-0.06208609,0.09760128,0.08668405,-0.0108536035,-0.034266863,0.08774457,0.13825268,0.03795045,-0.019165382,-0.0032905543,0.009358048,-0.0019028394,-0.080168605,-0.19431508,0.0017049976,0.035550088,0.029352516,-0.02200087,0.07308789,-0.024533316,0.056768864,0.085553095,-0.009866789,0.057476945,0.06426349,0.1150475,0.1481372,-0.034976766,0.074763134,0.05546821,0.084402144,-0.095580444,0.0005650787,-0.16696636,0.021309296,0.04085941,0.1279273,influencer
irfan amalee,0.37513357,-0.26939186,0.19243959,0.17702597,0.0033827648,0.18381646,-0.37585145,0.21236414,0.5944809,-0.31460506,-0.24232152,-0.05664377,-0.046548195,0.48723763,-0.15207352,-0.043805785,-0.10658585,-0.028282408,-0.0957263,0.14188021,0.0775403,0.08086824,-0.19630465,-0.35247776,0.1217832,0.007371101,0.34591624,-0.4331662,-0.18527982,0.13198008,-0.00936093,0.21171163,-0.28316462,-0.06170607,0.43293285,-0.13960375,-0.070405446,0.058856808,-0.056039833,-0.27603382,-0.17306882,-0.25556454,-0.0685918,0.31374934,0.42809436,0.11171631,0.2997695,-0.39678866,-0.087980986,0.09624992,0.14115842,0.36265734,-0.0053036194,-0.37442115,-0.0737102,-0.07677443,-0.10353631,-0.58996224,-0.14074726,0.14562881,0.2622785,0.021238219,0.32972312,0.05971872,influencer
sibungbung,-0.45271367,-0.28525478,0.16354926,-0.13901368,0.27043775,0.5402303,-0.13480753,0.13443942,0.13437255,0.50534606,-0.11830902,-0.2795899,-0.28811705,0.61586523,-0.31134635,0.16159667,-0.3307453,0.20253935,0.28497183,0.12952362,-0.17573419,-0.19223832,-0.23143923,0.2240654,-0.24186093,0.14713658,0.077643536,-0.22323096,-0.45964313,-0.25624502,-0.17856374,-0.41086346,-0.31295228,-0.2629069,0.058046963,0.44118583,-0.3356691,0.34396604,0.048200384,-0.10067524,-0.34630874,-0.07038032,-0.48967612,0.20431891,0.08824569,0.23196872,0.1283752,-0.08628044,0.20095354,0.25084847,0.4309043,-0.21572912,-0.23369479,-0.2179721,-0.068611376,-0.44833565,0.18520623,-0.3155722,0.27848545,0.19538182,0.16727334,-0.18233064,-0.01935597,-0.23713917,influencer
nana koot,-0.48647675,-0.31553203,0.15797982,-0.13861391,0.2763993,0.54202706,-0.12663522,0.14222662,0.14256431,0.50905246,-0.1092134,-0.28499642,-0.280415,0.6446033,-0.3251967,0.19023192,-0.34146595,0.20086497,0.29820192,0.14009279,-0.16397132,-0.18064633,-0.2102747,0.20165633,-0.25955048,0.17113382,0.081208214,-0.2437281,-0.48265117,-0.26972485,-0.2104349,-0.39481303,-0.31389576,-0.2753209,0.059355162,0.4625697,-0.34716225,0.31274322,0.027104363,-0.11472233,-0.35292882,-0.07775967,-0.480164,0.22204944,0.12044986,0.22815023,0.1334767,-0.08113629,0.19496298,0.24944642,0.48061118,-0.19735387,-0.26686925,-0.23440963,-0.05135324,-0.45508087,0.18498725,-0.34489918,0.30145958,0.22081687,0.18812814,-0.17503288,-0.018896561,-0.24331042,influencer
vindy lee,-0.050710015,0.038837433,-0.06932262,-0.043371312,-0.07877278,-0.07969506,-0.009469307,0.093364276,-0.019915013,0.03468976,0.030181311,0.034803536,-0.01604223,0.05019638,0.0065161083,0.037467353,-0.035138797,-0.05875379,-0.047089748,-0.07141326,0.049267627,0.088078484,-0.014335213,0.022679534,0.006378593,0.07414378,-0.021680316,-0.1091771,0.105161056,0.095197655,-0.010279395,-0.03379146,0.08399505,0.13907516,0.057464965,-0.013711916,-0.0058668326,0.01828606,0.0001789206,-0.101947784,-0.22719032,-0.030284531,0.014959648,0.049132477,-0.01410594,0.082826704,-0.008830378,0.057713967,0.113331586,-0.010028854,0.057160087,0.08321563,0.14008483,0.13418007,-0.029241696,0.050841548,0.05090353,0.035616897,-0.101957604,0.0048153633,-0.16660985,0.034322366,0.06344934,0.13492677,influencer
chef arnold,-0.046598636,0.032335747,-0.09070423,-0.020135988,-0.066172384,-0.09909629,-0.010105703,0.07569629,-0.035086744,0.04264711,0.038608506,0.035902694,-0.020068843,0.015186189,0.041226417,0.042745784,-0.0068006692,-0.053265184,-0.027691327,-0.09120467,0.06647972,0.08536126,-0.015647788,5.4729753e-05,0.021090155,0.06158001,-0.041980006,-0.068823434,0.10060368,0.08145544,-0.0030702953,-0.014891414,0.07607129,0.14300776,0.042126417,-0.0228303,-0.0067252074,0.00039791857,0.002936447,-0.07976805,-0.19746575,0.0015614007,0.041984215,0.022727348,-0.014864779,0.066106245,-0.026583029,0.04532416,0.07651417,-0.0055211857,0.06683638,0.07365718,0.11820605,0.14900753,-0.036131233,0.08587745,0.05132614,0.07327791,-0.10139833,-0.0030534973,-0.16585888,0.027779728,0.054616548,0.12795866,influencer
farah quinn,0.29982448,0.0372418,-0.769622,-0.01918114,-0.0044509796,-0.3869498,-0.046713054,-0.15251592,-0.57577467,0.031731885,0.17198117,0.53595537,-0.046255678,-0.4876758,0.27289242,0.17351407,0.4347164,0.23036414,0.12747656,-0.5035084,0.029127425,0.2183966,0.19784814,-0.1307036,0.19349074,0.10444553,-0.2494838,0.5342328,0.22479019,0.18823051,0.443975,0.11125512,0.3645381,0.08813393,0.073040366,-0.43631035,-0.31737733,0.16652954,0.13355029,0.16388866,0.11346094,0.32714644,0.33371937,-0.41036832,-0.11815749,-0.20610231,-0.2528654,0.3977361,-0.31286168,0.2569856,0.1290713,-0.1934326,0.23778927,0.23169544,-0.079014644,0.37903908,-0.18669304,0.3054164,-0.76703537,-0.18962485,-0.18186054,0.15739575,-0.3209157,-0.25959602,influencer
william gozali,0.0018625521,0.013174692,-0.09290317,0.06662047,-0.032597203,-0.108352005,-0.029885478,0.03275057,-0.0055709826,0.024039395,-0.046490528,0.009638932,-0.034253597,-0.042759337,0.14267455,-0.0183767,0.029626828,-0.057727084,-0.031172272,-0.1640777,0.109382674,0.081792414,-0.061573636,-0.06152207,0.059062928,0.0029380643,-0.08776556,-0.023771241,0.08700083,0.04416097,0.05876936,0.031135432,-0.02814319,0.18361567,0.0243323,-0.021743177,0.03599523,-0.002634652,0.03635113,-0.016673211,-0.17789051,0.025925431,0.0737729,-0.031350836,-0.061222613,0.035499625,-0.068038814,-0.07535152,0.038810935,0.0080911815,0.014706509,0.057732284,0.08998949,0.19875589,-0.070293084,0.17197393,0.037378043,0.13675256,-0.09188105,-0.054446775,-0.16122495,-0.021590717,0.110576764,0.13782904,influencer
chandra yudasswara,0.012075079,0.014313492,-0.09798652,0.048585705,-0.044070918,-0.09949118,-0.033775866,0.04486846,-0.004496572,0.0070611294,-0.058663413,0.029894978,-0.030731272,-0.022263553,0.1200178,-0.020026803,0.013264515,-0.055825796,-0.05161405,-0.16258965,0.094168976,0.095811784,-0.048372786,-0.04644773,0.046530187,0.020477194,-0.07400493,-0.05533977,0.09930363,0.065334514,0.06979963,0.021621175,-0.017316638,0.17900684,0.04516457,-0.030398143,0.028394433,0.022778267,0.039551947,-0.030029831,-0.20501152,-2.022789e-05,0.055806357,-0.018366069,-0.061838783,0.045135424,-0.05657889,-0.05892436,0.0632935,0.013700616,0.006350746,0.06542975,0.12296361,0.18732354,-0.06405802,0.14682359,0.023786586,0.092345566,-0.12054643,-0.0551057,-0.16309002,-0.008300665,0.11930239,0.13000368,influencer
devina hermawan,0.026947413,0.08898881,-0.025567185,-0.019244755,-0.06635657,-0.05103337,0.03732516,0.055483878,-0.0163252,0.002485724,-0.008178641,0.03387455,-0.011250328,-0.021449711,0.029136922,-0.05185257,0.0327986,-0.041766245,-0.077959806,-0.096687526,0.06765765,0.0061033214,-0.078491375,0.022887455,0.06107338,0.026570443,-0.060823373,-0.00956827,0.107318014,0.13594875,0.023335354,-0.07832435,0.06521229,0.18061772,0.04194534,-0.0022562323,0.05511235,0.0482515,-0.009707447,-0.042317167,-0.19807252,-0.009213513,0.045051306,0.017406713,-0.10472715,0.090907484,-0.056598045,0.008878897,0.09856287,-0.03460571,-0.062868655,0.044801056,0.12671602,0.18156391,-0.06702703,0.09273289,0.044556085,0.14716181,-0.09134454,-0.02583963,-0.1695365,-0.016718645,0.042402253,0.15749171,influencer
